run,fixture,observation,qply,path_ply,node_fen,move,gain,see_sign,alpha,beta,stand_pat,alpha_gap,move_score,move_bound,raised_alpha,beta_cutoff,best_changed,final_best_move,selected_line_cause,node_final_score,classification,occurrences
benchmark:kiwipete:2,kiwipete,11218,17,19,3r3B/p1p2p2/1n4p1/8/4k3/7p/PPP1KPPP/R6R b - - 0 10,h3g2,100,1,-115,-110,-735,520,-56,LOWER,true,true,true,true,static,-56,ordinary-nonchecking-capture,4
benchmark:kiwipete:3,kiwipete,25654,12,15,r3k3/p1p1qNb1/4Pn2/8/4P3/8/P1PKbPPP/R7 b q - 0 8,e7e6,100,1,590,616,48,442,607,EXACT,true,false,true,false,static,672,ordinary-nonchecking-capture,1
benchmark:kiwipete:3,kiwipete,25809,12,15,r3k3/p1p1qNb1/4Pn2/8/4P3/8/P1PKbPPP/R7 b q - 0 8,e7e6,100,1,590,618,48,442,607,EXACT,true,false,true,false,static,672,ordinary-nonchecking-capture,1
benchmark:kiwipete:2,kiwipete,7304,14,16,r2k4/p1p2p2/1n2P1p1/8/4P3/8/P1PBKP1P/b6R w - - 0 9,e6f7,100,1,473,477,-41,414,547,LOWER,true,true,true,true,static,547,ordinary-nonchecking-capture,2
benchmark:kiwipete:3,kiwipete,32171,8,11,r2k3r/p1p1q1b1/1n2PN2/6B1/4P3/2p5/PPP1bPPP/R3K2R b KQ - 0 6,c3b2,100,1,663,678,151,412,673,EXACT,true,false,true,true,static,673,ordinary-nonchecking-capture,1
benchmark:kiwipete:2,kiwipete,7425,14,16,r4k2/p1p2p2/1n2P1p1/8/4P3/8/P1PBKP1P/b6R w - - 0 9,e6f7,100,1,445,469,-58,403,475,LOWER,true,true,true,true,static,475,ordinary-nonchecking-capture,2
benchmark:kiwipete:3,kiwipete,20099,8,11,r3k3/p1p1q3/1n2PnpN/8/4P3/2p5/PPP1bPPP/R3K2R b KQq - 0 6,c3b2,100,1,599,671,99,400,624,EXACT,true,false,true,true,static,624,ordinary-nonchecking-capture,1
benchmark:kiwipete:3,kiwipete,32950,18,21,7r/p5b1/4Pk2/8/4P3/5K2/P1q2PPP/b6R b - - 1 11,f6e6,100,1,663,686,170,393,683,EXACT,true,false,true,true,static,683,ordinary-nonchecking-capture,1
benchmark:kiwipete:3,kiwipete,19536,8,11,r3k3/p1p1q3/1n2PnpN/8/4P3/2p5/PPP1bPPP/R3K2R b KQq - 0 6,c3b2,100,1,590,657,99,391,624,EXACT,true,false,true,true,static,624,ordinary-nonchecking-capture,2
benchmark:kiwipete:3,kiwipete,19603,8,11,r3k3/p1p5/bn2qnpN/8/4P3/2p5/PPP1BPPP/R3K2R b KQq - 0 6,c3b2,100,1,624,657,137,387,661,LOWER,true,true,true,true,static,661,ordinary-nonchecking-capture,1
benchmark:kiwipete:3,kiwipete,41599,17,20,7r/p1pk4/1n4p1/8/1P6/8/P1P2PpP/R4BK1 w - - 0 11,f1g2,100,1,273,296,-207,380,275,EXACT,true,false,true,true,static,275,same-target-q-recapture,3
benchmark:kiwipete:3,kiwipete,17217,8,11,r3k2N/p1p1q1b1/4Pnp1/8/4P3/2p5/PPPn1PPP/R3K2R b KQq - 0 6,c3b2,100,1,614,673,135,379,641,EXACT,true,false,true,true,static,641,ordinary-nonchecking-capture,1
benchmark:kiwipete:3,kiwipete,13943,10,13,4k2r/p1p2Nb1/1n3np1/8/4P3/2p5/PPPr1PPP/R4K1R b k - 1 7,c3b2,100,1,646,673,169,377,706,LOWER,true,true,true,true,static,706,ordinary-nonchecking-capture,1
benchmark:evasion:2,evasion,5434,19,21,r3k2N/Pppp3p/5p2/1P2n3/1Q6/8/4K1PP/8 b q - 0 11,a8a7,100,1,14,59,-462,376,23,EXACT,true,false,true,true,static,23,ordinary-nonchecking-capture,2
benchmark:kiwipete:3,kiwipete,11721,8,11,r3kq1N/p1p3b1/Bn2P1p1/8/8/2p5/PPPn1PPP/R3K2R b KQq - 0 6,c3b2,100,1,590,650,114,376,621,EXACT,true,false,true,true,static,621,ordinary-nonchecking-capture,2
benchmark:kiwipete:3,kiwipete,17534,8,11,r3k2N/p1p1q1b1/4Pnp1/8/4P3/2p5/PPPn1PPP/R3K2R b KQq - 0 6,c3b2,100,1,611,673,135,376,641,EXACT,true,false,true,true,static,641,ordinary-nonchecking-capture,1
benchmark:kiwipete:3,kiwipete,41241,17,20,7r/p1pp4/1n2k3/8/1P6/8/P1P2PpP/R4BK1 w - - 0 11,g1g2,100,1,273,281,-203,376,301,LOWER,true,true,true,true,static,301,same-target-q-recapture,3
corpus:tail-kiwipete-e1d1:full,tail-kiwipete-e1d1,6518,12,12,r6r/p1p1kPb1/1n3qp1/8/4P3/7p/PPPQ1PPP/R2K3R b - - 0 7,e7f7,100,1,176,257,-299,375,179,EXACT,true,false,true,true,static,179,same-target-q-recapture,2
benchmark:kiwipete:3,kiwipete,28462,22,25,2r5/p1pPk3/8/8/4n3/2P5/2K2PP1/8 b - - 0 13,e7d7,100,1,659,661,186,373,717,LOWER,true,true,true,true,static,717,same-target-q-recapture,2
benchmark:kiwipete:3,kiwipete,18289,16,19,r7/p1pPk1b1/8/8/1p2K3/2N5/PPP2PP1/r7 b - - 0 10,e7d7,100,1,673,693,201,372,806,LOWER,true,true,true,true,static,806,same-target-q-recapture,2
benchmark:kiwipete:3,kiwipete,41607,17,20,7r/p1pnk3/6p1/8/1P6/8/P1P2PpP/R4BK1 w - - 0 11,f1g2,100,1,273,275,-196,369,285,LOWER,true,true,true,true,static,285,same-target-q-recapture,3
benchmark:evasion:2,evasion,5538,19,21,r3k2N/Pppp3p/5p2/1P2n3/1Q6/8/5KPP/8 b q - 0 11,a8a7,100,1,1,23,-467,368,18,EXACT,true,false,true,true,static,18,ordinary-nonchecking-capture,2
benchmark:kiwipete:2,kiwipete,2426,11,13,r6N/p1pp2b1/Bn2k3/8/8/2p4p/PPP2PPP/R3K2R b KQ - 0 7,c3b2,100,1,-310,-283,-777,367,-274,LOWER,true,true,true,true,static,-274,ordinary-nonchecking-capture,1
benchmark:kiwipete:2,kiwipete,3697,11,13,r6N/p1pp2b1/Bn2k3/8/8/2p4p/PPP2PPP/R3K2R b KQ - 0 7,c3b2,100,1,-310,-301,-777,367,-274,LOWER,true,true,true,true,static,-274,ordinary-nonchecking-capture,2
benchmark:kiwipete:3,kiwipete,38587,10,13,r6N/p1pp2b1/Bn2k3/8/8/2p4p/PPP2PPP/R3K2R b KQ - 0 7,c3b2,100,1,-310,-256,-777,367,-274,EXACT,true,false,true,true,static,-274,ordinary-nonchecking-capture,1
benchmark:kiwipete:3,kiwipete,19794,8,11,r3k2N/p1p5/1n2qnpB/8/4P3/2p5/PPP1bPPP/R3K2R b KQq - 0 6,c3b2,100,1,657,671,194,363,714,LOWER,true,true,true,true,static,714,ordinary-nonchecking-capture,1
benchmark:kiwipete:3,kiwipete,28310,22,25,2r5/p1pPk3/8/8/4n3/2P5/2K2PP1/8 b - - 0 13,e7d7,100,1,647,661,186,361,717,LOWER,true,true,true,true,static,717,same-target-q-recapture,1
benchmark:middlegame:3,middlegame,31578,16,19,N5k1/4nppp/3p4/4p3/4P3/P7/1PP3bP/R3K3 b - - 0 19,g2e4,100,1,-64,-60,-525,361,37,LOWER,true,true,true,true,static,37,ordinary-nonchecking-capture,1
benchmark:kiwipete:3,kiwipete,13897,10,13,4k2r/p1p2Nb1/1n3np1/8/4P3/2p5/PPPr1PPP/R3K2R b k - 1 7,c3b2,100,1,646,673,186,360,723,LOWER,true,true,true,true,static,723,ordinary-nonchecking-capture,1
benchmark:kiwipete:3,kiwipete,20298,8,11,r3k2N/p1p5/1n2qnpB/8/4P3/2p5/PPP1bPPP/R3K2R b KQq - 0 6,c3b2,100,1,650,671,194,356,714,LOWER,true,true,true,true,static,714,ordinary-nonchecking-capture,1
benchmark:kiwipete:3,kiwipete,17328,8,11,r3k2N/p1p1q1b1/4Pnp1/8/4P3/2p5/PPPn1PPP/R3K2R b KQq - 0 6,c3b2,100,1,590,613,135,355,641,LOWER,true,true,true,true,static,641,ordinary-nonchecking-capture,2
benchmark:kiwipete:3,kiwipete,28329,22,25,2r5/p1pPk3/8/8/4n3/2P5/2K2PP1/8 b - - 0 13,e7d7,100,1,641,661,186,355,717,LOWER,true,true,true,true,static,717,same-target-q-recapture,1
benchmark:kiwipete:3,kiwipete,33238,18,21,3k3r/p7/4Pb2/8/4P3/8/P1q2PPP/b4K1R b - - 1 11,c2e4,100,1,663,670,209,354,698,LOWER,true,true,true,true,static,698,ordinary-nonchecking-capture,1
benchmark:kiwipete:3,kiwipete,19901,8,11,r3k2N/p1p1q3/1n2Pnp1/8/4P3/2p5/PPPbKPPP/R6R b q - 0 6,c3b2,100,1,590,671,137,353,650,EXACT,true,false,true,true,static,650,ordinary-nonchecking-capture,3
corpus:tail-kiwipete-e1d1:full,tail-kiwipete-e1d1,15136,10,10,r2k3N/p1pp1Pb1/bn6/8/4n3/7p/PPPpBPPP/R2K3R b - - 0 6,h3g2,100,1,282,291,-167,349,283,EXACT,true,false,true,true,static,283,ordinary-nonchecking-capture,1
benchmark:kiwipete:3,kiwipete,33228,18,21,3k3r/p5b1/4Pb2/8/4P3/8/P1q2PPP/5K1R b - - 1 11,c2e4,100,1,663,670,214,349,703,LOWER,true,true,true,true,static,703,ordinary-nonchecking-capture,1
corpus:tail-kiwipete-e1d1:full,tail-kiwipete-e1d1,6186,12,12,r2k3N/p1pp1Pb1/1n6/8/4n3/7p/PPPp1PPP/R2K3R b - - 0 7,h3g2,100,1,244,263,-203,347,246,EXACT,true,false,true,true,static,246,ordinary-nonchecking-capture,1
corpus:tail-kiwipete-e1d1:full,tail-kiwipete-e1d1,13109,12,12,r2k3N/p1pp1Pb1/1n6/8/4n3/7p/PPPp1PPP/R2K3R b - - 0 7,h3g2,100,1,244,282,-203,347,246,EXACT,true,false,true,true,static,246,ordinary-nonchecking-capture,1
benchmark:kiwipete:3,kiwipete,18308,16,19,r7/p1pPk1b1/8/8/1p2N3/4K3/PPP2PP1/r7 b - - 0 10,e7d7,100,1,673,693,226,347,780,LOWER,true,true,true,true,static,780,same-target-q-recapture,1
benchmark:kiwipete:3,kiwipete,41214,17,20,7r/p1pp4/Bn2k3/8/1P6/8/P1P2PpP/5RK1 w - - 0 11,g1g2,100,1,273,310,-173,346,331,LOWER,true,true,true,true,static,331,same-target-q-recapture,3
benchmark:kiwipete:3,kiwipete,14312,16,19,3r3r/p1p1kP2/1n6/8/4K3/8/P1P1bPPP/R7 b - - 0 10,e7f7,100,1,590,602,148,342,730,LOWER,true,true,true,true,static,730,same-target-q-recapture,1
corpus:tail-kiwipete-e1d1:full,tail-kiwipete-e1d1,4332,13,13,r2k3r/p1p2p2/1n2Pbp1/8/4P3/8/PPPK1PpP/R6R w - - 0 8,e6f7,100,1,-263,-261,-702,339,-258,LOWER,true,true,true,true,static,-258,ordinary-nonchecking-capture,1
benchmark:kiwipete:3,kiwipete,47413,8,11,r3k2r/p1pp1pb1/B4np1/8/1B6/5Q1p/PPP2PPP/3K3R b kq - 0 6,h3g2,100,1,-51,-32,-487,336,-32755,UPPER,false,false,false,false,mate,-487,mate,1
benchmark:evasion:3,evasion,13100,4,7,r2k3r/Pppp1ppp/1b3Nb1/nP6/BqPPP3/5N2/P5PP/Q4RK1 b - - 0 4,a8a7,100,1,416,543,-17,333,423,EXACT,true,false,true,true,static,423,ordinary-nonchecking-capture,2
corpus:three-capture-xray:lower,three-capture-xray,2,2,2,7k/8/8/p7/8/8/8/R6K w - - 0 2,a1a5,100,1,706,707,275,331,707,LOWER,true,true,true,true,static,707,same-target-q-recapture,1
benchmark:kiwipete:3,kiwipete,25482,6,9,r3k2N/p1p1q1b1/b3Pnp1/8/4P3/2p5/PPPnBPPP/R3K2R b KQq - 0 5,c3b2,100,1,602,664,173,329,678,LOWER,true,true,true,true,static,678,ordinary-nonchecking-capture,1
benchmark:kiwipete:3,kiwipete,32754,11,14,7r/p1N1qkb1/4pn2/3P2p1/4P3/8/P1PBKPPP/r6R w - - 0 8,c7e6,100,1,-686,-663,-1115,329,-655,LOWER,true,true,true,true,static,-655,ordinary-nonchecking-capture,1
benchmark:kiwipete:3,kiwipete,44019,16,19,2rk4/p1pP4/1n6/8/1p6/7P/PbPK1P1P/R6R b - - 0 10,d8d7,100,1,-286,-281,-715,329,-253,LOWER,true,true,true,true,static,-253,same-target-q-recapture,1
benchmark:kiwipete:2,kiwipete,11359,15,17,3r3B/p1p2p2/1n4p1/8/4P1k1/7p/PPP1bPPP/R3K2R b KQ - 0 9,h3g2,100,1,-81,-61,-509,328,-80,EXACT,true,false,true,true,static,-80,ordinary-nonchecking-capture,1
benchmark:kiwipete:3,kiwipete,66900,14,17,3r3B/p1p2p2/1n4p1/8/4P1k1/7p/PPP1bPPP/R3K2R b KQ - 0 9,h3g2,100,1,-81,-32,-509,328,-80,EXACT,true,false,true,true,static,-80,ordinary-nonchecking-capture,1
corpus:pinned-defender:lower,pinned-defender,0,0,0,4k3/3n4/8/1B2p3/5P2/8/8/4K3 w - - 0 1,f4e5,100,1,513,514,86,327,514,LOWER,true,true,true,true,static,514,ordinary-nonchecking-capture,1
benchmark:kiwipete:2,kiwipete,2488,11,13,r6N/p1pk2b1/Bn4p1/8/8/2p4p/PPP2PPP/R3K2R b KQ - 0 7,c3b2,100,1,-310,-283,-737,327,-263,LOWER,true,true,true,true,static,-263,ordinary-nonchecking-capture,1
benchmark:kiwipete:3,kiwipete,38650,10,13,r6N/p1pk2b1/Bn4p1/8/8/2p4p/PPP2PPP/R3K2R b KQ - 0 7,c3b2,100,1,-310,-274,-737,327,-263,LOWER,true,true,true,true,static,-263,ordinary-nonchecking-capture,1
benchmark:evasion:3,evasion,7063,4,7,r2k3r/Pppp1ppp/1b3Nb1/nP6/BqPNP3/8/P2P2PP/Q4RK1 b - - 0 4,a8a7,100,1,426,543,-1,327,439,EXACT,true,false,true,true,static,439,ordinary-nonchecking-capture,2
benchmark:kiwipete:2,kiwipete,11502,15,17,3r3B/p1p2p2/1n4p1/7k/4P3/7p/PPP1bPPP/R3K2R b KQ - 0 9,h3g2,100,1,-81,-61,-507,326,-78,EXACT,true,false,true,true,static,-78,ordinary-nonchecking-capture,1
benchmark:kiwipete:3,kiwipete,67048,14,17,3r3B/p1p2p2/1n4p1/7k/4P3/7p/PPP1bPPP/R3K2R b KQ - 0 9,h3g2,100,1,-81,-32,-507,326,-78,EXACT,true,false,true,true,static,-78,ordinary-nonchecking-capture,1
benchmark:kiwipete:3,kiwipete,20102,12,15,r3k3/p1p1q3/1n2PnpN/8/4P3/8/P1P1KPPP/R7 b q - 0 8,e7e6,100,1,599,624,176,323,670,LOWER,true,true,true,true,static,670,ordinary-nonchecking-capture,1
benchmark:kiwipete:2,kiwipete,7526,12,14,r2k4/p1p2pb1/1n2P1p1/8/4P3/8/PPPpKP1P/R6R w - - 0 8,e6f7,100,1,351,424,-70,321,517,LOWER,true,true,true,true,static,517,ordinary-nonchecking-capture,2
benchmark:kiwipete:3,kiwipete,25628,8,11,r3k3/p1p1qNb1/4Pn2/8/4P3/2p5/PPPnbPPP/R3K2R b KQq - 0 6,c3b2,100,1,590,616,171,319,672,LOWER,true,true,true,true,static,672,ordinary-nonchecking-capture,1
benchmark:kiwipete:3,kiwipete,25783,8,11,r3k3/p1p1qNb1/4Pn2/8/4P3/2p5/PPPnbPPP/R3K2R b KQq - 0 6,c3b2,100,1,590,618,171,319,672,LOWER,true,true,true,true,static,672,ordinary-nonchecking-capture,1
benchmark:evasion:3,evasion,1112,4,7,r2k3r/Pppp1ppp/1b3Nb1/nP6/BqP1P3/5N2/P2P2PP/Q4R1K b - - 0 4,a8a7,100,1,432,510,13,319,452,EXACT,true,false,true,true,static,452,ordinary-nonchecking-capture,1
benchmark:evasion:3,evasion,1604,4,7,r2k3r/Pppp1ppp/1b3Nb1/nP6/BqP1P3/5N2/P2P2PP/Q4R1K b - - 0 4,a8a7,100,1,432,543,13,319,452,EXACT,true,false,true,true,static,452,ordinary-nonchecking-capture,1
benchmark:kiwipete:3,kiwipete,24774,10,13,r3k2N/p1p3b1/q4np1/8/4P3/2p5/PPP2PPP/R3K2R b KQq - 0 7,c3b2,100,1,590,668,172,318,705,LOWER,true,true,true,true,static,705,ordinary-nonchecking-capture,1
benchmark:kiwipete:3,kiwipete,26056,6,9,r3k2N/p1p1q1b1/b3Pnp1/8/4P3/2p5/PPPnBPPP/R3K2R b KQq - 0 5,c3b2,100,1,590,649,173,317,678,LOWER,true,true,true,true,static,678,ordinary-nonchecking-capture,2
benchmark:kiwipete:2,kiwipete,1233,13,15,3k3r/p1pP4/B5p1/8/1p6/7p/P1PB1PPP/b3K2R b K - 0 8,h3g2,100,1,-365,-360,-781,316,-359,LOWER,true,true,true,true,static,-359,ordinary-nonchecking-capture,4
benchmark:kiwipete:3,kiwipete,18293,16,19,r7/p1pPk1b1/8/8/1p2N3/3K4/PPP2PP1/r7 b - - 0 10,e7d7,100,1,673,693,258,315,812,LOWER,true,true,true,true,static,812,same-target-q-recapture,1
benchmark:kiwipete:3,kiwipete,19539,12,15,r3k3/p1p1q3/1n2PnpN/8/4P3/8/P1P1KPPP/R7 b q - 0 8,e7e6,100,1,590,624,176,314,670,LOWER,true,true,true,true,static,670,ordinary-nonchecking-capture,2
benchmark:kiwipete:3,kiwipete,49202,14,17,r6N/p1pp4/1n1k4/8/4n3/2P4p/P1P2PPP/R3K2R b KQ - 0 9,h3g2,100,1,-50,-32,-462,312,-37,EXACT,true,false,true,true,static,-37,ordinary-nonchecking-capture,1
corpus:tail-kiwipete-e1d1:full,tail-kiwipete-e1d1,2122,14,14,r6r/p1ppkPb1/1n3n2/8/4P3/8/PPPK1P1P/R6Q b - - 0 8,e7f7,100,1,217,230,-194,311,221,EXACT,true,false,true,true,static,221,ordinary-nonchecking-capture,4
corpus:tail-kiwipete-e1d1:full,tail-kiwipete-e1d1,17648,13,13,r2k3r/p1p2p2/1n2Pbp1/8/4P3/8/PPPK1PpP/R6R w - - 0 8,e6f7,100,1,-291,-261,-702,311,-258,LOWER,true,true,true,true,static,-258,ordinary-nonchecking-capture,1
benchmark:kiwipete:3,kiwipete,17221,12,15,r3k2N/p1p1q1b1/4Pnp1/8/4P3/8/P1PK1PPP/R7 b q - 0 8,e7e6,100,1,614,641,203,311,725,LOWER,true,true,true,true,static,725,ordinary-nonchecking-capture,1
corpus:tail-kiwipete-e1d1:full,tail-kiwipete-e1d1,10287,16,16,r6r/p1pN2b1/1n2k1p1/8/4P3/7p/PPPK1PPP/R6R b - - 0 9,h3g2,100,1,201,217,-208,309,202,EXACT,true,false,true,true,static,202,ordinary-nonchecking-capture,1
corpus:tail-kiwipete-e1d1:full,tail-kiwipete-e1d1,13459,12,12,7r/p1pkq1b1/1n3np1/8/4P3/5Q1p/PPPK1PPP/R6R b - - 0 7,e7e4,100,1,282,291,-127,309,297,LOWER,true,true,true,true,static,297,ordinary-nonchecking-capture,1
corpus:tail-kiwipete-e1d1:full,tail-kiwipete-e1d1,3129,16,16,r6r/p1pN1kb1/1n4p1/8/4P3/7p/PPPK1PPP/R6R b - - 0 9,h3g2,100,1,206,217,-202,308,208,EXACT,true,false,true,true,static,208,ordinary-nonchecking-capture,2
benchmark:kiwipete:2,kiwipete,4310,13,15,r6N/p1pn2b1/B2k4/8/8/2n4p/PPP2PPP/R3K2R b KQ - 0 8,h3g2,100,1,-303,-283,-711,308,-292,EXACT,true,false,true,true,static,-292,ordinary-nonchecking-capture,1
benchmark:kiwipete:3,kiwipete,17538,12,15,r3k2N/p1p1q1b1/4Pnp1/8/4P3/8/P1PK1PPP/R7 b q - 0 8,e7e6,100,1,611,641,203,308,725,LOWER,true,true,true,true,static,725,ordinary-nonchecking-capture,1
benchmark:kiwipete:3,kiwipete,31657,8,11,r3k2b/p1p1q3/1n2Pn2/6B1/4P3/2p5/PPP1bPPP/R3K2R b KQq - 0 6,c3b2,100,1,590,657,182,308,703,LOWER,true,true,true,true,static,703,ordinary-nonchecking-capture,1
benchmark:kiwipete:3,kiwipete,40611,12,15,r6N/p1pn2b1/B2k4/8/8/2n4p/PPP2PPP/R3K2R b KQ - 0 8,h3g2,100,1,-303,-281,-711,308,-292,EXACT,true,false,true,true,static,-292,ordinary-nonchecking-capture,1
benchmark:kiwipete:3,kiwipete,25618,14,17,r3k3/p1p2Nb1/4qn2/8/4P3/8/P1PK1PPP/R7 b q - 0 9,e6e4,100,1,616,618,209,307,859,LOWER,true,true,true,true,static,859,ordinary-nonchecking-capture,1
corpus:tail-kiwipete-e1d1:full,tail-kiwipete-e1d1,3110,16,16,r6r/p1pNk1b1/1n4p1/8/4P3/7p/PPPK1PPP/R6R b - - 0 9,h3g2,100,1,202,217,-204,306,206,EXACT,true,false,true,true,static,206,ordinary-nonchecking-capture,2
benchmark:kiwipete:3,kiwipete,24901,10,13,r3k2N/p1pp2b1/q4n2/8/4P3/2p5/PPP2PPP/R3K2R b KQq - 0 7,c3b2,100,1,599,664,193,306,690,LOWER,true,true,true,true,static,690,ordinary-nonchecking-capture,1
benchmark:kiwipete:3,kiwipete,20163,8,11,r3k2N/p1p5/1n2qnpB/8/4P3/2p5/PPP1bPPP/R3K2R b KQq - 0 6,c3b2,100,1,599,671,194,305,714,LOWER,true,true,true,true,static,714,ordinary-nonchecking-capture,1
corpus:ep-winning:lower,ep-winning,0,0,0,4k3/8/8/3pP3/8/8/8/4K3 w - d6 0 1,e5d6,100,1,433,434,29,304,434,LOWER,true,true,true,true,static,434,en-passant,1
corpus:tail-kiwipete-e1d1:full,tail-kiwipete-e1d1,3090,16,16,r6r/p1pN2b1/1n2k1p1/8/4P3/7p/PPPK1PPP/R6R b - - 0 9,h3g2,100,1,194,217,-208,302,202,EXACT,true,false,true,true,static,202,ordinary-nonchecking-capture,1
benchmark:tactical:3,tactical,12,3,6,8/4k3/8/1Q1p4/8/8/8/4K3 w - - 0 4,b5d5,100,1,1072,1080,671,301,1293,LOWER,true,true,true,true,static,1293,same-target-q-recapture,1
corpus:tail-evasion-:full,tail-evasion-,850,5,5,r3k2r/Pppp1ppp/1b3nbN/nP6/2PPP3/B4N2/P5PP/3B1RK1 b kq - 0 3,b6a7,100,1,398,410,-2,300,405,EXACT,true,false,true,true,static,405,ordinary-nonchecking-capture,2
corpus:tail-kiwipete-e1d1:full,tail-kiwipete-e1d1,13508,12,12,7r/p1pkq1b1/1n3np1/8/4P3/7p/PPPKQPPP/R6R b - - 0 7,e7e4,100,1,282,291,-117,299,297,LOWER,true,true,true,true,static,297,ordinary-nonchecking-capture,1
benchmark:evasion:2,evasion,4470,9,11,r3k3/Pppp2pp/1b3nN1/qP6/2PPP3/5Q2/6PP/5RK1 b q - 0 6,a5a7,100,1,18,23,-381,299,46,LOWER,true,true,true,true,static,46,ordinary-nonchecking-capture,2
benchmark:kiwipete:3,kiwipete,17223,14,17,r3k3/p1p3b1/4qnN1/8/4P3/8/P1PK1PPP/R7 b q - 0 9,e6e4,100,1,614,641,215,299,859,LOWER,true,true,true,true,static,859,ordinary-nonchecking-capture,1
benchmark:kiwipete:3,kiwipete,43987,8,11,2rk3N/p1pp2b1/1n2p3/3P4/1p2n3/2N4p/PPPB1PPP/R3K2R b KQ - 0 6,h3g2,100,1,-286,-273,-685,299,-272,LOWER,true,true,true,true,static,-272,ordinary-nonchecking-capture,1
corpus:tail-evasion-:full,tail-evasion-,122,5,5,r3k2r/Pppp1ppp/1b3nbN/nP6/B1P1P3/B4N2/P2P2PP/3R3K b kq - 0 3,b6a7,100,1,466,621,68,298,474,EXACT,true,false,true,true,static,474,ordinary-nonchecking-capture,2
corpus:tail-evasion-:full,tail-evasion-,133,5,5,r3k2r/Pppp1ppp/1b3nbN/nP6/2P1P3/B4N2/P2P2PP/3B1R1K b kq - 0 3,b6a7,100,1,434,474,36,298,442,EXACT,true,false,true,true,static,442,ordinary-nonchecking-capture,2
benchmark:kiwipete:3,kiwipete,17577,10,13,r3k2N/p1p2qb1/5n2/8/4P3/2p5/PPPn1PPP/R3K2R b KQq - 0 7,c3b2,100,1,611,673,213,298,686,LOWER,true,true,true,true,static,686,ordinary-nonchecking-capture,1
benchmark:kiwipete:3,kiwipete,32947,18,21,7r/p5b1/4Pk2/8/4P3/4K3/P1q2PPP/b6R b - - 1 11,f6e6,100,1,663,686,265,298,790,LOWER,true,true,true,true,static,790,ordinary-nonchecking-capture,1
benchmark:kiwipete:3,kiwipete,3040,8,11,r3k2N/p1p1q3/1n2P1p1/8/4n3/2p5/PPP1bPPP/R3K2R b KQq - 0 6,c3b2,100,1,817,825,420,297,892,LOWER,true,true,true,true,static,892,ordinary-nonchecking-capture,1
benchmark:kiwipete:3,kiwipete,25651,14,17,r3k3/p1p2Nb1/4qn2/8/4P3/8/P1PK1PPP/R7 b q - 0 9,e6e4,100,1,606,616,209,297,859,LOWER,true,true,true,true,static,859,ordinary-nonchecking-capture,1
benchmark:kiwipete:3,kiwipete,25777,14,17,r3k3/p1p2Nb1/4qn2/8/4P3/8/P1PK1PPP/R7 b q - 0 9,e6e4,100,1,606,618,209,297,859,LOWER,true,true,true,true,static,859,ordinary-nonchecking-capture,2
benchmark:middlegame:3,middlegame,37038,12,15,B7/2p2pkp/p2p4/2b5/3pP3/P2b4/1PP2PPP/R5K1 b - - 0 17,d3c2,100,1,-104,-59,-501,297,-39,LOWER,true,true,true,true,static,-39,ordinary-nonchecking-capture,1
corpus:ep-defended:upper,ep-defended,1,1,1,4k3/8/3P4/8/3r4/8/8/4K3 b - - 0 1,d4d6,100,1,681,682,285,296,734,LOWER,true,true,true,true,static,734,same-target-q-recapture,1
corpus:ep-black:upper,ep-black,1,1,1,4k3/8/8/3R4/8/3p4/8/4K3 w - - 0 2,d5d3,100,1,681,682,285,296,734,LOWER,true,true,true,true,static,734,same-target-q-recapture,1
corpus:tactical:lower,tactical,8,4,4,4k3/8/8/3p4/8/3Q4/8/4K3 w - - 0 3,d3d5,100,1,1071,1072,675,296,1187,LOWER,true,true,true,true,static,1187,same-target-q-recapture,2
benchmark:kiwipete:3,kiwipete,17540,14,17,r3k3/p1p3b1/4qnN1/8/4P3/8/P1PK1PPP/R7 b q - 0 9,e6e4,100,1,611,641,215,296,859,LOWER,true,true,true,true,static,859,ordinary-nonchecking-capture,1
benchmark:kiwipete:3,kiwipete,50735,4,7,r5kN/p1pp1pb1/Bn2pq2/3P4/1p2P3/2N4p/PPPB1PPP/R3K2R b KQ - 0 4,h3g2,100,1,18,166,-378,296,40,EXACT,true,false,true,true,static,40,ordinary-nonchecking-capture,1
benchmark:kiwipete:3,kiwipete,19906,14,17,r3k3/p1p5/1n2qnN1/8/4P3/8/P1PK1PPP/R7 b q - 0 9,e6e4,100,1,590,650,195,295,852,LOWER,true,true,true,true,static,852,ordinary-nonchecking-capture,6
benchmark:kiwipete:3,kiwipete,44352,18,21,7r/p1NPk3/Bn6/8/1p6/8/PbPK1P1P/7R b - - 0 11,e7d7,100,1,-280,-277,-675,295,-218,LOWER,true,true,true,true,static,-218,same-target-q-recapture,1
benchmark:kiwipete:3,kiwipete,50268,12,15,r7/p1pPqpk1/B5p1/8/4n3/7P/PPP2P1P/R3K2R b KQ - 0 8,e7d7,100,1,182,227,-213,295,275,LOWER,true,true,true,true,static,275,same-target-q-recapture,1
benchmark:kiwipete:3,kiwipete,32813,15,18,7r/p3qkb1/4N3/3P2p1/8/8/P1PBKPPP/7r w - - 0 10,d2g5,100,1,-686,-663,-1080,294,-616,LOWER,true,true,true,true,static,-616,ordinary-nonchecking-capture,1
corpus:tail-evasion-:full,tail-evasion-,847,5,5,r3k2r/Pppp1ppp/1b3nbN/nP6/2PPP3/B4N2/P5PP/3B1RK1 b kq - 0 3,a8a7,100,1,391,410,-2,293,398,EXACT,true,false,true,false,static,405,ordinary-nonchecking-capture,2
corpus:tail-evasion-:lower,tail-evasion-,312,5,5,r3k2r/Pppp1ppp/1b3nbN/nP6/2PPP3/B4N2/P5PP/3B1RK1 b kq - 0 3,a8a7,100,1,391,392,-2,293,398,LOWER,true,true,true,true,static,398,ordinary-nonchecking-capture,1
benchmark:kiwipete:2,kiwipete,1777,13,15,3k3r/p1pP4/B5p1/8/1p6/7p/P1PB1PPP/b3K2R b K - 0 8,d8d7,100,1,-388,-360,-781,293,-365,EXACT,true,false,true,false,static,-359,same-target-q-recapture,2
benchmark:kiwipete:2,kiwipete,2091,1,3,r3k2r/p1ppqpb1/Bn2p1p1/3PN3/1p2N3/5Q1p/PPPB1PPP/R3K2R b KQkq - 0 2,h3g2,100,1,-300,-283,-693,293,-256,LOWER,true,true,true,true,static,-256,ordinary-nonchecking-capture,1
benchmark:kiwipete:3,kiwipete,25378,10,13,r3k3/p1p2Nb1/q4n2/8/4P3/2p5/PPPn1PPP/R3K2R b KQq - 0 7,c3b2,100,1,610,632,217,293,652,LOWER,true,true,true,true,static,652,ordinary-nonchecking-capture,1
benchmark:kiwipete:3,kiwipete,38115,0,3,r3k2r/p1ppqpb1/Bn2p1p1/3PN3/1p2N3/5Q1p/PPPB1PPP/R3K2R b KQkq - 0 2,h3g2,100,1,-300,-211,-693,293,-256,EXACT,true,false,true,true,static,-256,ordinary-nonchecking-capture,1
corpus:tail-evasion-:upper,tail-evasion-,242,5,5,r3k2r/Pppp1ppp/1b3nbN/nP6/2PPP3/B4N2/P5PP/3B1RK1 b kq - 0 3,a8a7,100,1,390,391,-2,292,398,LOWER,true,true,true,true,static,398,ordinary-nonchecking-capture,1
benchmark:kiwipete:2,kiwipete,1225,13,15,3k3r/p1pP4/B5p1/8/1p6/7p/P1PB1PPP/b3K2R b K - 0 8,d8d7,100,1,-389,-360,-781,292,-365,EXACT,true,false,true,false,static,-359,same-target-q-recapture,2
benchmark:evasion:2,evasion,7053,15,17,r4k1N/Pppp2pp/8/nP6/q1P1Q3/8/P3K1PP/R7 b - - 0 9,a8a7,100,1,-99,7,-491,292,-86,EXACT,true,false,true,true,static,-86,ordinary-nonchecking-capture,2
benchmark:kiwipete:3,kiwipete,4081,18,21,r3k3/p1p5/1n2P1N1/8/8/4K3/q5PP/7R b q - 0 11,a2g2,100,1,771,777,379,292,773,EXACT,true,false,true,false,static,841,ordinary-nonchecking-capture,1
benchmark:kiwipete:3,kiwipete,19904,12,15,r3k2N/p1p1q3/1n2Pnp1/8/4P3/8/P1PK1PPP/R7 b q - 0 8,e7e6,100,1,590,650,199,291,712,LOWER,true,true,true,true,static,712,ordinary-nonchecking-capture,3
benchmark:kiwipete:3,kiwipete,32316,10,13,r2k3r/p1p1q1b1/1n2PN2/6p1/4P3/8/PPPK1PPP/R6R b - - 0 7,e7e6,100,1,663,686,272,291,679,EXACT,true,false,true,true,static,679,ordinary-nonchecking-capture,1
corpus:tail-kiwipete-e1d1:full,tail-kiwipete-e1d1,3070,16,16,r6r/p1pN2b1/1n4p1/6k1/4P3/7p/PPPK1PPP/R6R b - - 0 9,h3g2,100,1,173,217,-216,289,194,EXACT,true,false,true,true,static,194,ordinary-nonchecking-capture,1
benchmark:kiwipete:2,kiwipete,967,9,11,r3k2N/p1pp2b1/B3p3/3n4/1p2P3/7p/PPPB1PPP/R3K2R b KQ - 0 6,h3g2,100,1,-664,-467,-1053,289,-660,EXACT,true,false,true,true,static,-660,ordinary-nonchecking-capture,2
corpus:tail-evasion-f1f2:full,tail-evasion-f1f2,641,8,8,r3k2r/Pppp1ppp/6bN/nP6/2P1n3/B4N2/P2P2PP/3BK3 b kq - 0 5,a8a7,100,1,855,881,467,288,870,EXACT,true,false,true,true,static,870,ordinary-nonchecking-capture,1
benchmark:evasion:2,evasion,2008,5,7,r3k2r/Pppp1ppp/5nbN/nPb5/B1P1P3/5Q2/P2P2PP/R4K2 b kq - 1 4,c5a7,100,1,176,331,-212,288,184,EXACT,true,false,true,true,static,184,ordinary-nonchecking-capture,1
benchmark:evasion:2,evasion,2029,5,7,r3k2r/Pppp1ppp/5nbN/nPb5/B1P1P3/5Q2/P2P2PP/R6K b kq - 1 4,c5a7,100,1,156,184,-232,288,163,EXACT,true,false,true,true,static,163,ordinary-nonchecking-capture,2
benchmark:evasion:2,evasion,2434,5,7,r3k2r/Pppp1ppp/5nbN/nPb5/B1P1P3/5Q2/P2P2PP/R6K b kq - 0 4,c5a7,100,1,156,331,-232,288,163,EXACT,true,false,true,true,static,163,ordinary-nonchecking-capture,1
benchmark:evasion:3,evasion,4071,4,7,r3k2r/Pppp1ppp/5nbN/nPb5/B1P1P3/5Q2/P2P2PP/R4K2 b kq - 1 4,c5a7,100,1,176,366,-212,288,184,EXACT,true,false,true,true,static,184,ordinary-nonchecking-capture,1
benchmark:evasion:3,evasion,4497,4,7,r3k2r/Pppp1ppp/5nbN/nPb5/B1P1P3/5Q2/P2P2PP/R6K b kq - 0 4,c5a7,100,1,156,543,-232,288,163,EXACT,true,false,true,true,static,163,ordinary-nonchecking-capture,1
corpus:tail-kiwipete-e1d1:full,tail-kiwipete-e1d1,4102,13,13,r3k2b/p1pp1p2/1n2q3/8/4n3/5Q2/PPP2PpP/R1K4R w q - 0 8,f3g2,100,1,-263,-261,-650,287,-246,LOWER,true,true,true,true,static,-246,same-target-q-recapture,1
benchmark:kiwipete:3,kiwipete,14241,16,19,3r3r/p1p1kP2/1n6/8/4n3/8/P1P1KPPP/R7 b - - 0 10,e7f7,100,1,590,602,203,287,684,LOWER,true,true,true,true,static,684,same-target-q-recapture,2
benchmark:kiwipete:3,kiwipete,17332,12,15,r3k2N/p1p1q1b1/4Pnp1/8/4P3/8/P1PK1PPP/R7 b q - 0 8,e7e6,100,1,590,613,203,287,725,LOWER,true,true,true,true,static,725,ordinary-nonchecking-capture,2
benchmark:kiwipete:3,kiwipete,18280,16,19,r7/p1pPk1b1/8/8/1p2N3/8/PPP1KPP1/r7 b - - 0 10,e7d7,100,1,673,693,286,287,798,LOWER,true,true,true,true,static,798,same-target-q-recapture,1
benchmark:evasion:2,evasion,2428,5,7,r3k2r/Pppp1ppp/5nbN/nPb5/B1P1P3/5Q2/P2P2PP/R6K b kq - 0 4,a8a7,100,1,154,331,-232,286,156,EXACT,true,false,true,false,static,163,ordinary-nonchecking-capture,1
benchmark:evasion:2,evasion,7761,3,5,r3k2r/Pppp1ppp/1b3nbN/nP6/QBPPP3/5N2/P5PP/R5K1 b kq - 0 3,a8a7,100,1,-242,117,-628,286,-238,EXACT,true,false,true,true,static,-238,ordinary-nonchecking-capture,1
benchmark:kiwipete:3,kiwipete,13724,18,21,2Bk4/p1pPq3/1n4p1/8/8/5K2/PbP2PP1/7R b - - 1 11,b6d7,100,1,590,650,204,286,677,LOWER,true,true,true,true,static,677,ordinary-nonchecking-capture,1
benchmark:kiwipete:3,kiwipete,45314,4,7,r6r/p1pp1kb1/Bn2p1p1/3N4/1p2P3/7p/PPPB1PPP/R3K2R b KQ - 0 4,h3g2,100,1,8,19,-378,286,25,LOWER,true,true,true,true,static,25,ordinary-nonchecking-capture,1
benchmark:kiwipete:3,kiwipete,50176,4,7,r3k2N/p1pp2b1/Bn2pqp1/3P4/1p2P3/2N4p/PPPB1PPP/R3K2R b KQ - 0 4,h3g2,100,1,10,188,-376,286,12,EXACT,true,false,true,true,static,12,ordinary-nonchecking-capture,1
benchmark:evasion:3,evasion,4491,4,7,r3k2r/Pppp1ppp/5nbN/nPb5/B1P1P3/5Q2/P2P2PP/R6K b kq - 0 4,a8a7,100,1,154,543,-232,286,156,EXACT,true,false,true,false,static,163,ordinary-nonchecking-capture,1
benchmark:evasion:3,evasion,11957,2,5,r3k2r/Pppp1ppp/1b3nbN/nP6/QBPPP3/5N2/P5PP/R5K1 b kq - 0 3,a8a7,100,1,-242,348,-628,286,-238,EXACT,true,false,true,true,static,-238,ordinary-nonchecking-capture,1
corpus:tail-kiwipete-e1d1:full,tail-kiwipete-e1d1,2133,15,15,r4k1r/p1pp2b1/1n3n2/8/4P3/8/PPPpKP1P/R6Q w - - 0 9,e2d2,100,1,-221,-217,-606,285,-182,LOWER,true,true,true,true,static,-182,ordinary-nonchecking-capture,12
benchmark:kiwipete:3,kiwipete,36486,8,11,N4k1r/p2p1pb1/B3p1p1/8/1p2q3/4B2p/PPP2PPP/R3K2R b KQ - 1 6,h3g2,100,1,293,317,-92,285,354,LOWER,true,true,true,true,static,354,ordinary-nonchecking-capture,1
corpus:tail-kiwipete-e1d1:full,tail-kiwipete-e1d1,6462,6,6,r3k2r/p1ppNpb1/1n2pn2/3P4/4P3/7p/PPPpQPPP/R2K3R b kq - 0 4,h3g2,100,1,196,263,-188,284,244,EXACT,true,false,true,true,static,244,ordinary-nonchecking-capture,1
corpus:tail-kiwipete-e1d1:full,tail-kiwipete-e1d1,17592,6,6,r3k2r/p1ppNpb1/1n2pn2/3P4/4P3/7p/PPPpQPPP/R2K3R b kq - 0 4,h3g2,100,1,196,291,-188,284,244,EXACT,true,false,true,true,static,244,ordinary-nonchecking-capture,1
benchmark:kiwipete:2,kiwipete,11231,15,17,3r3B/p1p2p2/1n4p1/8/4Pk2/7p/PPP1bPPP/R3K2R b KQ - 0 9,h3g2,100,1,-115,-61,-498,283,-69,EXACT,true,false,true,true,static,-69,ordinary-nonchecking-capture,1
benchmark:kiwipete:3,kiwipete,32183,8,11,r4k1r/p1p1q1b1/1n2pN2/3P2B1/4P3/2p5/PPP1KPPP/R6R b - - 0 6,c3b2,100,1,673,677,290,283,806,LOWER,true,true,true,true,static,806,ordinary-nonchecking-capture,1
benchmark:kiwipete:3,kiwipete,51243,6,9,r3kN1r/p1pp1p2/Bn2pb2/3P4/4P3/7p/PPPK1PPP/R6R b kq - 0 5,h3g2,100,1,136,243,-247,283,189,EXACT,true,false,true,true,static,189,ordinary-nonchecking-capture,1
benchmark:kiwipete:3,kiwipete,66772,14,17,3r3B/p1p2p2/1n4p1/8/4Pk2/7p/PPP1bPPP/R3K2R b KQ - 0 9,h3g2,100,1,-115,-32,-498,283,-69,EXACT,true,false,true,true,static,-69,ordinary-nonchecking-capture,1
benchmark:kiwipete:3,kiwipete,31688,10,13,r3k2b/p1p5/1n2Pq2/8/4P3/2p5/PPP1bPPP/R3K2R b KQq - 0 7,c3b2,100,1,590,657,208,282,664,LOWER,true,true,true,true,static,664,ordinary-nonchecking-capture,1
corpus:tactical:lower,tactical,10,2,2,4k3/8/2p5/3p4/4P3/3Q4/8/4K3 w - - 0 2,e4d5,100,1,1071,1072,690,281,1072,LOWER,true,true,true,true,static,1072,same-target-q-recapture,1
corpus:tail-evasion-f1f2:full,tail-evasion-f1f2,528,6,6,r3k2r/Pppp1ppp/5nbN/nP6/2P1P3/B4N2/P2P1KPP/3B4 b kq - 0 4,a8a7,100,1,696,938,315,281,719,EXACT,true,false,true,false,static,855,ordinary-nonchecking-capture,1
corpus:tail-evasion-f1f2:upper,tail-evasion-f1f2,150,6,6,r3k2r/Pppp1ppp/5nbN/nP6/2P1P3/B4N2/P2P1KPP/3B4 b kq - 0 4,a8a7,100,1,696,697,315,281,719,LOWER,true,true,true,true,static,719,ordinary-nonchecking-capture,1
corpus:nonchecking-capture-dead-draw:upper,nonchecking-capture-dead-draw,0,0,0,4k3/8/8/8/8/8/3r4/4K3 w - - 0 1,e1d2,500,1,0,1,-781,281,0,UPPER,false,false,true,true,insufficient,0,insufficient,1
benchmark:kiwipete:3,kiwipete,22624,10,13,r3k2N/p1p5/1n2qnp1/8/4P3/2p5/PPP1bPPP/R3K2R b q - 0 7,c3b2,100,1,889,919,508,281,1033,LOWER,true,true,true,true,static,1033,ordinary-nonchecking-capture,2
benchmark:kiwipete:3,kiwipete,55237,6,9,r6r/p1p1kPb1/B4qp1/8/1pn1P3/2N4p/PPPB1PPP/R3K2R b KQ - 0 5,f6f7,100,1,279,289,-102,281,294,LOWER,true,true,true,true,static,294,same-target-q-recapture,1
corpus:tail-evasion-f1f2:lower,tail-evasion-f1f2,56,6,6,r3k2r/Pppp1ppp/5nbN/nP6/2P1P3/B4N2/P2P1KPP/3B4 b kq - 0 4,a8a7,100,1,695,696,315,280,719,LOWER,true,true,true,true,static,719,ordinary-nonchecking-capture,1
corpus:nonchecking-capture-dead-draw:lower,nonchecking-capture-dead-draw,0,0,0,4k3/8/8/8/8/8/3r4/4K3 w - - 0 1,e1d2,500,1,-1,0,-781,280,0,LOWER,true,true,true,true,insufficient,0,insufficient,1
benchmark:evasion:2,evasion,3259,5,7,r3k2r/Pppp1ppp/5nbN/nPb5/Q1P1P3/5N2/P2P2PP/R4K2 b kq - 1 4,a8a7,100,1,146,156,-234,280,159,LOWER,true,true,true,true,static,159,ordinary-nonchecking-capture,1
benchmark:kiwipete:3,kiwipete,53068,2,5,r3k3/p1pp1pb1/Bn2pqpB/3PN3/1p2P3/2N4p/PPP2PPP/R3K2R b KQq - 0 3,h3g2,100,1,31,250,-349,280,74,EXACT,true,false,true,true,static,74,ordinary-nonchecking-capture,1
benchmark:evasion:3,evasion,5317,4,7,r3k2r/Pppp1ppp/5nbN/nPb5/Q1P1P3/5N2/P2P2PP/R4K2 b kq - 1 4,a8a7,100,1,146,381,-234,280,159,EXACT,true,false,true,true,static,159,ordinary-nonchecking-capture,1
benchmark:kiwipete:3,kiwipete,11812,10,13,r3k2N/p1p2qb1/Bn6/8/8/2p5/PPPn1PPP/R3K2R b KQq - 0 7,c3b2,100,1,590,650,211,279,717,LOWER,true,true,true,true,static,717,ordinary-nonchecking-capture,1
benchmark:kiwipete:3,kiwipete,51807,12,15,3k4/p1pPqp2/1n4p1/4b3/4P3/7P/PPPK1P1P/R6R b - - 0 8,d8d7,100,1,53,73,-326,279,112,LOWER,true,true,true,true,static,112,same-target-q-recapture,1
corpus:tail-kiwipete-e1d1:full,tail-kiwipete-e1d1,743,12,12,r4k1r/p2P1pb1/1n4p1/4N3/8/7p/PPPnKPPP/R6R b - - 0 7,h3g2,100,1,253,261,-125,278,261,LOWER,true,true,true,true,static,261,ordinary-nonchecking-capture,2
corpus:tail-evasion-f1f2:full,tail-evasion-f1f2,635,8,8,r3k2r/Pppp1ppp/6bN/nP6/B1P1n3/B4N2/P2P2PP/3K4 b kq - 0 5,a8a7,100,1,855,938,477,278,881,EXACT,true,false,true,true,static,881,ordinary-nonchecking-capture,1
benchmark:kiwipete:3,kiwipete,44038,14,17,2rk3N/p1pP4/1n6/8/1p6/7P/PbPn1P1P/R3K2R b KQ - 0 9,d8d7,100,1,-281,-273,-659,278,-191,LOWER,true,true,true,true,static,-191,same-target-q-recapture,1
benchmark:kiwipete:3,kiwipete,52564,2,5,2B1k2r/p1pp1pb1/1n2pqp1/3PN3/1p2P3/2N4p/PPPB1PPP/R3K2R b KQk - 0 3,h3g2,100,1,35,158,-343,278,96,EXACT,true,false,true,true,static,96,ordinary-nonchecking-capture,1
benchmark:kiwipete:3,kiwipete,13742,16,19,4k3/p1pnq3/4P1p1/4b3/4K3/8/PPP2PP1/7R b - - 0 10,e7e6,100,1,590,650,214,276,839,LOWER,true,true,true,true,static,839,ordinary-nonchecking-capture,1
benchmark:kiwipete:3,kiwipete,65348,12,15,3k3r/p1pP4/b5p1/8/1p6/7p/P1PB1PPP/b2BK2R b K - 0 8,d8d7,100,1,-33,-32,-409,276,19,LOWER,true,true,true,true,static,19,same-target-q-recapture,2
benchmark:evasion:3,evasion,530,0,3,r3k2r/Pppp1ppp/1b3nbN/nP6/BqP1P3/5N2/Pp1P2PP/1R1Q1R1K b kq - 1 2,b6a7,100,1,582,612,206,276,601,EXACT,true,false,true,true,static,601,ordinary-nonchecking-capture,1
corpus:draw-five:upper,draw-five,3,4,4,7k/7n/8/bK6/8/8/8/8 w - - 0 3,b5a5,330,1,0,1,-605,275,0,UPPER,false,false,true,true,insufficient,0,same-target-q-recapture;insufficient,1
corpus:tail-evasion-:full,tail-evasion-,887,9,9,r3k2r/Pppp1p1p/5nbp/nP6/B1PRP3/B4N2/P5PP/7K b kq - 0 5,a8a7,100,1,405,410,30,275,423,LOWER,true,true,true,true,static,423,ordinary-nonchecking-capture,2
benchmark:kiwipete:3,kiwipete,17334,14,17,r3k3/p1p3b1/4qnN1/8/4P3/8/P1PK1PPP/R7 b q - 0 9,e6e4,100,1,590,613,215,275,859,LOWER,true,true,true,true,static,859,ordinary-nonchecking-capture,2
benchmark:kiwipete:3,kiwipete,32728,18,21,7r/p5k1/5n2/6B1/4P3/8/P1P1KPPP/7q b - - 0 11,f6e4,100,1,663,686,288,275,721,LOWER,true,true,true,true,static,721,ordinary-nonchecking-capture,1
corpus:draw-five:lower,draw-five,3,4,4,7k/7n/8/bK6/8/8/8/8 w - - 0 3,b5a5,330,1,-1,0,-605,274,0,LOWER,true,true,true,true,insufficient,0,same-target-q-recapture;insufficient,1
corpus:tail-evasion-:full,tail-evasion-,130,5,5,r3k2r/Pppp1ppp/1b3nbN/nP6/2P1P3/B4N2/P2P2PP/3B1R1K b kq - 0 3,a8a7,100,1,410,474,36,274,434,EXACT,true,false,true,false,static,442,ordinary-nonchecking-capture,2
benchmark:evasion:2,evasion,7554,20,22,4k2r/1pp3R1/6p1/1P6/2P1P3/8/r5PP/6K1 w - - 0 12,g7g6,100,1,193,198,-181,274,216,LOWER,true,true,true,true,static,216,same-target-q-recapture,2
benchmark:kiwipete:3,kiwipete,61528,8,11,N2k3r/p2p1pb1/1n3np1/4q3/1B2P3/7p/PPP1QPPP/R3K2R b KQ - 0 6,h3g2,100,1,-76,-32,-450,274,-19,LOWER,true,true,true,true,static,-19,ordinary-nonchecking-capture,1
benchmark:kiwipete:3,kiwipete,25696,10,13,r3k3/p1p2Nb1/q4n2/8/4P3/2p5/PPPn1PPP/R3K2R b KQq - 0 7,c3b2,100,1,590,618,217,273,652,LOWER,true,true,true,true,static,652,ordinary-nonchecking-capture,1
benchmark:kiwipete:3,kiwipete,45873,20,23,7k/4NPb1/Bn6/8/8/8/qPPK1P1P/8 b - - 0 12,a2b2,100,1,-50,-45,-422,272,-34,LOWER,true,true,true,true,static,-34,ordinary-nonchecking-capture,1
benchmark:kiwipete:3,kiwipete,46139,8,11,r4k1r/p2P1pb1/Bn4p1/4N3/8/7p/PPPn1PPP/R3K2R b KQ - 0 6,h3g2,100,1,-59,-31,-431,272,-29,LOWER,true,true,true,true,static,-29,ordinary-nonchecking-capture,1
benchmark:kiwipete:2,kiwipete,1974,7,9,r6r/p1ppNkb1/B3p1p1/8/1p2P3/7p/PPPB1PPP/R3K2R b KQ - 0 5,h3g2,100,1,-325,-310,-695,270,-290,LOWER,true,true,true,true,static,-290,ordinary-nonchecking-capture,2
benchmark:evasion:2,evasion,2228,7,9,r3k2N/Pp1p2pp/1p3nb1/nP6/B1P1P3/5Q2/q2P2PP/5RK1 b q - 0 5,a8a7,100,1,19,88,-350,269,36,EXACT,true,false,true,true,static,36,ordinary-nonchecking-capture,4
benchmark:kiwipete:3,kiwipete,31211,8,11,r3k2N/p1p3b1/1n2qn2/6B1/4P3/2p5/PPP1bPPP/R3K2R b KQq - 0 6,c3b2,100,1,651,663,282,269,730,LOWER,true,true,true,true,static,730,ordinary-nonchecking-capture,2
benchmark:kiwipete:3,kiwipete,31790,8,11,r3k2N/p1p3b1/1n2qn2/6B1/4P3/2p5/PPP1bPPP/R3K2R b KQq - 0 6,c3b2,100,1,651,657,282,269,730,LOWER,true,true,true,true,static,730,ordinary-nonchecking-capture,1
benchmark:kiwipete:3,kiwipete,33316,14,17,7r/p1k1q1b1/4Pn2/6B1/4P3/8/P1P1KPPP/n6R b - - 0 9,e7e6,100,1,663,670,294,269,692,LOWER,true,true,true,true,static,692,same-target-q-recapture,1
benchmark:kiwipete:3,kiwipete,49096,3,6,r3k2r/pBppqpb1/1n3np1/3pN3/4P3/2B2Q2/PPP2PpP/R3K2R w KQkq - 0 4,f3g2,100,1,32,61,-337,269,50,EXACT,true,false,true,true,static,50,same-target-q-recapture,1
benchmark:middlegame:3,middlegame,38510,13,16,5rk1/n1N2ppp/p2p4/4p3/4n3/P2P4/1PP3PP/R4K2 w - - 0 18,c7a6,100,1,10,18,-359,269,44,LOWER,true,true,true,true,static,44,ordinary-nonchecking-capture,1
corpus:tail-kiwipete-e1d1:full,tail-kiwipete-e1d1,11229,13,13,r3k2b/p1pp1p2/1n2q3/8/4n3/5Q2/PPP2PpP/R1K4R w q - 0 8,f3g2,100,1,-282,-261,-650,268,-246,LOWER,true,true,true,true,static,-246,same-target-q-recapture,1
benchmark:kiwipete:3,kiwipete,49002,12,15,B4k1r/p2n1pb1/6p1/3p4/8/7p/PPPK1PPP/R6R b - - 0 8,h3g2,100,1,-61,-32,-429,268,-6,LOWER,true,true,true,true,static,-6,ordinary-nonchecking-capture,1
benchmark:kiwipete:3,kiwipete,50704,4,7,r3k2N/p1pp1pb1/Bn2pq2/3P4/1p2P3/2N4p/PPPB1PPP/R3K2R b KQ - 0 4,h3g2,100,1,-32,167,-400,268,18,EXACT,true,false,true,true,static,18,ordinary-nonchecking-capture,1
corpus:tail-evasion-:full,tail-evasion-,891,9,9,r3k2r/Pppp1p1p/5nbp/nP6/B1PNP3/B7/P5PP/3R3K b kq - 0 5,a8a7,100,1,405,410,38,267,431,LOWER,true,true,true,true,static,431,ordinary-nonchecking-capture,2
benchmark:kiwipete:2,kiwipete,857,11,13,r6r/p1p1k3/B2pP1p1/4b3/1B6/7p/PPP2PPP/R3K2R b KQ - 0 7,h3g2,100,1,-473,-471,-840,267,-440,LOWER,true,true,true,true,static,-440,ordinary-nonchecking-capture,4
benchmark:evasion:2,evasion,2150,11,13,r3k2N/Ppqp2pp/5nb1/1P6/4P3/5Q2/3P2PP/5RK1 b q - 0 7,a8a7,100,1,68,87,-299,267,73,EXACT,true,false,true,true,static,73,ordinary-nonchecking-capture,4
benchmark:evasion:2,evasion,12075,5,7,r3k2r/Pppp1ppp/5nbN/nP6/B3P3/B4N2/P2P2PP/3R2K1 b kq - 0 4,a8a7,100,1,190,392,-177,267,222,EXACT,true,false,true,true,static,222,ordinary-nonchecking-capture,2
benchmark:kiwipete:3,kiwipete,32137,8,11,r2k3r/p1p1q1b1/1n2pN2/3P2B1/4P3/2p5/PPP1KPPP/R6R b - - 0 6,c3b2,100,1,663,678,296,267,812,LOWER,true,true,true,true,static,812,ordinary-nonchecking-capture,1
benchmark:kiwipete:3,kiwipete,43501,10,13,r2k3r/p1pn1Qb1/4p1p1/3P4/8/2p4p/PPP2PPP/R3K2R b - - 1 7,c3b2,100,1,-290,-273,-657,267,-214,LOWER,true,true,true,true,static,-214,ordinary-nonchecking-capture,1
benchmark:kiwipete:3,kiwipete,44032,16,19,2rk3N/p1pP4/1n6/8/1p6/7P/P1PK1P1P/b6R b - - 0 10,d8d7,100,1,-281,-273,-648,267,-77,LOWER,true,true,true,true,static,-77,same-target-q-recapture,1
benchmark:kiwipete:3,kiwipete,66484,10,13,r6r/p1pP1pb1/1n4p1/6k1/4P3/2B4p/PPP1KPPP/R6R b - - 0 7,b6d7,100,1,-49,-32,-415,266,-25,LOWER,true,true,true,true,static,-25,ordinary-nonchecking-capture,1
benchmark:evasion:3,evasion,18599,4,7,r3k2r/Pppp1ppp/5nbN/nPb5/3PP3/B4N2/P5PP/3B1RK1 b kq - 0 4,c5a7,100,1,503,523,137,266,533,LOWER,true,true,true,true,static,533,ordinary-nonchecking-capture,1
corpus:tail-evasion-:full,tail-evasion-,842,5,5,r3k2r/Pppp1ppp/1b3nbN/nP6/B1PPP3/B4N2/P5PP/3R2K1 b kq - 0 3,a8a7,100,1,391,410,26,265,426,LOWER,true,true,true,true,static,426,ordinary-nonchecking-capture,2
corpus:tail-evasion-:lower,tail-evasion-,307,5,5,r3k2r/Pppp1ppp/1b3nbN/nP6/B1PPP3/B4N2/P5PP/3R2K1 b kq - 0 3,a8a7,100,1,391,392,26,265,426,LOWER,true,true,true,true,static,426,ordinary-nonchecking-capture,1
benchmark:kiwipete:2,kiwipete,11562,17,19,7r/p1p2p2/1n4p1/8/4k3/7p/PPP1KPPP/R6R b - - 0 10,h3g2,100,1,-115,-111,-480,265,223,LOWER,true,true,true,true,static,223,ordinary-nonchecking-capture,2
benchmark:evasion:2,evasion,2555,5,7,r3k2r/Pppp1ppp/5nbN/nPb5/B1P1P3/5R2/P2P2PP/Q6K b kq - 1 4,c5a7,100,1,143,159,-222,265,146,EXACT,true,false,true,true,static,146,ordinary-nonchecking-capture,2
benchmark:evasion:3,evasion,18757,8,11,r3k2r/Pppp1p1p/5nbp/nP6/B2RP3/B4N2/P5PP/7K b kq - 0 6,a8a7,100,1,503,523,138,265,532,LOWER,true,true,true,true,static,532,ordinary-nonchecking-capture,1
corpus:tail-evasion-:upper,tail-evasion-,237,5,5,r3k2r/Pppp1ppp/1b3nbN/nP6/B1PPP3/B4N2/P5PP/3R2K1 b kq - 0 3,a8a7,100,1,390,391,26,264,426,LOWER,true,true,true,true,static,426,ordinary-nonchecking-capture,1
benchmark:kiwipete:3,kiwipete,4078,18,21,r3k3/p1p5/1n2P1N1/8/8/8/q5PP/5K1R b q - 0 11,a2e6,100,1,771,796,407,264,852,LOWER,true,true,true,true,static,852,ordinary-nonchecking-capture,1
benchmark:kiwipete:3,kiwipete,25716,8,11,r3k3/p1p2Nb1/b3qn2/8/4P3/2p5/PPPnBPPP/R3K2R b KQq - 0 6,e6e4,100,1,590,618,226,264,619,LOWER,true,true,true,true,static,619,ordinary-nonchecking-capture,1
benchmark:kiwipete:2,kiwipete,880,9,11,r6N/p1pp2b1/B2kp3/3n4/1p2P3/7p/PPPB1PPP/R3K2R b KQ - 0 6,h3g2,100,1,-694,-472,-1057,263,-664,EXACT,true,false,true,true,static,-664,ordinary-nonchecking-capture,2
benchmark:kiwipete:2,kiwipete,1963,7,9,r6r/p1ppN1b1/B3p1p1/4k3/1p2P3/7p/PPPB1PPP/R3K2R b KQ - 0 5,h3g2,100,1,-367,-310,-730,263,-325,EXACT,true,false,true,true,static,-325,ordinary-nonchecking-capture,2
benchmark:kiwipete:2,kiwipete,8012,7,9,r6r/p1p1kpb1/1n3Np1/8/1p2P3/2N4p/PPPBKPPP/R6R b - - 0 5,h3g2,100,1,-133,-109,-496,263,-47,LOWER,true,true,true,true,static,-47,ordinary-nonchecking-capture,2
benchmark:evasion:3,evasion,13050,4,7,r6r/Ppppkppp/1b3Nb1/nP6/BqPPP3/5N2/P5PP/Q4RK1 b - - 0 4,a8a7,100,1,375,543,12,263,416,EXACT,true,false,true,true,static,416,ordinary-nonchecking-capture,2
benchmark:evasion:3,evasion,17822,6,9,r3k2r/Pppp1ppp/5nbN/nPP5/B3P3/5N2/P5PP/3R2K1 b kq - 0 5,a8a7,100,1,523,543,160,263,562,LOWER,true,true,true,true,static,562,ordinary-nonchecking-capture,1
benchmark:middlegame:3,middlegame,36050,12,15,B5k1/5ppp/p2p4/2b5/3pP3/P2b4/1PP2PPP/R5K1 b - - 0 17,d3c2,100,1,-111,-20,-474,263,-47,EXACT,true,false,true,true,static,-47,ordinary-nonchecking-capture,1
corpus:tail-kiwipete-e1d1:full,tail-kiwipete-e1d1,16794,8,8,r3k2r/p1pp1pb1/1n2q1p1/4N3/4Q3/2B4p/PPP1KPPP/R6R b kq - 0 5,h3g2,100,1,282,291,-80,262,333,LOWER,true,true,true,true,static,333,ordinary-nonchecking-capture,1
benchmark:kiwipete:3,kiwipete,13701,18,21,2B5/p1pPqk2/1n4p1/8/8/3K4/PbP2PP1/7R b - - 1 11,b6d7,100,1,590,650,228,262,639,EXACT,true,false,true,true,static,639,ordinary-nonchecking-capture,1
benchmark:kiwipete:3,kiwipete,30458,8,11,r3k2b/p1p2p2/1n2qn2/8/4P3/1p6/PPPBNPPP/R3K2R b KQq - 0 6,b3c2,100,1,612,615,250,262,613,EXACT,true,false,true,true,static,613,ordinary-nonchecking-capture,1
benchmark:evasion:3,evasion,17830,6,9,r3k2r/Pppp1ppp/5nbN/nPP5/4P3/5N2/P5PP/3B1RK1 b kq - 0 5,a8a7,100,1,523,543,161,262,563,LOWER,true,true,true,true,static,563,ordinary-nonchecking-capture,1
corpus:tail-evasion-:full,tail-evasion-,1076,9,9,r3k2r/Pppp1p1p/5nbp/nP6/B1PRP3/B4N2/P5PP/7K b kq - 0 5,a8a7,100,1,391,410,30,261,423,LOWER,true,true,true,true,static,423,ordinary-nonchecking-capture,1
corpus:tail-evasion-:lower,tail-evasion-,464,9,9,r3k2r/Pppp1p1p/5nbp/nP6/B1PRP3/B4N2/P5PP/7K b kq - 0 5,a8a7,100,1,391,392,30,261,423,LOWER,true,true,true,true,static,423,ordinary-nonchecking-capture,1
benchmark:kiwipete:3,kiwipete,22733,10,13,r3k2N/p1p5/1n2qnp1/8/4P3/2p5/PPP1bPPP/R3K2R b q - 0 7,c3b2,100,1,868,919,508,260,1033,LOWER,true,true,true,true,static,1033,ordinary-nonchecking-capture,1
benchmark:kiwipete:3,kiwipete,30420,8,11,r3k2b/p1p2p2/1n2qn2/8/4P3/1pN5/PPPBKPPP/R6R b q - 0 6,b3c2,100,1,612,635,252,260,615,EXACT,true,false,true,true,static,615,ordinary-nonchecking-capture,1
benchmark:kiwipete:3,kiwipete,38030,4,7,r3k2N/p1pp2b1/Bn2p1p1/3P4/1p6/2N4p/PPPn1PPP/R3K2R b KQq - 0 4,h3g2,100,1,-221,-211,-581,260,-177,LOWER,true,true,true,true,static,-177,ordinary-nonchecking-capture,1
benchmark:kiwipete:3,kiwipete,44045,12,15,2rk3N/p1pP4/1n6/8/1p6/2b4p/PPPn1PPP/R3K2R b KQ - 0 8,d8d7,100,1,-286,-273,-646,260,-263,LOWER,true,true,true,true,static,-263,same-target-q-recapture,1
benchmark:kiwipete:3,kiwipete,45350,2,5,r3k2r/p1pp1Nb1/Bn2p1p1/3n4/1p2P3/2N4p/PPPB1PPP/R3K2R b KQkq - 0 3,h3g2,100,1,19,412,-341,260,65,EXACT,true,false,true,true,static,65,ordinary-nonchecking-capture,1
corpus:tail-kiwipete-e1d1:full,tail-kiwipete-e1d1,17176,13,13,r3k2b/p1pp1p2/1n2q3/8/4n3/5Q2/PPP2PpP/R1K4R w q - 0 8,f3g2,100,1,-291,-282,-650,259,-246,LOWER,true,true,true,true,static,-246,same-target-q-recapture,1
benchmark:kiwipete:3,kiwipete,32946,18,21,7r/p5b1/4Pk2/8/4P3/8/P1q2PPP/b4K1R b - - 1 11,f6e6,100,1,663,686,304,259,731,LOWER,true,true,true,true,static,731,ordinary-nonchecking-capture,1
benchmark:kiwipete:3,kiwipete,48605,10,13,r6N/p1pp1pb1/5k2/8/1p2P3/7p/PPPn1PPP/R3K2R b KQ - 0 7,h3g2,100,1,-61,-54,-420,259,15,LOWER,true,true,true,true,static,15,ordinary-nonchecking-capture,1
corpus:tail-evasion-:upper,tail-evasion-,564,5,5,r3k2r/Pppp1ppp/1b3nbN/nPP5/4P3/B4N2/P2P2PP/3B1RK1 b kq - 0 3,b6a7,100,1,390,391,32,258,439,LOWER,true,true,true,true,static,439,ordinary-nonchecking-capture,1
benchmark:evasion:3,evasion,5603,6,9,r3k2r/Pppp1ppp/5nbN/nP6/B1PNP3/8/P5PP/5RK1 b kq - 0 5,a8a7,100,1,523,543,165,258,567,LOWER,true,true,true,true,static,567,ordinary-nonchecking-capture,2
corpus:tail-kiwipete-e1d1:full,tail-kiwipete-e1d1,7641,14,14,r6r/p2NkPb1/1n4p1/8/8/7p/PPPnKPPP/R6R b - - 0 8,e7f7,100,1,186,210,-171,257,213,LOWER,true,true,true,true,static,213,same-target-q-recapture,1
corpus:tail-kiwipete-e1d1:full,tail-kiwipete-e1d1,10271,18,18,r6r/2p3b1/1p4p1/6k1/4P3/7p/PPPK1PPP/R6R b - - 0 10,h3g2,100,1,201,217,-156,257,250,LOWER,true,true,true,true,static,250,ordinary-nonchecking-capture,1
benchmark:kiwipete:3,kiwipete,1587,8,11,r3k2N/p1pp1pb1/q4n2/8/4P3/2p5/PPP2PPP/R3K2R b KQq - 0 6,c3b2,100,1,771,792,414,257,911,LOWER,true,true,true,true,static,911,ordinary-nonchecking-capture,1
benchmark:kiwipete:3,kiwipete,22715,10,13,r3k2N/p1p5/1n2qnp1/8/4P3/2p5/PPP1bPPP/R3K2R b q - 0 7,e6e4,100,1,865,919,508,257,868,EXACT,true,false,true,false,static,1033,ordinary-nonchecking-capture,1
benchmark:kiwipete:3,kiwipete,42001,17,20,r7/p1pp4/1n1k2N1/8/1p6/2P5/P1P2PpP/R4BK1 w - - 0 11,g1g2,100,1,273,296,-84,257,359,LOWER,true,true,true,true,static,359,same-target-q-recapture,2
benchmark:kiwipete:2,kiwipete,1098,5,7,r2k3r/p1ppqQb1/B3p1p1/3PN3/1p6/7p/PPPB1PPP/R3K2R b KQ - 0 4,h3g2,100,1,-471,-467,-827,256,-444,LOWER,true,true,true,true,static,-444,ordinary-nonchecking-capture,2
benchmark:evasion:2,evasion,2512,5,7,r3k2r/Pppp1ppp/5nbN/nPb5/B1P1P3/5R2/P2P2PP/Q4K2 b kq - 1 4,c5a7,100,1,156,163,-200,256,159,EXACT,true,false,true,true,static,159,ordinary-nonchecking-capture,2
benchmark:evasion:2,evasion,2714,5,7,r3k2r/Pppp1ppp/5nbN/nPb5/B1P1P3/5R2/P2P2PP/Q4K2 b kq - 0 4,c5a7,100,1,156,163,-200,256,159,EXACT,true,false,true,true,static,159,ordinary-nonchecking-capture,2
benchmark:evasion:3,evasion,18566,4,7,r3k2r/Pppp1ppp/5nbN/nPb5/3PP3/B4N2/P5PP/3B1RK1 b kq - 0 4,c5a7,100,1,493,503,137,256,533,LOWER,true,true,true,true,static,533,ordinary-nonchecking-capture,1
benchmark:evasion:3,evasion,18588,4,7,r3k2r/Pppp1ppp/5nbN/nPb5/B2PP3/B4N2/P5PP/3R2K1 b kq - 0 4,c5a7,100,1,521,523,165,256,561,LOWER,true,true,true,true,static,561,ordinary-nonchecking-capture,1
corpus:tail-kiwipete-e1d1:full,tail-kiwipete-e1d1,5532,17,17,r6r/p1pp2b1/1n3k2/8/4P3/8/PPPpKP1P/R6R w - - 0 10,e2d2,100,1,-290,-263,-645,255,-224,LOWER,true,true,true,true,static,-224,ordinary-nonchecking-capture,1
corpus:tail-kiwipete-e1d1:full,tail-kiwipete-e1d1,11844,17,17,r6r/p1pp2b1/1n3k2/8/4P3/8/PPPpKP1P/R6R w - - 0 10,e2d2,100,1,-290,-282,-645,255,-224,LOWER,true,true,true,true,static,-224,ordinary-nonchecking-capture,1
corpus:tail-evasion-:lower,tail-evasion-,27,5,5,r3k2r/Pppp1ppp/1b3nbN/nP6/2P1P3/B4N2/P2P2PP/3B1R1K b kq - 0 3,a8a7,100,1,391,392,36,255,434,LOWER,true,true,true,true,static,434,ordinary-nonchecking-capture,1
benchmark:evasion:2,evasion,8690,3,5,r3k2r/Pppp1ppp/1b3nbN/nP6/BBPPP3/4qN2/P5PP/Q4R1K b kq - 0 3,a8a7,100,1,391,410,36,255,413,LOWER,true,true,true,true,static,413,ordinary-nonchecking-capture,1
benchmark:kiwipete:3,kiwipete,10760,3,6,r2qk2r/p1p2pb1/1n2Pnp1/4N3/1p2P3/2N5/PPPBbPPP/R3K2R w KQkq - 0 4,e5f7,100,1,-654,-627,-1009,255,-604,LOWER,true,true,true,true,static,-604,ordinary-nonchecking-capture,1
benchmark:kiwipete:3,kiwipete,28277,15,18,r1B5/p1ppk3/4P3/8/4n3/2b5/PPP1KPP1/r7 w - - 0 10,e6d7,100,1,-643,-641,-998,255,-601,LOWER,true,true,true,true,static,-601,ordinary-nonchecking-capture,1
benchmark:evasion:3,evasion,17583,4,7,r3k2r/Pppp1ppp/5nbN/nPq5/B2NP3/8/P2P2PP/Q4RK1 b kq - 1 4,a8a7,100,1,539,543,184,255,561,LOWER,true,true,true,true,static,561,ordinary-nonchecking-capture,1
benchmark:evasion:3,evasion,17710,4,7,r3k2r/Pppp1ppp/5nbN/nPq5/B2NP3/8/P2P2PP/Q4RK1 b kq - 0 4,a8a7,100,1,539,543,184,255,561,LOWER,true,true,true,true,static,561,ordinary-nonchecking-capture,1
corpus:tail-evasion-:upper,tail-evasion-,34,5,5,r3k2r/Pppp1ppp/1b3nbN/nP6/2P1P3/B4N2/P2P2PP/3B1R1K b kq - 0 3,a8a7,100,1,390,391,36,254,434,LOWER,true,true,true,true,static,434,ordinary-nonchecking-capture,1
benchmark:kiwipete:3,kiwipete,41665,15,18,r7/p1pp4/1n2k1N1/8/1p6/2P5/P1P2PpP/R4BK1 w - - 0 10,g1g2,100,1,273,296,-81,254,362,LOWER,true,true,true,true,static,362,same-target-q-recapture,1
corpus:tail-evasion-:full,tail-evasion-,1080,9,9,r3k2r/Pppp1p1p/5nbp/nP6/B1PNP3/B7/P5PP/3R3K b kq - 0 5,a8a7,100,1,391,410,38,253,431,LOWER,true,true,true,true,static,431,ordinary-nonchecking-capture,1
corpus:tail-evasion-:lower,tail-evasion-,468,9,9,r3k2r/Pppp1p1p/5nbp/nP6/B1PNP3/B7/P5PP/3R3K b kq - 0 5,a8a7,100,1,391,392,38,253,431,LOWER,true,true,true,true,static,431,ordinary-nonchecking-capture,1
benchmark:kiwipete:3,kiwipete,1579,6,9,r3k2N/p1pp1pb1/b3qn2/8/4P3/2p5/PPP1BPPP/R3K2R b KQq - 0 5,c3b2,100,1,774,792,421,253,916,LOWER,true,true,true,true,static,916,ordinary-nonchecking-capture,1
benchmark:kiwipete:3,kiwipete,36491,8,11,N4k1r/p2p1pb1/4p1p1/8/1p2q3/7p/PPPBBPPP/R3K2R b KQ - 1 6,h3g2,100,1,293,317,-60,253,386,LOWER,true,true,true,true,static,386,ordinary-nonchecking-capture,1
benchmark:evasion:3,evasion,16422,8,11,r3k3/Pppp2pp/5nN1/nPb5/4q3/5N2/P2P2PP/Q4R1K b q - 0 6,a8a7,100,1,249,289,-104,253,326,LOWER,true,true,true,true,static,326,ordinary-nonchecking-capture,1
benchmark:evasion:3,evasion,18761,8,11,r3k2r/Pppp1p1p/5nbp/nP6/B2NP3/B7/P5PP/3R3K b kq - 0 6,a8a7,100,1,503,523,150,253,544,LOWER,true,true,true,true,static,544,ordinary-nonchecking-capture,1
corpus:unsafe-king-recapture:lower,unsafe-king-recapture,0,0,0,8/8/4k3/3r4/8/1B6/8/3RK3 w - - 0 1,d1d5,500,1,1130,1131,378,252,1131,LOWER,true,true,true,true,static,1131,ordinary-nonchecking-capture,1
corpus:tail-kiwipete-e1d1:lower,tail-kiwipete-e1d1,587,0,0,r3k2r/p1ppqpb1/bn2pnp1/3PN3/1p2P3/2N2Q1p/PPPBBPPP/R2K3R b kq - 1 1,h3g2,100,1,299,300,-53,252,300,LOWER,true,true,true,true,static,300,ordinary-nonchecking-capture,1
benchmark:evasion:2,evasion,4387,11,13,r3k2N/Ppqp2pp/5nb1/1P6/3PP3/5Q2/6PP/5RK1 b q - 0 7,a8a7,100,1,18,47,-334,252,39,EXACT,true,false,true,true,static,39,ordinary-nonchecking-capture,2
benchmark:evasion:2,evasion,6800,15,17,r3k3/Pppp2pp/6N1/1P6/2n1n3/5R2/P5PP/R4K2 b q - 0 9,a8a7,100,1,-242,-240,-594,252,-163,LOWER,true,true,true,true,static,-163,ordinary-nonchecking-capture,2
corpus:promotion-recapture:lower,promotion-recapture,1,2,2,7r/4k3/8/8/8/8/8/4K2R w - - 0 2,h1h8,500,1,737,738,-14,251,738,LOWER,true,true,true,true,static,738,same-target-q-recapture;promotion-context-not-promotion-move,1
benchmark:evasion:2,evasion,12035,7,9,r3k2r/Pppp1p1p/5Rbp/nPq5/B2NP3/8/P2P2PP/Q5K1 b kq - 0 5,a8a7,100,1,409,410,58,251,435,LOWER,true,true,true,true,static,435,ordinary-nonchecking-capture,2
benchmark:kiwipete:3,kiwipete,13720,18,21,2Bk4/p1pPq3/1n4p1/8/8/3K4/PbP2PP1/7R b - - 1 11,b6d7,100,1,590,650,239,251,704,LOWER,true,true,true,true,static,704,ordinary-nonchecking-capture,1
benchmark:kiwipete:3,kiwipete,32207,16,19,r4k1r/p1p5/1n2P3/8/4P3/8/P1q2PPP/R4K1R b - - 1 10,c2e4,100,1,676,677,325,251,690,LOWER,true,true,true,true,static,690,ordinary-nonchecking-capture,1
benchmark:evasion:3,evasion,17572,6,9,r3k2r/Pppp1p1p/5Rbp/nPq5/B2NP3/8/P2P2PP/Q5K1 b kq - 0 5,a8a7,100,1,409,423,58,251,435,LOWER,true,true,true,true,static,435,ordinary-nonchecking-capture,2
benchmark:middlegame:3,middlegame,38312,13,16,5rk1/2N2ppp/p2p4/n3p3/4n3/P2P4/1PP3PP/5RK1 w - - 0 18,c7a6,100,1,45,50,-306,251,64,LOWER,true,true,true,true,static,64,ordinary-nonchecking-capture,1
benchmark:kiwipete:3,kiwipete,32652,14,17,7r/p1k1q1b1/4Pn2/6p1/4P3/8/P1PBKPPP/R7 b - - 0 9,e7e6,100,1,663,686,313,250,713,LOWER,true,true,true,true,static,713,same-target-q-recapture,2
benchmark:kiwipete:3,kiwipete,32684,14,17,7r/p1k1q1b1/4Pn2/6p1/4P3/8/P1PBKPPP/R7 b - - 0 9,e7e6,100,1,663,671,313,250,713,LOWER,true,true,true,true,static,713,same-target-q-recapture,2
benchmark:kiwipete:3,kiwipete,33069,14,17,7r/p1k1q1b1/4Pn2/6p1/4P3/8/P1PBKPPP/R7 b - - 0 9,e7e6,100,1,663,670,313,250,713,LOWER,true,true,true,true,static,713,same-target-q-recapture,4
benchmark:kiwipete:3,kiwipete,43423,19,22,Q7/p1pnqk2/6p1/3p4/8/8/P1PK1PPP/q6R w - - 0 12,h1a1,975,1,287,289,-938,250,337,LOWER,true,true,true,true,static,337,same-target-q-recapture,1
benchmark:kiwipete:3,kiwipete,47197,0,3,r3k2r/p1ppqNb1/Bn3np1/3p4/1p2P3/2N2Q1p/PPPB1PPP/R3K2R b KQkq - 0 2,h3g2,100,1,-36,-32,-385,249,-20,LOWER,true,true,true,true,static,-20,ordinary-nonchecking-capture,1
benchmark:evasion:3,evasion,18904,6,9,r3k2r/Pppp1ppp/5nbN/nP6/B2NP3/8/P2P2PP/5RK1 b kq - 0 5,a8a7,100,1,503,523,154,249,556,LOWER,true,true,true,true,static,556,ordinary-nonchecking-capture,4
corpus:tail-kiwipete-e1d1:full,tail-kiwipete-e1d1,10281,18,18,r6r/2p3b1/1p2k1p1/8/4P3/7p/PPPK1PPP/R6R b - - 0 10,h3g2,100,1,201,217,-147,248,259,LOWER,true,true,true,true,static,259,ordinary-nonchecking-capture,1
benchmark:endgame:2,endgame,6,0,2,8/2p5/K2p4/1r6/1R3p1k/8/4P1P1/8 w - - 0 2,b4b5,500,1,486,32769,-262,248,489,EXACT,true,false,true,true,static,489,ordinary-nonchecking-capture,1
benchmark:kiwipete:3,kiwipete,32218,16,19,r4k1r/p1p5/1n2P3/8/4P3/8/P1q2PPP/R4K1R b - - 1 10,c2e4,100,1,673,677,325,248,690,LOWER,true,true,true,true,static,690,ordinary-nonchecking-capture,1
benchmark:kiwipete:3,kiwipete,64921,6,9,r6N/p1pp1pb1/1n2pk2/3P4/1p2P3/2N2b1p/PPP2PPP/R3K2R b KQ - 0 5,h3g2,100,1,-55,-32,-403,248,29,LOWER,true,true,true,true,static,29,ordinary-nonchecking-capture,1
corpus:tail-kiwipete-e1d1:full,tail-kiwipete-e1d1,20097,12,12,7r/p1pkq1b1/bn3np1/8/4P3/8/PPPKBPQP/R6R b - - 0 7,e7e4,100,1,291,293,-56,247,314,LOWER,true,true,true,true,static,314,ordinary-nonchecking-capture,1
benchmark:kiwipete:3,kiwipete,33210,18,21,3k3r/p5b1/4Pn2/6B1/4P3/5K2/q4PPP/R7 b - - 0 11,a2e6,100,1,663,670,316,247,705,LOWER,true,true,true,true,static,705,ordinary-nonchecking-capture,1
benchmark:evasion:3,evasion,18008,4,7,r3k2r/Pppp1ppp/5nbN/nPb5/4P3/B4N2/P2P2PP/3B1R1K b kq - 0 4,c5a7,100,1,522,523,175,247,570,LOWER,true,true,true,true,static,570,ordinary-nonchecking-capture,1
benchmark:middlegame:3,middlegame,31607,14,17,6k1/2p1Bppp/2Bp4/3Np3/4P3/P7/1rP3bP/R3K3 b - - 0 18,g2e4,100,1,-60,-40,-407,247,-58,EXACT,true,false,true,true,static,-58,same-target-q-recapture,1
corpus:tail-kiwipete-e1d1:full,tail-kiwipete-e1d1,3124,18,18,r6r/2p2kb1/1p4p1/8/4P3/7p/PPPK1PPP/R6R b - - 0 10,h3g2,100,1,206,217,-140,246,266,LOWER,true,true,true,true,static,266,ordinary-nonchecking-capture,2
corpus:tail-evasion-:full,tail-evasion-,1193,7,7,r3k2r/PpPp1ppp/5nbN/nq6/1B2P3/5N2/P2P2PP/Q4RK1 b kq - 0 4,a8a7,100,1,57,155,-289,246,-32759,UPPER,false,false,false,false,mate,45,mate,1
benchmark:evasion:2,evasion,2698,5,7,r3k2r/Pppp1ppp/5nbN/nPb5/B1P1P3/5R2/P2P2PP/Q4K2 b kq - 0 4,a8a7,100,1,146,163,-200,246,156,EXACT,true,false,true,false,static,159,ordinary-nonchecking-capture,2
benchmark:kiwipete:3,kiwipete,10679,7,10,r2qk2r/p1p2pb1/Bn2P1p1/4N3/8/2n5/PPP2PPP/R3K2R w KQkq - 0 6,e5f7,100,1,-654,-641,-1000,246,-621,LOWER,true,true,true,true,static,-621,ordinary-nonchecking-capture,1
benchmark:kiwipete:3,kiwipete,50145,4,7,r6N/p1ppk1b1/Bn2pqp1/3P4/1p2P3/2N4p/PPPB1PPP/R3K2R b KQ - 0 4,h3g2,100,1,-32,188,-378,246,10,EXACT,true,false,true,true,static,10,ordinary-nonchecking-capture,1
benchmark:kiwipete:3,kiwipete,66331,4,7,r6r/p1ppkpb1/1n2pNp1/3P4/1p2P3/7p/PPPBNPPP/R3K2R b KQ - 0 4,h3g2,100,1,-38,-32,-384,246,65,LOWER,true,true,true,true,static,65,ordinary-nonchecking-capture,1
benchmark:evasion:3,evasion,6661,4,7,r2k3r/Pppp1ppp/1b3Nb1/nP6/qBPNP3/8/P2P2PP/Q4RK1 b - - 0 4,a8a7,100,1,296,302,-50,246,315,LOWER,true,true,true,true,static,315,ordinary-nonchecking-capture,2
benchmark:middlegame:2,middlegame,5791,13,15,r4R2/1pp1k1pp/p1np4/6n1/6N1/P1NP4/1PP3PP/R3K3 b - - 0 17,e7f8,500,1,-19,-16,-764,245,13,LOWER,true,true,true,true,static,13,same-target-q-recapture,2
benchmark:kiwipete:3,kiwipete,48397,20,23,k7/p1p5/8/4q3/1p2P3/8/PPPK1P1P/7R b - - 0 12,e5e4,100,1,-56,-46,-401,245,226,LOWER,true,true,true,true,static,226,ordinary-nonchecking-capture,1
benchmark:kiwipete:3,kiwipete,51939,14,17,3k4/p1pPqp2/6p1/8/4P3/2r5/P1P2PPP/R3K2R b KQ - 0 9,d8d7,100,1,68,76,-277,245,170,LOWER,true,true,true,true,static,170,same-target-q-recapture,1
benchmark:kiwipete:3,kiwipete,53056,4,7,r3k3/p1pp1pB1/Bn2p1p1/3Pq3/1p2P3/2N4p/PPP2PPP/R3K2R b KQq - 0 4,h3g2,100,1,28,31,-317,245,103,LOWER,true,true,true,true,static,103,ordinary-nonchecking-capture,1
benchmark:kiwipete:3,kiwipete,55121,6,9,r6r/p1p2Pb1/B1k2qp1/8/1pn1P3/2N4p/PPPB1PPP/R3K2R b KQ - 0 5,f6f7,100,1,220,289,-125,245,279,EXACT,true,false,true,true,static,279,same-target-q-recapture,1
corpus:tail-kiwipete-e1d1:full,tail-kiwipete-e1d1,18566,0,0,r3k2r/p1ppqpb1/bn2pnp1/3PN3/1p2P3/2N2Q1p/PPPBBPPP/R2K3R b kq - 1 1,h3g2,100,1,291,32769,-53,244,300,EXACT,true,false,true,true,static,300,ordinary-nonchecking-capture,1
benchmark:kiwipete:2,kiwipete,6386,17,19,r7/p5b1/1n1kP1p1/8/8/8/PPPK1P1P/R6R b - - 0 10,d6e6,100,1,-452,-434,-796,244,-400,LOWER,true,true,true,true,static,-400,same-target-q-recapture,2
corpus:tail-kiwipete-e1d1:full,tail-kiwipete-e1d1,642,14,14,r6r/p2NkPb1/1n4p1/8/8/7p/PPPnKPPP/R6R b - - 0 8,e7f7,100,1,172,210,-171,243,213,LOWER,true,true,true,true,static,213,same-target-q-recapture,1
corpus:tail-kiwipete-e1d1:full,tail-kiwipete-e1d1,6037,12,12,r6b/p1pkq3/1n3np1/8/4P3/7p/PPPKQPPP/R6R b - - 0 7,e7e4,100,1,210,263,-133,243,263,LOWER,true,true,true,true,static,263,ordinary-nonchecking-capture,1
corpus:tail-kiwipete-e1d1:full,tail-kiwipete-e1d1,12924,12,12,r6b/p1pkq3/1n3np1/8/4P3/7p/PPPKQPPP/R6R b - - 0 7,e7e4,100,1,210,282,-133,243,263,EXACT,true,false,true,false,static,284,ordinary-nonchecking-capture,1
corpus:capture-allows-queen-fork:lower,capture-allows-queen-fork,0,0,0,4k3/8/8/8/5n2/1r6/P4Q2/4K3 w - - 0 1,a2b3,500,1,943,944,200,243,944,LOWER,true,true,true,true,static,944,ordinary-nonchecking-capture,1
benchmark:kiwipete:3,kiwipete,14277,11,14,3r3r/p1p1kpb1/1n2P3/8/4n3/4K3/PPP1bPPP/R6R w - - 0 8,e6f7,100,1,-602,-590,-945,243,-587,LOWER,true,true,true,true,static,-587,ordinary-nonchecking-capture,1
benchmark:kiwipete:3,kiwipete,43493,10,13,r2k3r/p1pn1Qb1/4p1p1/3P4/8/2p4p/PPP2PPP/R2K3R b - - 1 7,c3b2,100,1,-290,-273,-633,243,-254,LOWER,true,true,true,true,static,-254,ordinary-nonchecking-capture,1
corpus:tail-kiwipete-e1d1:full,tail-kiwipete-e1d1,3104,18,18,r6r/2p1k1b1/1p4p1/8/4P3/7p/PPPK1PPP/R6R b - - 0 10,h3g2,100,1,202,217,-140,242,266,LOWER,true,true,true,true,static,266,ordinary-nonchecking-capture,2
corpus:tail-evasion-:full,tail-evasion-,119,5,5,r3k2r/Pppp1ppp/1b3nbN/nP6/B1P1P3/B4N2/P2P2PP/3R3K b kq - 0 3,a8a7,100,1,410,621,68,242,466,EXACT,true,false,true,false,static,474,ordinary-nonchecking-capture,2
benchmark:kiwipete:3,kiwipete,3018,8,11,r3k2N/p1p1q3/1n2P1p1/8/4n3/2p5/PPP1bPPP/R3K2R b KQq - 0 6,e7e6,100,1,762,825,420,242,817,EXACT,true,false,true,false,static,892,ordinary-nonchecking-capture,1
benchmark:kiwipete:3,kiwipete,4337,8,11,r3k2N/p1p1q3/1n2P1p1/8/4n3/2p5/PPP1bPPP/R3K2R b KQq - 0 6,e7e6,100,1,762,771,420,242,793,LOWER,true,true,true,true,static,793,ordinary-nonchecking-capture,1
corpus:tail-kiwipete-e1d1:full,tail-kiwipete-e1d1,3084,18,18,r6r/2p3b1/1p2k1p1/8/4P3/7p/PPPK1PPP/R6R b - - 0 10,h3g2,100,1,194,217,-147,241,259,LOWER,true,true,true,true,static,259,ordinary-nonchecking-capture,1
corpus:tail-kiwipete-e1d1:full,tail-kiwipete-e1d1,20309,11,11,r6r/p1pk1qb1/Bn3np1/8/4P3/8/PPPp1PQP/R2K3R w - - 0 7,d1d2,100,1,-300,-293,-641,241,-287,LOWER,true,true,true,true,static,-287,ordinary-nonchecking-capture,1
corpus:tail-kiwipete-e1d1:lower,tail-kiwipete-e1d1,1946,11,11,r6r/p1pk1qb1/Bn3np1/8/4P3/8/PPPp1PQP/R2K3R w - - 0 7,d1d2,100,1,-300,-299,-641,241,-287,LOWER,true,true,true,true,static,-287,ordinary-nonchecking-capture,1
benchmark:kiwipete:3,kiwipete,4075,18,21,r3k3/p1p5/1n2P1N1/8/8/8/q5PP/4K2R b q - 0 11,a2g2,100,1,771,796,430,241,807,LOWER,true,true,true,true,static,807,ordinary-nonchecking-capture,1
benchmark:kiwipete:3,kiwipete,49375,8,11,B6r/p1ppkpb1/1n3n2/8/8/2B2p1p/PPP2PPP/R3K2R b KQ - 0 6,f3g2,100,1,-50,-32,-391,241,127,LOWER,true,true,true,true,static,127,ordinary-nonchecking-capture,1
benchmark:kiwipete:2,kiwipete,1613,1,3,r3k2r/p1ppqpb1/B3pnp1/3PN3/1p6/2N2Q1p/PPPB1PPP/R3K2R b KQkq - 0 2,h3g2,100,1,-318,-310,-657,239,-301,LOWER,true,true,true,true,static,-301,ordinary-nonchecking-capture,2
benchmark:kiwipete:2,kiwipete,5116,7,9,r3k2r/p1ppNpb1/1n2p3/3P4/4n3/4K2p/PPP1QPPP/R6R b kq - 1 5,h3g2,100,1,-124,-61,-463,239,-35,LOWER,true,true,true,true,static,-35,ordinary-nonchecking-capture,1
benchmark:kiwipete:3,kiwipete,46109,10,13,r4k1r/p2P1pb1/B5p1/8/8/7p/PPPn1PPP/R3K2R b KQ - 0 7,h3g2,100,1,-61,-31,-400,239,50,LOWER,true,true,true,true,static,50,ordinary-nonchecking-capture,1
benchmark:kiwipete:3,kiwipete,46128,10,13,r4k1r/p2P1p2/Bn4p1/4b3/8/7p/PPPK1PPP/R6R b - - 0 7,b6d7,100,1,-61,-59,-400,239,2,LOWER,true,true,true,true,static,2,ordinary-nonchecking-capture,1
benchmark:kiwipete:3,kiwipete,56657,6,9,r3k2r/p1ppNpb1/1n2p3/3P4/4n3/4K2p/PPP1QPPP/R6R b kq - 1 5,h3g2,100,1,-124,-33,-463,239,-20,LOWER,true,true,true,true,static,-20,ordinary-nonchecking-capture,1
benchmark:kiwipete:2,kiwipete,1987,1,3,r3k2r/p1ppqpb1/Bn2p1p1/3PN3/1p2Q3/2N4p/PPPB1PPP/R3K2R b KQkq - 0 2,h3g2,100,1,-310,-283,-648,238,-278,LOWER,true,true,true,true,static,-278,ordinary-nonchecking-capture,1
benchmark:kiwipete:2,kiwipete,9405,9,11,r6N/p1pp2b1/b2kp3/3n4/1p2P3/7p/PPPB1PPP/R2BK2R b KQ - 0 6,h3g2,100,1,-351,-118,-689,238,-291,EXACT,true,false,true,true,static,-291,ordinary-nonchecking-capture,2
benchmark:kiwipete:3,kiwipete,37903,0,3,r3k2r/p1ppqpb1/Bn2p1p1/3PN3/1p2Q3/2N4p/PPPB1PPP/R3K2R b KQkq - 0 2,h3g2,100,1,-310,251,-648,238,-211,EXACT,true,false,true,true,static,-211,ordinary-nonchecking-capture,1
corpus:tail-kiwipete-e1d1:full,tail-kiwipete-e1d1,4561,7,7,r3k2N/p1ppq1b1/1n2pnp1/3P4/4P3/5Q2/PPPpKPpP/R6R w q - 0 5,f3g2,100,1,-263,-221,-600,237,-238,EXACT,true,false,true,true,static,-238,same-target-q-recapture,1
benchmark:kiwipete:2,kiwipete,5502,17,19,r7/p5b1/1n1kP1p1/8/8/8/PPPK1P1P/R6R b - - 0 10,d6e6,100,1,-459,-434,-796,237,-400,LOWER,true,true,true,true,static,-400,same-target-q-recapture,2
benchmark:endgame:2,endgame,1,0,2,8/2p5/3p4/1r6/KR3p1k/8/4P1P1/8 w - - 0 2,b4b5,500,1,486,32769,-251,237,494,EXACT,true,false,true,true,static,494,ordinary-nonchecking-capture,1
benchmark:kiwipete:3,kiwipete,28266,15,18,r1B5/p1ppk3/4P3/8/4n3/2b5/PPP1KPP1/r7 w - - 0 10,c8d7,100,1,-661,-641,-998,237,-643,EXACT,true,false,true,false,static,-601,ordinary-nonchecking-capture,1
benchmark:kiwipete:3,kiwipete,28430,15,18,r1B5/p1ppk3/4P3/8/4n3/2b5/PPP1KPP1/r7 w - - 0 10,c8d7,100,1,-661,-659,-998,237,-643,LOWER,true,true,true,true,static,-643,ordinary-nonchecking-capture,1
benchmark:kiwipete:3,kiwipete,42572,10,13,r6N/p1pp4/Bn1kp3/3P2n1/1p6/2P4p/P1P2PPP/R3K2R b KQ - 0 7,h3g2,100,1,-297,-273,-633,236,-227,LOWER,true,true,true,true,static,-227,ordinary-nonchecking-capture,1
benchmark:kiwipete:2,kiwipete,8023,7,9,r6r/p1p1kpb1/1n3Np1/8/1p2P3/7p/PPPBNPPP/R3K2R b KQ - 0 5,h3g2,100,1,-149,-109,-484,235,-35,LOWER,true,true,true,true,static,-35,ordinary-nonchecking-capture,2
benchmark:kiwipete:3,kiwipete,32155,16,19,r2k3r/p1p5/1n2P3/8/4P3/8/P1q2PPP/R4K1R b - - 1 10,c2e4,100,1,663,678,328,235,693,LOWER,true,true,true,true,static,693,ordinary-nonchecking-capture,1
benchmark:evasion:3,evasion,18925,4,7,r3k2r/Pppp1ppp/5nbN/nPq5/B2PP3/5N2/P5PP/Q4RK1 b kq d3 0 4,c5a7,100,1,503,523,168,235,523,LOWER,true,true,true,true,static,523,ordinary-nonchecking-capture,4
corpus:tail-kiwipete-e1d1:full,tail-kiwipete-e1d1,6206,10,10,r2k3N/p1pp1Pb1/1n3n2/8/4q3/7p/PPPpQPPP/R2K3R b - - 0 6,h3g2,100,1,244,246,-90,234,246,LOWER,true,true,true,true,static,246,ordinary-nonchecking-capture,2
benchmark:kiwipete:3,kiwipete,28334,19,22,r1B5/p1ppk3/4P3/8/4n3/2PK4/2r2PP1/8 w - - 0 12,c8d7,100,1,-661,-641,-995,234,-569,LOWER,true,true,true,true,static,-569,ordinary-nonchecking-capture,1
benchmark:kiwipete:3,kiwipete,28486,19,22,r1B5/p1ppk3/4P3/8/4n3/2PK4/2r2PP1/8 w - - 0 12,c8d7,100,1,-661,-659,-995,234,-569,LOWER,true,true,true,true,static,-569,ordinary-nonchecking-capture,1
benchmark:kiwipete:3,kiwipete,32133,8,11,r6r/p1p1qkb1/1n2pN2/3P2B1/4P3/2p5/PPP1KPPP/R6R b - - 0 6,c3b2,100,1,663,686,329,234,706,LOWER,true,true,true,true,static,706,ordinary-nonchecking-capture,1
benchmark:kiwipete:3,kiwipete,42158,14,17,r6b/p1pp4/Bn1k2N1/8/1p6/2N4p/PPP2PPP/5RK1 b - - 0 9,h3g2,100,1,-279,-273,-613,234,-255,LOWER,true,true,true,true,static,-255,ordinary-nonchecking-capture,1
corpus:tail-kiwipete-e1d1:full,tail-kiwipete-e1d1,3937,15,15,r3k2N/p1pp1p2/1n2q3/8/8/2Q5/PPP2K1P/R6q w q - 0 9,a1h1,975,1,-236,-235,-1444,233,-79,LOWER,true,true,true,true,static,-79,same-target-q-recapture,2
benchmark:kiwipete:3,kiwipete,3032,12,15,r3k3/p1p5/1n4q1/8/4n3/2p5/PPP1KPPP/R6R b q - 0 8,c3b2,100,1,762,800,429,233,955,LOWER,true,true,true,true,static,955,ordinary-nonchecking-capture,1
benchmark:kiwipete:3,kiwipete,4348,12,15,r3k3/p1p5/1n4q1/8/4n3/2p5/PPP1KPPP/R6R b q - 0 8,c3b2,100,1,762,771,429,233,955,LOWER,true,true,true,true,static,955,ordinary-nonchecking-capture,1
benchmark:kiwipete:3,kiwipete,11913,12,15,r4k1r/p1pP2b1/1n6/8/4n3/8/PPP1bPPP/R1K4R b - - 0 8,b6d7,100,1,590,604,257,233,692,LOWER,true,true,true,true,static,692,same-target-q-recapture,1
benchmark:kiwipete:3,kiwipete,24766,10,13,r3k2N/p1p2pb1/q4n2/8/4P3/2p5/PPP2PPP/R3K2R b KQq - 0 7,c3b2,100,1,590,668,257,233,790,LOWER,true,true,true,true,static,790,ordinary-nonchecking-capture,1
benchmark:kiwipete:3,kiwipete,43627,20,23,r7/p1pnk3/4P1p1/8/8/8/P1P1KP1P/Q7 b - - 0 12,e7e6,100,1,-290,-274,-623,233,-251,LOWER,true,true,true,true,static,-251,ordinary-nonchecking-capture,1
benchmark:kiwipete:3,kiwipete,54812,2,5,r3k2r/p1pp1pb1/B3pqp1/3P4/1pN1P3/2N4p/PPPB1PPP/R3K2R b KQkq - 0 3,h3g2,100,1,288,289,-45,233,302,LOWER,true,true,true,true,static,302,ordinary-nonchecking-capture,1
corpus:tail-evasion-:upper,tail-evasion-,348,9,9,r3k2r/Pppp1p1p/5Rbp/nPq5/B2NP3/8/P2P2PP/Q5K1 b kq - 0 5,c5a7,100,1,390,391,58,232,409,LOWER,true,true,true,true,static,409,ordinary-nonchecking-capture,1
benchmark:kiwipete:3,kiwipete,25613,10,13,r3k3/p1p1qNb1/4Pn2/8/4P3/8/PpPnKPPP/R6R b q - 0 7,e7e6,100,1,616,618,284,232,711,LOWER,true,true,true,true,static,711,ordinary-nonchecking-capture,1
corpus:tail-kiwipete-e1d1:full,tail-kiwipete-e1d1,3670,7,7,r3k2r/p1pp1pb1/1n2qnp1/4N3/4P3/2B2Q2/PPP1KPpP/R6R w kq - 0 5,f3g2,100,1,-263,-217,-594,231,-208,LOWER,true,true,true,true,static,-208,same-target-q-recapture,1
corpus:tail-kiwipete-e1d1:full,tail-kiwipete-e1d1,17053,10,10,r3k2N/p1pp4/1n2q1p1/8/4n3/2b2Q1p/PPP1KPPP/R6R b q - 0 6,h3g2,100,1,282,291,-49,231,290,EXACT,true,false,true,true,static,290,ordinary-nonchecking-capture,1
corpus:tail-evasion-:full,tail-evasion-,806,9,9,r3k2r/Pppp1p1p/5nbp/nP6/B1P1P3/B4N2/P5PP/R6K b kq - 0 5,a8a7,100,1,391,397,60,231,453,LOWER,true,true,true,true,static,453,ordinary-nonchecking-capture,5
corpus:tail-evasion-:lower,tail-evasion-,290,9,9,r3k2r/Pppp1p1p/5nbp/nP6/B1P1P3/B4N2/P5PP/R6K b kq - 0 5,a8a7,100,1,391,392,60,231,453,LOWER,true,true,true,true,static,453,ordinary-nonchecking-capture,3
benchmark:evasion:2,evasion,6775,15,17,r3k3/Pppp2pp/6N1/1P6/2n1n3/5R2/P5PP/R3K3 b q - 0 9,a8a7,100,1,-242,-240,-573,231,-142,LOWER,true,true,true,true,static,-142,ordinary-nonchecking-capture,2
benchmark:middlegame:2,middlegame,2350,13,15,r4R2/1ppkn1pp/p2p4/6n1/6N1/P1NP4/1PP3PP/1R2K3 b - - 0 17,a8f8,500,1,-4,-3,-735,231,76,LOWER,true,true,true,true,static,76,same-target-q-recapture,1
benchmark:middlegame:2,middlegame,2352,13,15,r4R2/1ppk2pp/p1np4/6n1/6N1/P1NP4/1PP1K1PP/1R6 b - - 0 17,a8f8,500,1,-4,-3,-735,231,98,LOWER,true,true,true,true,static,98,ordinary-nonchecking-capture,1
benchmark:kiwipete:3,kiwipete,3599,8,11,r3k2b/p1p1q3/1n2P1p1/8/1p2n3/8/PPPBKPPP/R6R b q - 0 6,e7e6,100,1,744,759,413,231,802,LOWER,true,true,true,true,static,802,same-target-q-recapture,1
benchmark:kiwipete:3,kiwipete,51856,14,17,2k5/p1pnqNb1/4P1p1/8/4n3/7P/PPP1KP1P/R6R b - - 0 9,e7e6,100,1,73,76,-258,231,179,LOWER,true,true,true,true,static,179,same-target-q-recapture,1
benchmark:kiwipete:3,kiwipete,52178,12,15,5k2/p1pnqP2/1n4p1/4b3/4P3/7P/PPPK1P1P/R6R b - - 0 8,f8f7,100,1,76,78,-255,231,163,LOWER,true,true,true,true,static,163,same-target-q-recapture,1
benchmark:evasion:3,evasion,18534,8,11,r3k2r/Pppp1p1p/5nbp/nP6/B3P3/B4N2/P5PP/R6K b kq - 0 6,a8a7,100,1,503,510,172,231,566,LOWER,true,true,true,true,static,566,ordinary-nonchecking-capture,7
corpus:tail-kiwipete-e1d1:full,tail-kiwipete-e1d1,4847,18,18,r2k4/p1pPq3/1n4Q1/8/8/8/PbPK1P1P/7R b - - 0 10,d8d7,100,1,256,263,-74,230,401,LOWER,true,true,true,true,static,401,same-target-q-recapture,2
corpus:tail-kiwipete-e1d1:full,tail-kiwipete-e1d1,18361,18,18,r2k4/p1pPq3/1n4Q1/8/8/8/PbPK1P1P/7R b - - 0 10,d8d7,100,1,256,291,-74,230,401,LOWER,true,true,true,true,static,401,same-target-q-recapture,2
corpus:tail-kiwipete-e1d1:full,tail-kiwipete-e1d1,20072,14,14,7r/p1pk2b1/Bn3np1/8/4Q3/8/PPPp1P1P/R2K3R b - - 0 8,f6e4,975,1,291,300,-914,230,293,EXACT,true,false,true,true,static,293,same-target-q-recapture,1
benchmark:kiwipete:2,kiwipete,4388,11,13,r2k3N/p1p3b1/Bn2p3/8/8/2p4P/PPPn1P1P/R3K2R b KQ - 0 7,c3b2,100,1,-295,-283,-625,230,-270,LOWER,true,true,true,true,static,-270,ordinary-nonchecking-capture,1
benchmark:middlegame:2,middlegame,4735,13,15,r4R2/1ppkn1pp/p2p4/6n1/6N1/P1NP4/RPP3PP/4K3 b - - 0 17,a8f8,500,1,-1,0,-731,230,81,LOWER,true,true,true,true,static,81,same-target-q-recapture,1
benchmark:kiwipete:3,kiwipete,14466,8,11,4k3/p1p1qNb1/1n2Pn2/8/4P3/2p5/PPPrbPPP/R3K2R b KQ - 0 6,e7e6,100,1,594,602,264,230,677,LOWER,true,true,true,true,static,677,ordinary-nonchecking-capture,1
benchmark:kiwipete:3,kiwipete,40692,10,13,r2k3N/p1p3b1/Bn2p3/8/8/2p4P/PPPn1P1P/R3K2R b KQ - 0 7,c3b2,100,1,-295,-273,-625,230,-270,LOWER,true,true,true,true,static,-270,ordinary-nonchecking-capture,1
benchmark:kiwipete:3,kiwipete,51828,14,17,2k5/p1pnqNb1/4P1p1/8/4n3/7P/PPP2P1P/R1K4R b - - 0 9,e7e6,100,1,73,76,-257,230,193,LOWER,true,true,true,true,static,193,same-target-q-recapture,1
corpus:tail-kiwipete-e1d1:full,tail-kiwipete-e1d1,1033,20,20,r6r/p2Pkpb1/8/8/8/8/PPPK1P1P/7R b - - 0 11,e7d7,100,1,261,263,-68,229,436,LOWER,true,true,true,true,static,436,ordinary-nonchecking-capture,2
corpus:tail-kiwipete-e1d1:full,tail-kiwipete-e1d1,3065,18,18,r6r/2p3b1/1p4p1/6k1/4P3/7p/PPPK1PPP/R6R b - - 0 10,h3g2,100,1,173,217,-156,229,250,LOWER,true,true,true,true,static,250,ordinary-nonchecking-capture,1
corpus:tail-kiwipete-e1d1:full,tail-kiwipete-e1d1,8029,20,20,r6r/p2Pkpb1/8/8/8/8/PPPK1P1P/7R b - - 0 11,e7d7,100,1,261,266,-68,229,436,LOWER,true,true,true,true,static,436,ordinary-nonchecking-capture,2
benchmark:evasion:2,evasion,8721,3,5,r3k2r/Pppp1ppp/1b3nbN/nP6/BBPPP3/4qN2/P4RPP/Q5K1 b kq - 0 3,a8a7,100,1,391,410,62,229,439,LOWER,true,true,true,true,static,439,ordinary-nonchecking-capture,1
benchmark:kiwipete:3,kiwipete,48915,12,15,B6r/p3kp2/1n4p1/3pb3/8/7p/PPPK1PPP/R6R b - - 0 8,h3g2,100,1,-61,-32,-390,229,44,LOWER,true,true,true,true,static,44,ordinary-nonchecking-capture,2
corpus:tail-kiwipete-e1d1:full,tail-kiwipete-e1d1,6306,12,12,r2k3b/p1pp1q2/1n3n2/8/4P3/7p/PPPQ1PPP/R2K3R b - - 0 7,h3g2,100,1,246,263,-82,228,315,LOWER,true,true,true,true,static,315,ordinary-nonchecking-capture,1
corpus:tail-kiwipete-e1d1:full,tail-kiwipete-e1d1,8712,12,12,7r/p1pkq1b1/1n3np1/8/4P3/5Q1p/PPPK1PPP/R6R b - - 0 7,e7e4,100,1,201,291,-127,228,297,LOWER,true,true,true,true,static,297,ordinary-nonchecking-capture,1
corpus:tail-kiwipete-e1d1:full,tail-kiwipete-e1d1,13229,12,12,r2k3b/p1pp1q2/1n3n2/8/4P3/7p/PPPQ1PPP/R2K3R b - - 0 7,h3g2,100,1,246,282,-82,228,315,LOWER,true,true,true,true,static,315,ordinary-nonchecking-capture,1
corpus:tail-kiwipete-e1d1:full,tail-kiwipete-e1d1,6001,12,12,7r/p1pkq1b1/1n3np1/8/4P3/7p/PPPKQPPP/R6R b - - 0 7,e7e4,100,1,210,263,-117,227,266,LOWER,true,true,true,true,static,266,ordinary-nonchecking-capture,1
corpus:tail-kiwipete-e1d1:full,tail-kiwipete-e1d1,12885,12,12,7r/p1pkq1b1/1n3np1/8/4P3/7p/PPPKQPPP/R6R b - - 0 7,e7e4,100,1,210,282,-117,227,297,LOWER,true,true,true,true,static,297,ordinary-nonchecking-capture,1
corpus:tail-evasion-:full,tail-evasion-,1407,9,9,r3k2r/Pppp1p1p/5Qbp/nPB5/q3P3/5N2/P2P2PP/5R1K b kq - 0 5,a8a7,100,-1,163,359,-164,227,-32757,UPPER,false,false,false,false,mate,26,SEE-negative;mate,3
corpus:tail-evasion-:upper,tail-evasion-,553,5,5,r3k2r/Pppp1ppp/1b3nbN/nPP5/B3P3/B4N2/P2P2PP/3R2K1 b kq - 0 3,b6a7,100,1,390,391,63,227,470,LOWER,true,true,true,true,static,470,ordinary-nonchecking-capture,1
benchmark:kiwipete:3,kiwipete,30141,12,15,r3k3/p1p1q1b1/1n2P1N1/8/8/8/PP2NPPP/n3K2R b Kq - 0 8,e7e6,100,1,629,632,302,227,735,LOWER,true,true,true,true,static,735,ordinary-nonchecking-capture,1
benchmark:kiwipete:3,kiwipete,32552,6,9,N3k2r/p1p1q1b1/4pn2/3P2p1/4P3/2p5/PPPBbPPP/R3K2R b KQk - 0 5,c3b2,100,1,663,686,336,227,712,LOWER,true,true,true,true,static,712,ordinary-nonchecking-capture,1
benchmark:kiwipete:3,kiwipete,41986,17,20,r7/p1pp4/Bn1k2N1/8/1p6/2P5/P1P2PpP/5RK1 w - - 0 11,g1g2,100,1,273,296,-54,227,387,LOWER,true,true,true,true,static,387,same-target-q-recapture,2
benchmark:kiwipete:2,kiwipete,849,13,15,r7/p1p1k3/B2pP1p1/4b3/1B6/7r/PPP2P1P/R3K2R b KQ - 0 8,e7e6,100,1,-473,-471,-799,226,-420,LOWER,true,true,true,true,static,-420,same-target-q-recapture,4
benchmark:kiwipete:2,kiwipete,2470,9,11,r2k3r/p1pp1Pb1/Bn4N1/8/8/2p4p/PPP2PPP/R3K2R b KQ - 0 6,c3b2,100,1,-310,-283,-636,226,-251,LOWER,true,true,true,true,static,-251,ordinary-nonchecking-capture,1
benchmark:kiwipete:3,kiwipete,38632,8,11,r2k3r/p1pp1Pb1/Bn4N1/8/8/2p4p/PPP2PPP/R3K2R b KQ - 0 6,c3b2,100,1,-310,-274,-636,226,-251,LOWER,true,true,true,true,static,-251,ordinary-nonchecking-capture,1
corpus:tail-kiwipete-e1d1:full,tail-kiwipete-e1d1,11735,15,15,r2k1r2/p1pp2Q1/1n3n2/4q3/4P3/8/PPP1KP1P/R2r3R w - - 0 9,e2d1,500,1,-291,-290,-1016,225,-244,LOWER,true,true,true,true,static,-244,ordinary-nonchecking-capture,1
benchmark:kiwipete:2,kiwipete,3942,13,15,r6b/p1pPk3/Bn4p1/8/4n3/7p/PPP2PPP/R4K1R b - - 0 8,e7d7,100,1,-310,-289,-635,225,-278,LOWER,true,true,true,true,static,-278,same-target-q-recapture,2
benchmark:evasion:2,evasion,9083,12,14,4k2r/1Qpp1ppp/5n1N/1Pb5/r7/8/1R1P2PP/5R1K w k - 0 8,b7c7,100,1,880,889,555,225,955,LOWER,true,true,true,true,static,955,ordinary-nonchecking-capture,2
benchmark:kiwipete:3,kiwipete,4438,6,9,r3k2N/p1p1q1b1/Bn2p1p1/3P4/8/2p5/PPPn1PPP/R3K2R b KQq - 0 5,c3b2,100,1,771,797,446,225,907,LOWER,true,true,true,true,static,907,ordinary-nonchecking-capture,1
benchmark:kiwipete:3,kiwipete,16168,12,15,r3k3/p1p2rb1/1n3np1/8/4P3/8/PPP1KPPP/R6R b q - 0 8,f6e4,100,1,626,629,301,225,643,LOWER,true,true,true,true,static,643,ordinary-nonchecking-capture,1
benchmark:kiwipete:3,kiwipete,54982,14,17,r4R1r/p1p3b1/2k3p1/8/2B1P3/7p/P1PK1PPP/R7 b - - 0 9,h8f8,500,1,266,289,-459,225,269,EXACT,true,false,true,true,static,269,ordinary-nonchecking-capture,2
benchmark:middlegame:3,middlegame,40910,12,15,B4Bk1/2p2ppp/p2p4/3Np3/4n3/P2b4/1PP3PP/R3K3 b - - 0 17,d3c2,100,1,-111,-22,-436,225,-105,EXACT,true,false,true,true,static,-105,ordinary-nonchecking-capture,1
corpus:tail-evasion-:lower,tail-evasion-,22,5,5,r3k2r/Pppp1ppp/1b3nbN/nP6/B1P1P3/B4N2/P2P2PP/3R3K b kq - 0 3,a8a7,100,1,391,392,68,223,466,LOWER,true,true,true,true,static,466,ordinary-nonchecking-capture,1
benchmark:kiwipete:3,kiwipete,41650,15,18,r7/p1pp4/Bn2k1N1/8/1p6/2P5/P1P2PpP/5RK1 w - - 0 10,g1g2,100,1,273,296,-50,223,391,LOWER,true,true,true,true,static,391,same-target-q-recapture,1
benchmark:kiwipete:3,kiwipete,62346,14,17,7N/pk1q2b1/5np1/8/1B2P3/5b1p/PPP2PPP/R3K2R b KQ - 0 9,h3g2,100,1,-104,-32,-427,223,-30,LOWER,true,true,true,true,static,-30,ordinary-nonchecking-capture,1
benchmark:middlegame:3,middlegame,35885,11,14,r5k1/1pp2ppp/p2B4/3Pp3/2B5/P2P4/2P2PPP/b4K2 w - - 0 17,d6c7,100,1,10,105,-313,223,113,LOWER,true,true,true,true,static,113,ordinary-nonchecking-capture,1
corpus:tail-evasion-:upper,tail-evasion-,29,5,5,r3k2r/Pppp1ppp/1b3nbN/nP6/B1P1P3/B4N2/P2P2PP/3R3K b kq - 0 3,a8a7,100,1,390,391,68,222,466,LOWER,true,true,true,true,static,466,ordinary-nonchecking-capture,1
benchmark:kiwipete:2,kiwipete,10576,6,8,r4k1r/p1pq1pb1/1n2p1p1/3P4/1p2P3/5Q2/PPPBNPpP/R3K2R w KQ - 0 5,f3g2,100,1,85,98,-237,222,90,EXACT,true,false,true,true,static,90,same-target-q-recapture,2
benchmark:kiwipete:3,kiwipete,13728,18,21,2Bk4/p1pPq3/1n4p1/8/5K2/8/PbP2PP1/7R b - - 1 11,b6d7,100,1,590,650,268,222,754,LOWER,true,true,true,true,static,754,ordinary-nonchecking-capture,1
benchmark:kiwipete:3,kiwipete,51846,14,17,2k5/p1pnqNb1/4P1p1/8/4n3/7P/PPP2P1P/R3K2R b - - 0 9,e7e6,100,1,73,76,-249,222,189,LOWER,true,true,true,true,static,189,same-target-q-recapture,1
benchmark:kiwipete:3,kiwipete,51898,14,17,2k5/p1pnqNb1/4P1p1/8/4n3/4K2P/PPP2P1P/R6R b - - 0 9,e7e6,100,1,73,76,-249,222,252,LOWER,true,true,true,true,static,252,same-target-q-recapture,1
benchmark:evasion:2,evasion,11055,7,9,r3k2r/Pppp1ppp/5nbN/nP6/1Q2P3/5N2/P2P2PP/R6K b kq - 0 5,a8a7,100,1,-248,-161,-569,221,-174,EXACT,true,false,true,true,static,-174,ordinary-nonchecking-capture,4
benchmark:evasion:2,evasion,11286,7,9,r3k2r/Pppp1ppp/5nbN/nP6/1Q2P3/5N2/P2P2PP/R6K b kq - 0 5,a8a7,100,1,-248,-134,-569,221,-174,EXACT,true,false,true,true,static,-174,ordinary-nonchecking-capture,2
benchmark:middlegame:2,middlegame,4737,13,15,r4R2/1ppk2pp/p1np4/6n1/6N1/P1NP4/RPP1K1PP/8 b - - 0 17,a8f8,500,1,-1,0,-722,221,111,LOWER,true,true,true,true,static,111,ordinary-nonchecking-capture,1
benchmark:middlegame:2,middlegame,5793,13,15,r4R2/1ppkn1pp/p2p4/6n1/6N1/P1NP4/1PP3PP/R3K3 b - - 0 17,a8f8,500,1,-16,-4,-737,221,75,LOWER,true,true,true,true,static,75,same-target-q-recapture,1
benchmark:kiwipete:3,kiwipete,6176,12,15,r3k3/p1pp4/1n4N1/3n4/8/2p5/PPq2PPP/R4K1R b q - 0 8,c2b2,100,1,801,809,480,221,927,LOWER,true,true,true,true,static,927,ordinary-nonchecking-capture,1
benchmark:kiwipete:3,kiwipete,48621,10,13,r6N/p1pp2b1/5kp1/8/1p2P3/7p/PPPn1PPP/R3K2R b KQ - 0 7,h3g2,100,1,-61,-54,-382,221,-45,LOWER,true,true,true,true,static,-45,ordinary-nonchecking-capture,1
benchmark:middlegame:3,middlegame,21378,12,15,r4R2/1ppkn1pp/p2p4/6n1/6N1/P1NP4/1PP3PP/R3K3 b - - 0 17,a8f8,500,1,-16,-10,-737,221,75,LOWER,true,true,true,true,static,75,same-target-q-recapture,1
corpus:tail-kiwipete-e1d1:full,tail-kiwipete-e1d1,6303,12,12,r2k3b/p1pp1q2/1n3n2/8/4P3/7p/PPPKQPPP/R6R b - - 0 7,h3g2,100,1,246,263,-74,220,323,LOWER,true,true,true,true,static,323,ordinary-nonchecking-capture,1
corpus:tail-kiwipete-e1d1:full,tail-kiwipete-e1d1,13226,12,12,r2k3b/p1pp1q2/1n3n2/8/4P3/7p/PPPKQPPP/R6R b - - 0 7,h3g2,100,1,246,282,-74,220,323,LOWER,true,true,true,true,static,323,ordinary-nonchecking-capture,1
benchmark:kiwipete:3,kiwipete,10276,3,6,r3k2r/p1p2pb1/1n1qPnp1/4N3/1p2P3/2N5/PPPBbPPP/R3K2R w KQkq - 0 4,e5f7,100,1,-704,-641,-1024,220,-632,LOWER,true,true,true,true,static,-632,ordinary-nonchecking-capture,1
benchmark:kiwipete:3,kiwipete,31202,8,11,r3k2N/p1p3b1/1n2qn2/6B1/4P3/2p5/PPP1bPPP/R3K2R b KQq - 0 6,e6e4,100,1,602,663,282,220,651,EXACT,true,false,true,false,static,730,ordinary-nonchecking-capture,2
benchmark:kiwipete:3,kiwipete,52112,12,15,3k4/p1pPqp2/1n4p1/4b3/4P3/7P/PPPK1P1P/R6R b - - 0 8,d8d7,100,1,-6,76,-326,220,112,LOWER,true,true,true,true,static,112,same-target-q-recapture,1
benchmark:evasion:2,evasion,310,3,5,r3k2r/Pppp1ppp/1b3nbN/nP6/QBP1P3/5N2/P2P2PP/R6K b kq - 0 3,a8a7,100,1,-267,159,-586,219,-197,EXACT,true,false,true,true,static,-197,ordinary-nonchecking-capture,1
benchmark:kiwipete:3,kiwipete,9049,12,15,r5k1/p1p2rb1/1n3np1/8/4P3/8/PPP1KPPP/R6R b - - 0 8,f6e4,100,1,641,661,322,219,661,LOWER,true,true,true,true,static,661,ordinary-nonchecking-capture,1
benchmark:evasion:3,evasion,301,2,5,r3k2r/Pppp1ppp/1b3nbN/nP6/QBP1P3/5N2/P2P2PP/R6K b kq - 0 3,a8a7,100,1,-267,384,-586,219,-197,EXACT,true,false,true,true,static,-197,ordinary-nonchecking-capture,1
benchmark:evasion:3,evasion,18918,4,7,r3k2r/Pppp1ppp/5nbN/nPq5/B2NP3/8/P2P2PP/Q4RK1 b kq - 1 4,c5a7,100,1,503,523,184,219,539,LOWER,true,true,true,true,static,539,ordinary-nonchecking-capture,4
benchmark:kiwipete:3,kiwipete,27600,10,13,r1n1k2b/p1p1q3/4Pnp1/8/4P3/8/PPPK1PPP/R6R b q - 0 7,e7e6,100,1,590,641,272,218,673,LOWER,true,true,true,true,static,673,ordinary-nonchecking-capture,5
benchmark:kiwipete:3,kiwipete,27932,10,13,r1n1k2b/p1p1q3/4Pnp1/8/4P3/8/PPPK1PPP/R6R b q - 0 7,e7e6,100,1,590,621,272,218,673,LOWER,true,true,true,true,static,673,same-target-q-recapture,2
benchmark:kiwipete:3,kiwipete,28119,10,13,r1n1k2b/p1p1q3/4Pnp1/8/4P3/8/PPPK1PPP/R6R b q - 0 7,e7e6,100,1,590,608,272,218,673,LOWER,true,true,true,true,static,673,ordinary-nonchecking-capture,3
corpus:tail-kiwipete-e1d1:full,tail-kiwipete-e1d1,6578,14,14,r2k3r/p4P2/1n1p1bp1/8/4P3/7p/PPP2PPP/R2K3R b - - 0 8,h3g2,100,1,179,263,-138,217,266,LOWER,true,true,true,true,static,266,ordinary-nonchecking-capture,1
corpus:tail-kiwipete-e1d1:full,tail-kiwipete-e1d1,17761,14,14,r2k3r/p4P2/1n1p1bp1/8/4P3/7p/PPP2PPP/R2K3R b - - 0 8,h3g2,100,1,179,282,-138,217,266,EXACT,true,false,true,true,static,266,ordinary-nonchecking-capture,1
benchmark:middlegame:2,middlegame,5509,10,12,r7/1pp1q1pp/p1npk3/6n1/6N1/P1NPK3/1PP1Q1PP/R4r2 w - - 0 16,e2f1,500,1,-1,0,-718,217,96,LOWER,true,true,true,true,static,96,same-target-q-recapture,2
benchmark:kiwipete:3,kiwipete,8918,10,13,r5k1/p1p1qNb1/1n3np1/8/4P3/8/PPPK1PPP/R6R b - - 0 7,e7e4,100,1,702,703,385,217,914,LOWER,true,true,true,true,static,914,ordinary-nonchecking-capture,1
benchmark:kiwipete:3,kiwipete,14219,11,14,3r3r/p1p1kpb1/1n2P3/8/4n3/8/PPP1bPPP/R3K2R w - - 0 8,e6f7,100,1,-602,-590,-919,217,-587,LOWER,true,true,true,true,static,-587,ordinary-nonchecking-capture,1
benchmark:kiwipete:3,kiwipete,29293,10,13,r3k2b/p1p1q2n/1n2P1p1/8/4P3/8/PPP1KPPP/R6R b q - 0 7,e7e6,100,1,590,658,273,217,654,EXACT,true,false,true,true,static,654,ordinary-nonchecking-capture,1
benchmark:kiwipete:3,kiwipete,29304,10,13,r3k2b/p1p1q2n/1n2P1p1/8/4P3/8/PPPK1PPP/R6R b q - 0 7,e7e6,100,1,590,658,273,217,674,LOWER,true,true,true,true,static,674,ordinary-nonchecking-capture,2
benchmark:kiwipete:3,kiwipete,29393,10,13,r3k2b/p1p1q2n/1n2P1p1/8/4P3/8/PPPK1PPP/R6R b q - 0 7,e7e6,100,1,590,621,273,217,674,LOWER,true,true,true,true,static,674,same-target-q-recapture,2
benchmark:kiwipete:3,kiwipete,29402,10,13,r3k2b/p1p1q2n/1n2P1p1/8/4P3/8/PPP1KPPP/R6R b q - 0 7,e7e6,100,1,590,621,273,217,654,LOWER,true,true,true,true,static,654,same-target-q-recapture,1
benchmark:kiwipete:3,kiwipete,29503,10,13,r3k2b/p1p1q2n/1n2P1p1/8/4P3/8/PPP1KPPP/R6R b q - 0 7,e7e6,100,1,590,598,273,217,654,LOWER,true,true,true,true,static,654,ordinary-nonchecking-capture,2
benchmark:kiwipete:3,kiwipete,29506,10,13,r3k2b/p1p1q2n/1n2P1p1/8/4P3/8/PPPK1PPP/R6R b q - 0 7,e7e6,100,1,590,598,273,217,674,LOWER,true,true,true,true,static,674,ordinary-nonchecking-capture,3
benchmark:kiwipete:3,kiwipete,31699,12,15,r3k2b/p1p1q3/1n2P3/6p1/8/2P5/P1PK1PPP/R6R b q - 0 8,e7e6,100,1,633,653,316,217,848,LOWER,true,true,true,true,static,848,ordinary-nonchecking-capture,1
benchmark:kiwipete:3,kiwipete,50278,12,15,r5k1/p1pPqp2/B5p1/8/4n3/2P4P/P1P2P1P/R3K2R b KQ - 0 8,e7d7,100,1,182,227,-135,217,377,LOWER,true,true,true,true,static,377,same-target-q-recapture,1
benchmark:evasion:3,evasion,6048,6,9,r3k2r/Pppp1ppp/5nbN/nP6/B1PNP3/8/P5PP/R5K1 b kq - 0 5,a8a7,100,1,523,543,206,217,608,LOWER,true,true,true,true,static,608,ordinary-nonchecking-capture,1
benchmark:middlegame:3,middlegame,26561,12,15,r6k/2p2ppp/2Np1n2/4p1B1/4P3/P7/1PP3PP/R4K2 b - - 0 17,f6e4,100,1,-55,-44,-372,217,12,LOWER,true,true,true,true,static,12,ordinary-nonchecking-capture,1
corpus:tail-kiwipete-e1d1:full,tail-kiwipete-e1d1,5421,15,15,r2k1r2/p1pp2Q1/1n3n2/4q3/4P3/8/PPP1KP1P/R2r3R w - - 0 9,e2d1,500,1,-300,-290,-1016,216,-244,LOWER,true,true,true,true,static,-244,ordinary-nonchecking-capture,1
corpus:tail-kiwipete-e1d1:full,tail-kiwipete-e1d1,18943,15,15,r2k1r2/p1pp2Q1/1n3n2/4q3/4P3/8/PPP1KP1P/R2r3R w - - 0 9,e2d1,500,1,-300,-291,-1016,216,-244,LOWER,true,true,true,true,static,-244,ordinary-nonchecking-capture,2
corpus:tail-kiwipete-e1d1:lower,tail-kiwipete-e1d1,319,15,15,r2k1r2/p1pp2Q1/1n3n2/4q3/4P3/8/PPP1KP1P/R2r3R w - - 0 9,e2d1,500,1,-300,-299,-1016,216,-244,LOWER,true,true,true,true,static,-244,ordinary-nonchecking-capture,3
corpus:tail-evasion-:full,tail-evasion-,263,9,9,r3k2N/Pppp2pp/1b3nb1/nP6/q2PP3/5N2/P5PP/Q4RK1 b q - 0 5,a8a7,100,1,388,410,72,216,389,EXACT,true,false,true,true,static,389,ordinary-nonchecking-capture,2
benchmark:middlegame:2,middlegame,5795,13,15,r4R2/1ppk2pp/p1np4/6n1/6N1/P1NP4/1PP1K1PP/R7 b - - 0 17,a8f8,500,1,-19,-4,-735,216,96,LOWER,true,true,true,true,static,96,ordinary-nonchecking-capture,1
benchmark:kiwipete:3,kiwipete,25555,6,9,r3k2N/p1p1qpb1/B3pn2/3P4/4P3/2p5/PPPn1PPP/R3K2R b KQq - 0 5,c3b2,100,1,590,618,274,216,659,LOWER,true,true,true,true,static,659,ordinary-nonchecking-capture,1
benchmark:evasion:3,evasion,5448,6,9,r3k2N/Pppp2pp/1b3nb1/nP6/q2PP3/5N2/P5PP/Q4RK1 b q - 0 5,a8a7,100,1,388,523,72,216,389,EXACT,true,false,true,true,static,389,ordinary-nonchecking-capture,1
benchmark:middlegame:3,middlegame,21380,12,15,r4R2/1ppk2pp/p1np4/6n1/6N1/P1NP4/1PP1K1PP/R7 b - - 0 17,a8f8,500,1,-19,-10,-735,216,96,LOWER,true,true,true,true,static,96,ordinary-nonchecking-capture,1
benchmark:middlegame:3,middlegame,37046,12,15,B7/2p2pkp/p2p4/2b1p3/3NP3/P7/1Pb2PPP/R5K1 b - - 0 17,e5d4,320,1,-104,-59,-640,216,-39,LOWER,true,true,true,true,static,-39,ordinary-nonchecking-capture,1
benchmark:kiwipete:3,kiwipete,27642,10,13,r1n1k2b/p1p1q3/4Pnp1/8/4P3/8/PPP1KPPP/R6R b q - 0 7,e7e6,100,1,590,641,275,215,662,LOWER,true,true,true,true,static,662,ordinary-nonchecking-capture,2
benchmark:kiwipete:3,kiwipete,28116,10,13,r1n1k2b/p1p1q3/4Pnp1/8/4P3/8/PPP1KPPP/R6R b q - 0 7,e7e6,100,1,590,608,275,215,662,LOWER,true,true,true,true,static,662,ordinary-nonchecking-capture,2
corpus:tail-evasion-f1f2:full,tail-evasion-f1f2,556,12,12,r3k2r/Pppp1ppp/6bN/nP6/2P5/B4B2/P5PP/6K1 b kq - 0 7,a8a7,100,1,855,870,541,214,942,LOWER,true,true,true,true,static,942,ordinary-nonchecking-capture,3
benchmark:middlegame:2,middlegame,2353,13,15,r4R2/1ppk2pp/p1np4/6n1/6N1/P2P4/1PP1N1PP/1R2K3 b - - 0 17,a8f8,500,1,-4,-3,-718,214,92,LOWER,true,true,true,true,static,92,ordinary-nonchecking-capture,1
corpus:tail-evasion-:full,tail-evasion-,1188,7,7,r3k2r/Pppp1p1p/1P3Qbp/nP6/qB2P3/5N2/P2P2PP/5RK1 b kq - 0 4,a8a7,100,-1,57,271,-256,213,-32759,UPPER,false,false,false,false,mate,-104,SEE-negative;mate,1
benchmark:middlegame:2,middlegame,4738,13,15,r4R2/1ppk2pp/p1np4/6n1/6N1/P2P4/RPP1N1PP/4K3 b - - 0 17,a8f8,500,1,-1,0,-714,213,97,LOWER,true,true,true,true,static,97,ordinary-nonchecking-capture,1
benchmark:kiwipete:3,kiwipete,17446,10,13,r3k2b/p1p1q3/1n2Pnp1/8/4P3/8/PPPK1PPP/R6R b q - 0 7,e7e6,100,1,611,673,298,213,698,LOWER,true,true,true,true,static,698,ordinary-nonchecking-capture,5
benchmark:kiwipete:3,kiwipete,31133,10,13,r3k2b/p1p1q3/1n2Pn2/6p1/4P3/8/PPPK1PPP/R6R b q - 0 7,e7e6,100,1,608,663,295,213,695,LOWER,true,true,true,true,static,695,ordinary-nonchecking-capture,1
corpus:tail-kiwipete-e1d1:full,tail-kiwipete-e1d1,7540,14,14,r6r/p2Nkpb1/1n2P1p1/8/8/7p/PPPK1PPP/R6R b - - 0 8,h3g2,100,1,186,210,-126,212,233,LOWER,true,true,true,true,static,233,ordinary-nonchecking-capture,1
corpus:tail-kiwipete-e1d1:full,tail-kiwipete-e1d1,10759,7,7,r3k2r/p1pp1pb1/1n2qnp1/4N3/4P3/2B2Q2/PPP1KPpP/R6R w kq - 0 5,f3g2,100,1,-282,-217,-594,212,-208,LOWER,true,true,true,true,static,-208,same-target-q-recapture,1
benchmark:kiwipete:3,kiwipete,6213,10,13,r3k3/p1pp4/1n4q1/3P4/8/2p5/PPP1bPPP/R3K2R b KQq - 0 7,c3b2,100,1,801,816,489,212,847,LOWER,true,true,true,true,static,847,ordinary-nonchecking-capture,1
benchmark:kiwipete:3,kiwipete,29738,14,17,r3k1n1/p1p5/1n4N1/3p4/8/2P5/P1q2PPP/R4K1R b q - 0 9,c2c3,100,1,631,637,319,212,681,LOWER,true,true,true,true,static,681,same-target-q-recapture,1
benchmark:kiwipete:3,kiwipete,48582,12,15,r6N/p1pk1pb1/8/8/1p2n3/7p/PPP2PPP/R3K2R b KQ - 0 8,h3g2,100,1,-61,-54,-373,212,73,LOWER,true,true,true,true,static,73,ordinary-nonchecking-capture,1
benchmark:evasion:3,evasion,20155,12,15,r3k3/Pppp2pp/5nN1/1P6/1q2P3/4PN2/6PP/5RK1 b q - 0 8,a8a7,100,1,529,543,217,212,700,LOWER,true,true,true,true,static,700,ordinary-nonchecking-capture,1
benchmark:kiwipete:2,kiwipete,5032,11,13,r6r/p1pp1pb1/1n2k3/8/4K3/7p/PPP1QPPP/R6R b - - 0 7,h3g2,100,1,-175,-131,-486,211,-33,LOWER,true,true,true,true,static,-33,ordinary-nonchecking-capture,2
benchmark:middlegame:2,middlegame,2482,10,12,r7/1pp1q1pp/p1npk3/6n1/6N1/P1NPK3/1PP1Q1PP/1R3r2 w - - 0 16,e2f1,500,1,-6,-1,-717,211,93,LOWER,true,true,true,true,static,93,same-target-q-recapture,1
benchmark:kiwipete:3,kiwipete,2961,8,11,r3k2N/p1p1q3/1n2P1p1/8/1p2n3/8/PPPbKPPP/R6R b q - 0 6,e7e6,100,1,762,842,451,211,825,EXACT,true,false,true,true,static,825,ordinary-nonchecking-capture,1
benchmark:kiwipete:3,kiwipete,3005,8,11,r3k2N/p1p1q3/1n2P1p1/8/1p2n3/8/PPPbKPPP/R6R b q - 0 6,e7e6,100,1,762,825,451,211,825,LOWER,true,true,true,true,static,825,ordinary-nonchecking-capture,1
benchmark:kiwipete:3,kiwipete,4318,8,11,r3k2N/p1p1q3/1n2P1p1/8/1p2n3/8/PPPbKPPP/R6R b q - 0 6,e7e6,100,1,762,771,451,211,825,LOWER,true,true,true,true,static,825,ordinary-nonchecking-capture,2
benchmark:kiwipete:3,kiwipete,5583,14,17,r7/p1pp1k2/1n6/8/1p6/2P5/P1q2PPP/R4K1R b - - 0 9,b4c3,100,1,776,785,465,211,911,LOWER,true,true,true,true,static,911,same-target-q-recapture,1
benchmark:kiwipete:3,kiwipete,17488,10,13,r3k2b/p1p1q3/1n2Pnp1/8/4P3/8/PPP1KPPP/R6R b q - 0 7,e7e6,100,1,611,673,300,211,683,LOWER,true,true,true,true,static,683,ordinary-nonchecking-capture,2
benchmark:kiwipete:3,kiwipete,22731,12,15,r3k3/p1p5/1n3nN1/8/4q3/2p5/PPP1bPPP/R3K2R b q - 0 8,c3b2,100,1,865,868,554,211,1079,LOWER,true,true,true,true,static,1079,ordinary-nonchecking-capture,1
benchmark:kiwipete:3,kiwipete,29426,14,17,r3k3/p1p4n/1n4N1/3p4/8/2P5/P1q2PPP/R4K1R b q - 0 9,c2c3,100,1,613,621,302,211,664,LOWER,true,true,true,true,static,664,same-target-q-recapture,1
corpus:tail-kiwipete-e1d1:full,tail-kiwipete-e1d1,12728,13,13,r2k3r/p1pp1qb1/1n4N1/8/4Q3/2B5/PPP1KP1P/R6q w - - 1 8,a1h1,975,1,-283,-282,-1468,210,-265,LOWER,true,true,true,true,static,-265,ordinary-nonchecking-capture,1
benchmark:evasion:2,evasion,6669,17,19,r3k2r/P2p1ppp/6bN/1Q6/4n3/5R2/6PP/5K2 b kq - 0 10,a8a7,100,1,59,66,-251,210,165,LOWER,true,true,true,true,static,165,ordinary-nonchecking-capture,2
benchmark:evasion:2,evasion,12059,5,7,r3k2r/Pppp1ppp/5nbN/nP6/4P3/B4N2/P2P2PP/3B1RK1 b kq - 0 4,a8a7,100,1,101,222,-209,210,190,EXACT,true,false,true,true,static,190,ordinary-nonchecking-capture,2
benchmark:kiwipete:3,kiwipete,5248,12,15,r3k2N/p1pp1p2/1n6/8/1p6/2P1K3/P1q2PPP/R6R b q - 0 8,b4c3,100,1,833,840,523,210,974,LOWER,true,true,true,true,static,974,ordinary-nonchecking-capture,1
benchmark:kiwipete:3,kiwipete,6198,12,15,r3k3/p1pp4/1n6/3P4/8/2p5/PPP1KPqP/R6R b q - 0 8,c3b2,100,1,761,796,451,210,926,LOWER,true,true,true,true,static,926,ordinary-nonchecking-capture,1
benchmark:kiwipete:3,kiwipete,6210,12,15,r3k3/p1pp4/1n6/3P4/8/2p5/PPP1KPqP/R6R b q - 0 8,c3b2,100,1,761,801,451,210,926,LOWER,true,true,true,true,static,926,ordinary-nonchecking-capture,1
benchmark:kiwipete:3,kiwipete,22317,7,10,r3k2r/p1p1qp2/1n2Pnp1/4N3/4P3/2p5/PPP1bPPP/R1K4R w kq - 0 6,e5f7,100,1,-919,-892,-1229,210,-843,LOWER,true,true,true,true,static,-843,ordinary-nonchecking-capture,1
corpus:tail-kiwipete-e1d1:full,tail-kiwipete-e1d1,11509,5,5,r3k2r/p1ppqpb1/1n2Pnp1/4N3/4P3/2p2Q2/PPPBKPpP/R6R w kq - 0 4,f3g2,100,1,-291,-282,-600,209,-281,LOWER,true,true,true,true,static,-281,same-target-q-recapture,1
corpus:tail-kiwipete-e1d1:full,tail-kiwipete-e1d1,18063,7,7,r3k2N/p1ppq1b1/1n2pnp1/3P4/4P3/5Q2/PPPpKPpP/R6R w q - 0 5,f3g2,100,1,-291,-221,-600,209,-238,EXACT,true,false,true,true,static,-238,same-target-q-recapture,1
corpus:tail-evasion-f1f2:full,tail-evasion-f1f2,606,14,14,r6r/Pppp1kpp/6b1/nP6/2P5/B4B2/P4KPP/8 b - - 0 8,a8a7,100,1,855,870,546,209,983,LOWER,true,true,true,true,static,983,ordinary-nonchecking-capture,3
benchmark:kiwipete:3,kiwipete,23306,7,10,r3k2r/p1p1qp2/1n2Pnp1/4N3/4P3/2P5/P1PKbPPP/R6R w kq - 0 6,e5f7,100,1,-919,-890,-1228,209,-832,LOWER,true,true,true,true,static,-832,ordinary-nonchecking-capture,1
benchmark:kiwipete:3,kiwipete,34757,10,13,r3k2b/p3q3/1n2Pnp1/2p5/4P3/8/PPPK1PPP/R6R b q - 0 7,e7e6,100,1,602,660,293,209,696,LOWER,true,true,true,true,static,696,ordinary-nonchecking-capture,1
benchmark:kiwipete:3,kiwipete,45333,4,7,r6r/p1pp1kb1/Bn2p1p1/3P4/1p6/2N4p/PPPB1PPP/R3K2R b KQ - 0 4,h3g2,100,1,-44,19,-353,209,47,LOWER,true,true,true,true,static,47,ordinary-nonchecking-capture,1
benchmark:evasion:3,evasion,18897,4,7,r3k2r/Pppp1ppp/5nbN/nPq5/B3P3/5N2/P2P2PP/Q4R1K b kq - 1 4,c5a7,100,1,503,523,194,209,549,LOWER,true,true,true,true,static,549,ordinary-nonchecking-capture,4
corpus:tail-kiwipete-e1d1:full,tail-kiwipete-e1d1,17852,11,11,r3k2b/p1ppq3/1n2p1p1/3P4/4n3/5Q2/PPP2PpP/R1K4R w q - 0 7,f3g2,100,1,-291,-221,-599,208,-278,EXACT,true,false,true,true,static,-278,same-target-q-recapture,1
benchmark:evasion:2,evasion,7049,19,21,r4k1N/Pppp2pp/8/nP6/4K3/8/P5PP/R7 b - - 0 11,a8a7,100,1,-99,7,-407,208,260,LOWER,true,true,true,true,static,260,ordinary-nonchecking-capture,4
benchmark:evasion:2,evasion,11015,7,9,r3k2r/Pppp1ppp/5nbN/nP6/1Q2P3/5N2/P2P2PP/R4K2 b kq - 0 5,a8a7,100,1,-248,-118,-556,208,-161,EXACT,true,false,true,true,static,-161,ordinary-nonchecking-capture,4
benchmark:kiwipete:3,kiwipete,31781,8,11,r3k2N/p1p3b1/1n2qn2/6B1/4P3/2p5/PPP1bPPP/R3K2R b KQq - 0 6,e6e4,100,1,590,657,282,208,651,EXACT,true,false,true,false,static,730,ordinary-nonchecking-capture,1
benchmark:kiwipete:3,kiwipete,34804,10,13,r3k2b/p3q3/1n2Pnp1/2p5/4P3/8/PPPK1PPP/R6R b q - 0 7,e7e6,100,1,601,660,293,208,696,LOWER,true,true,true,true,static,696,ordinary-nonchecking-capture,4
benchmark:kiwipete:3,kiwipete,36449,8,11,N2k3r/p2p1pb1/B3p1p1/8/1p2q3/4B2p/PPP2PPP/R3K2R b KQ - 1 6,h3g2,100,1,225,293,-83,208,364,LOWER,true,true,true,true,static,364,ordinary-nonchecking-capture,1
benchmark:kiwipete:2,kiwipete,9267,9,11,r6N/p1pp1pb1/1n2pk2/3P4/4P3/2p2P1p/PPP2P1P/R3K2R b KQ - 0 6,c3b2,100,1,-62,-61,-369,207,-28,LOWER,true,true,true,true,static,-28,ordinary-nonchecking-capture,1
benchmark:kiwipete:3,kiwipete,20629,6,9,r3k2N/p1p1q3/1n2pnpB/3P4/4P3/2p5/PPP1bPPP/R3K2R b KQq - 0 5,c3b2,100,1,590,649,283,207,697,LOWER,true,true,true,true,static,697,ordinary-nonchecking-capture,1
benchmark:kiwipete:3,kiwipete,24223,12,15,r4b1r/p1p1kP2/1n6/8/4n3/8/PPP1bPPP/R1K4R b - - 0 8,e7f7,100,1,590,591,283,207,712,LOWER,true,true,true,true,static,712,same-target-q-recapture,1
benchmark:kiwipete:3,kiwipete,29441,10,13,r3k3/p1p1q2n/1n2P1p1/8/4P3/2b5/PPP1KPPP/R6R b q - 0 7,e7e6,100,1,598,621,291,207,675,LOWER,true,true,true,true,static,675,same-target-q-recapture,1
benchmark:kiwipete:3,kiwipete,29753,10,13,r3k1n1/p1p1q3/1n2P1p1/8/4P3/2b5/PPP1KPPP/R6R b q - 0 7,e7e6,100,1,617,637,310,207,689,LOWER,true,true,true,true,static,689,same-target-q-recapture,1
benchmark:kiwipete:3,kiwipete,31184,10,13,r3k2b/p1p1q3/1n2Pn2/6p1/4P3/8/PPPK1PPP/R6R b q - 0 7,e7e6,100,1,602,663,295,207,695,LOWER,true,true,true,true,static,695,ordinary-nonchecking-capture,4
benchmark:kiwipete:3,kiwipete,43370,20,23,3k3N/p1pP4/6p1/8/8/3K3p/P1P2PPP/b7 b - - 0 12,d8d7,100,1,-290,-273,-597,207,-63,LOWER,true,true,true,true,static,-63,same-target-q-recapture,1
benchmark:kiwipete:3,kiwipete,64867,8,11,r6N/p1pp1pb1/1n2pk2/3P4/4P3/2p2P1p/PPP2P1P/R3K2R b KQ - 0 6,c3b2,100,1,-62,-55,-369,207,-28,LOWER,true,true,true,true,static,-28,ordinary-nonchecking-capture,1
benchmark:evasion:2,evasion,6378,17,19,r3k2r/P2p1ppp/6bN/1Q6/4n3/5R2/6PP/3K4 b kq - 0 10,a8a7,100,1,66,108,-240,206,176,LOWER,true,true,true,true,static,176,ordinary-nonchecking-capture,2
benchmark:kiwipete:3,kiwipete,25646,10,13,r3k3/p1p1qNb1/4Pn2/8/4P3/8/PpPnKPPP/R6R b q - 0 7,e7e6,100,1,590,616,284,206,711,LOWER,true,true,true,true,static,711,ordinary-nonchecking-capture,1
benchmark:kiwipete:3,kiwipete,25772,10,13,r3k3/p1p1qNb1/4Pn2/8/4P3/8/PpPnKPPP/R6R b q - 0 7,e7e6,100,1,590,618,284,206,711,LOWER,true,true,true,true,static,711,same-target-q-recapture,2
benchmark:kiwipete:3,kiwipete,34801,10,13,r3k2b/p3q3/1n2Pnp1/2p5/4P3/8/PPP1KPPP/R6R b q - 0 7,e7e6,100,1,601,660,295,206,681,LOWER,true,true,true,true,static,681,ordinary-nonchecking-capture,2
benchmark:kiwipete:3,kiwipete,46765,10,13,q6r/p2pkpb1/BB4p1/8/1p6/7p/PPP2PPP/R3K2R b KQ - 0 7,h3g2,100,1,314,320,8,206,323,LOWER,true,true,true,true,static,323,ordinary-nonchecking-capture,1
benchmark:middlegame:3,middlegame,37619,12,15,B4k2/2p2ppp/p7/2b5/3pP3/P2b4/1PP2PPP/R5K1 b - - 0 17,d3c2,100,1,-111,-65,-417,206,9,LOWER,true,true,true,true,static,9,ordinary-nonchecking-capture,1
corpus:tail-kiwipete-e1d1:full,tail-kiwipete-e1d1,16963,12,12,r3k2N/p1pp4/1n4p1/8/4n3/2b4p/PPP1KPPP/R6R b q - 0 7,h3g2,100,1,282,291,-23,205,335,LOWER,true,true,true,true,static,335,ordinary-nonchecking-capture,1
corpus:deeper-two-reply-fork:lower,deeper-two-reply-fork,0,0,0,4k3/8/8/8/5n2/1rp5/P4Qp1/4K3 w - - 0 1,a2b3,500,1,40,41,-665,205,41,LOWER,true,true,true,true,static,41,ordinary-nonchecking-capture,1
benchmark:kiwipete:2,kiwipete,10598,13,15,r3k2r/p1p2pb1/1n4p1/3Q4/1B6/8/PPP1NP1P/R3K2R b KQ - 0 8,b6d5,975,1,-97,-90,-1277,205,-93,EXACT,true,false,true,true,static,-93,same-target-q-recapture,2
benchmark:kiwipete:3,kiwipete,3020,10,13,r3k2N/p1p5/1n2q1p1/8/4n3/2p5/PPP1KPPP/R6R b q - 0 7,c3b2,100,1,762,817,457,205,892,LOWER,true,true,true,true,static,892,ordinary-nonchecking-capture,1
benchmark:kiwipete:3,kiwipete,3051,10,13,r3k2N/p1p5/1n2q1p1/8/4n3/2p5/PPP1KPPP/R6R b q - 0 7,c3b2,100,1,762,825,457,205,892,LOWER,true,true,true,true,static,892,ordinary-nonchecking-capture,1
benchmark:kiwipete:3,kiwipete,4339,10,13,r3k2N/p1p5/1n2q1p1/8/4n3/2p5/PPP1KPPP/R6R b q - 0 7,c3b2,100,1,762,771,457,205,892,LOWER,true,true,true,true,static,892,ordinary-nonchecking-capture,2
benchmark:kiwipete:3,kiwipete,7289,8,11,N2k3r/p2n1qb1/5np1/8/1p2P3/8/PPPBbPPP/R3K2R b KQ - 0 6,f6e4,100,1,823,839,518,205,859,LOWER,true,true,true,true,static,859,ordinary-nonchecking-capture,1
benchmark:kiwipete:3,kiwipete,28358,19,22,r1B5/p1ppk3/4P3/8/4n3/2P1K3/2r2PP1/8 w - - 0 12,e6d7,100,1,-661,-641,-966,205,-626,LOWER,true,true,true,true,static,-626,ordinary-nonchecking-capture,1
benchmark:kiwipete:3,kiwipete,28510,19,22,r1B5/p1ppk3/4P3/8/4n3/2P1K3/2r2PP1/8 w - - 0 12,e6d7,100,1,-661,-659,-966,205,-626,LOWER,true,true,true,true,static,-626,ordinary-nonchecking-capture,1
benchmark:kiwipete:3,kiwipete,31181,10,13,r3k2b/p1p1q3/1n2Pn2/6p1/4P3/8/PPP1KPPP/R6R b q - 0 7,e7e6,100,1,602,663,297,205,680,LOWER,true,true,true,true,static,680,ordinary-nonchecking-capture,2
benchmark:kiwipete:2,kiwipete,10582,13,15,r3k2r/p1p2pb1/1n4p1/3Q4/1B6/8/PPP1NP1P/R3K2R b KQ - 0 8,b6d5,975,1,-98,-90,-1277,204,-93,EXACT,true,false,true,true,static,-93,same-target-q-recapture,4
benchmark:kiwipete:3,kiwipete,19674,8,11,r3k3/p1p1qN2/1n2Pnpr/8/4P3/2p5/PPP1KPPP/R6R b q - 0 6,e7e6,100,1,657,671,353,204,764,LOWER,true,true,true,true,static,764,ordinary-nonchecking-capture,3
benchmark:kiwipete:3,kiwipete,31254,10,13,r3k2N/p1p3b1/1n3q2/8/4P3/2p5/PPP1bPPP/R3K2R b KQq - 0 7,c3b2,100,1,602,663,298,204,833,LOWER,true,true,true,true,static,833,ordinary-nonchecking-capture,2
corpus:tail-kiwipete-e1d1:full,tail-kiwipete-e1d1,695,14,14,r4k1r/p2P1pb1/6p1/8/8/7p/PPPnKPPP/R6R b - - 0 8,h3g2,100,1,210,263,-93,203,261,EXACT,true,false,true,true,static,261,ordinary-nonchecking-capture,1
corpus:tail-kiwipete-e1d1:full,tail-kiwipete-e1d1,7691,14,14,r4k1r/p2P1pb1/6p1/8/8/7p/PPPnKPPP/R6R b - - 0 8,h3g2,100,1,210,266,-93,203,261,EXACT,true,false,true,true,static,261,ordinary-nonchecking-capture,1
corpus:tail-kiwipete-e1d1:full,tail-kiwipete-e1d1,16762,7,7,r3k2r/p1pp1pb1/1n2qnp1/4N3/4P3/2B2Q2/PPP1KPpP/R6R w kq - 0 5,f3g2,100,1,-291,-282,-594,203,-208,LOWER,true,true,true,true,static,-208,same-target-q-recapture,1
benchmark:kiwipete:2,kiwipete,3970,13,15,7r/p1pPk3/Bn4p1/8/4n3/2b4p/PPP1KPPP/R6R b - - 0 8,e7d7,100,1,-310,-289,-613,203,-235,LOWER,true,true,true,true,static,-235,same-target-q-recapture,2
benchmark:middlegame:2,middlegame,4047,11,13,r4R2/1pp1q1pp/p1np4/4k1n1/6Q1/P1NPK3/1PP3PP/4R3 b - - 0 16,a8f8,500,1,-27,-8,-730,203,171,LOWER,true,true,true,true,static,171,same-target-q-recapture,1
benchmark:kiwipete:3,kiwipete,3036,10,13,r3k3/p1p5/1n2q1N1/8/4n3/2p5/PPP1bPPP/R3K2R b KQq - 0 7,c3b2,100,1,800,817,497,203,892,LOWER,true,true,true,true,static,892,ordinary-nonchecking-capture,1
benchmark:kiwipete:3,kiwipete,6440,10,13,r3k3/p1pp2b1/1n4q1/8/4P3/2p5/PPP1KPPP/R6R b q - 0 7,g6g2,100,1,761,830,458,203,776,EXACT,true,false,true,false,static,858,ordinary-nonchecking-capture,1
benchmark:kiwipete:3,kiwipete,11506,10,13,r3kq1b/p1p5/1n2Pnp1/8/4P3/8/PPP1KPPP/R6R b q - 0 7,f6e4,100,1,590,650,287,203,642,EXACT,true,false,true,true,static,642,ordinary-nonchecking-capture,1
benchmark:kiwipete:3,kiwipete,23637,11,14,r3k2r/p1p5/Bn2p1p1/3P4/1q2n3/8/P1P2PPP/R4K1R w kq - 0 8,d5e6,100,1,-810,-809,-1113,203,-774,LOWER,true,true,true,true,static,-774,ordinary-nonchecking-capture,1
benchmark:kiwipete:3,kiwipete,40009,10,13,r6N/p1pp2b1/Bn2k3/8/8/2p4P/PPPn1P1P/R3K2R b KQ - 0 7,c3b2,100,1,-277,-256,-580,203,-244,LOWER,true,true,true,true,static,-244,ordinary-nonchecking-capture,1
benchmark:evasion:3,evasion,355,4,7,r3k2N/Pppp2pp/1b3nb1/nP6/q1P1P3/5N2/P2P2PP/Q4R1K b q - 0 4,a8a7,100,1,264,542,-39,203,286,EXACT,true,false,true,true,static,286,ordinary-nonchecking-capture,1
benchmark:middlegame:3,middlegame,7711,10,13,r4R2/1pp1q1pp/p1np4/4k1n1/6Q1/P1NPK3/1PP3PP/4R3 b - - 0 16,a8f8,500,1,-27,-10,-730,203,171,LOWER,true,true,true,true,static,171,same-target-q-recapture,1
corpus:tail-evasion-f1f2:full,tail-evasion-f1f2,545,12,12,r3k2r/Pppp1ppp/6bN/nP6/2P5/B4B2/P5PP/4K3 b kq - 0 7,a8a7,100,1,855,870,553,202,955,LOWER,true,true,true,true,static,955,ordinary-nonchecking-capture,3
corpus:tail-evasion-f1f2:full,tail-evasion-f1f2,590,12,12,r3k2r/Pppp1ppp/6bN/nP6/2P5/B4B2/P4KPP/8 b kq - 0 7,a8a7,100,1,855,870,553,202,955,LOWER,true,true,true,true,static,955,ordinary-nonchecking-capture,3
benchmark:kiwipete:3,kiwipete,20970,8,11,r3k2r/p1p1qN2/1n2Pnp1/8/4P3/2p5/PPP1KPPP/R6R b kq - 0 6,e7e6,100,1,671,677,369,202,762,LOWER,true,true,true,true,static,762,ordinary-nonchecking-capture,2
benchmark:kiwipete:3,kiwipete,30018,12,15,r3k3/p1p1q1b1/1n2P1N1/8/8/8/1PP1NPPP/n3K2R b Kq - 0 8,e7e6,100,1,616,643,314,202,747,LOWER,true,true,true,true,static,747,ordinary-nonchecking-capture,1
benchmark:kiwipete:3,kiwipete,36369,10,13,N6r/p3kpb1/B2pp1p1/8/1B2q3/7p/PPP2PPP/R2K3R b - - 1 7,h3g2,100,1,220,225,-82,202,367,LOWER,true,true,true,true,static,367,ordinary-nonchecking-capture,1
benchmark:kiwipete:3,kiwipete,51809,12,15,3k4/p1pnqP2/1n4p1/4b3/4P3/7P/PPPK1P1P/R6R b - - 0 8,e7f7,100,1,53,73,-249,202,190,LOWER,true,true,true,true,static,190,same-target-q-recapture,1
benchmark:kiwipete:3,kiwipete,51837,14,17,2k5/p1pnqNb1/4P1p1/8/4n3/7P/PPP2P1P/R2K3R b - - 0 9,e7e6,100,1,73,76,-229,202,208,LOWER,true,true,true,true,static,208,same-target-q-recapture,1
benchmark:evasion:3,evasion,18318,10,13,r3k2r/Pppp1p1p/5Rbp/nP6/B2NP3/8/P5PP/6K1 b kq - 0 7,a8a7,100,1,453,503,151,202,553,LOWER,true,true,true,true,static,553,ordinary-nonchecking-capture,1
corpus:deeper-one-reply-fork:lower,deeper-one-reply-fork,0,0,0,4k3/8/8/8/5n2/1rp2p2/P4Qp1/4K3 w - - 0 1,a2b3,500,1,-437,-436,-1138,201,-436,LOWER,true,true,true,true,static,-436,ordinary-nonchecking-capture,1
benchmark:kiwipete:2,kiwipete,4898,7,9,r3k2r/p1ppNpb1/1n2p3/3P4/4n3/7p/PPP1QPPP/R1K4R b kq - 1 5,h3g2,100,1,-175,-61,-476,201,-33,LOWER,true,true,true,true,static,-33,ordinary-nonchecking-capture,1
benchmark:kiwipete:3,kiwipete,7202,6,9,r3k3/p1pnq1b1/5nN1/3p4/4P3/2p5/PPPBbPPP/R3K2R b KQq - 0 5,c3b2,100,1,835,839,534,201,899,LOWER,true,true,true,true,static,899,ordinary-nonchecking-capture,1
benchmark:kiwipete:3,kiwipete,22649,10,13,r3k2N/p1p2p2/1n2qn2/8/4P3/2p5/PPP1bPPP/R3K2R b q - 0 7,c3b2,100,1,889,919,588,201,1088,LOWER,true,true,true,true,static,1088,ordinary-nonchecking-capture,1
benchmark:kiwipete:3,kiwipete,28109,12,15,r1n1k2b/p1p1q3/4P1p1/8/8/2P5/P1PK1PPP/R6R b q - 0 8,e7e6,100,1,597,608,296,201,812,LOWER,true,true,true,true,static,812,ordinary-nonchecking-capture,1
benchmark:kiwipete:3,kiwipete,29301,12,15,r3k3/p1p3bn/1n4q1/8/4P3/8/PPP1KPPP/R6R b q - 0 8,g6g2,100,1,654,658,353,201,671,LOWER,true,true,true,true,static,671,ordinary-nonchecking-capture,1
benchmark:kiwipete:3,kiwipete,56432,6,9,r3k2r/p1ppNpb1/1n2p3/3P4/4n3/7p/PPP1QPPP/R1K4R b kq - 1 5,h3g2,100,1,-175,-32,-476,201,-33,EXACT,true,false,true,true,static,-33,ordinary-nonchecking-capture,1
benchmark:kiwipete:3,kiwipete,64852,8,11,r6N/p1pp1pb1/1n1kp3/3P4/4P3/2p2P1p/PPP2P1P/R3K2R b KQ - 0 6,c3b2,100,1,-56,-50,-357,201,-22,LOWER,true,true,true,true,static,-22,ordinary-nonchecking-capture,1
benchmark:evasion:3,evasion,12265,4,7,r3k2N/Pppp2pp/1b3nb1/nP6/q1PPP3/5N2/P5PP/Q4RK1 b q - 0 4,a8a7,100,1,243,524,-58,201,269,EXACT,true,false,true,true,static,269,ordinary-nonchecking-capture,1
corpus:tail-kiwipete-e1d1:full,tail-kiwipete-e1d1,1631,12,12,7r/p1pkq1b1/1n3np1/8/4P3/5Q1p/PPPK1PPP/R6R b - - 0 7,e7e4,100,1,173,263,-127,200,266,LOWER,true,true,true,true,static,266,ordinary-nonchecking-capture,1
benchmark:kiwipete:2,kiwipete,4932,7,9,r3k2r/p1ppNpb1/1n2p3/3P4/4n3/7p/PPP1QPPP/R3K2R b kq - 1 5,h3g2,100,1,-175,-61,-475,200,-32,LOWER,true,true,true,true,static,-32,ordinary-nonchecking-capture,1
benchmark:kiwipete:3,kiwipete,11748,8,11,r3kq1r/p1p2Nb1/Bn2P1p1/8/8/2p5/PPP2PPP/R3K2R b KQkq - 0 6,c3b2,100,1,590,650,290,200,823,LOWER,true,true,true,true,static,823,ordinary-nonchecking-capture,1
benchmark:kiwipete:3,kiwipete,56473,6,9,r3k2r/p1ppNpb1/1n2p3/3P4/4n3/7p/PPP1QPPP/R3K2R b kq - 1 5,h3g2,100,1,-175,-33,-475,200,-32,LOWER,true,true,true,true,static,-32,ordinary-nonchecking-capture,1
benchmark:kiwipete:2,kiwipete,3957,17,19,7r/p1pp4/Bn2k1p1/8/8/2K4p/P1P2PPP/R6R b - - 0 10,h3g2,100,1,-305,-289,-604,199,4,LOWER,true,true,true,true,static,4,ordinary-nonchecking-capture,4
benchmark:middlegame:2,middlegame,2848,10,12,r7/1pp1q1pp/p1npk3/6n1/6N1/P1NPK3/1PP1Q1PP/2R2r2 w - - 0 16,e2f1,500,1,-6,6,-705,199,101,LOWER,true,true,true,true,static,101,same-target-q-recapture,1
benchmark:middlegame:2,middlegame,5796,13,15,r4R2/1ppk2pp/p1np4/6n1/6N1/P2P4/1PP1N1PP/R3K3 b - - 0 17,a8f8,500,1,-19,-4,-718,199,92,LOWER,true,true,true,true,static,92,ordinary-nonchecking-capture,1
benchmark:kiwipete:3,kiwipete,18107,12,15,r3k2b/p1p1q3/1n2P1p1/8/8/2P5/P1PK1PPP/R6R b q - 0 8,e7e6,100,1,623,632,324,199,844,LOWER,true,true,true,true,static,844,ordinary-nonchecking-capture,1
benchmark:kiwipete:3,kiwipete,51877,14,17,2k5/p1pnqNb1/4P1p1/8/4n3/3K3P/PPP2P1P/R6R b - - 0 9,e7e6,100,1,73,76,-226,199,266,LOWER,true,true,true,true,static,266,same-target-q-recapture,1
benchmark:middlegame:3,middlegame,21381,12,15,r4R2/1ppk2pp/p1np4/6n1/6N1/P2P4/1PP1N1PP/R3K3 b - - 0 17,a8f8,500,1,-19,-10,-718,199,92,LOWER,true,true,true,true,static,92,ordinary-nonchecking-capture,1
corpus:tail-kiwipete-e1d1:full,tail-kiwipete-e1d1,538,14,14,r6r/p2Nkpb1/1n2P1p1/8/8/7p/PPPK1PPP/R6R b - - 0 8,h3g2,100,1,172,210,-126,198,233,LOWER,true,true,true,true,static,233,ordinary-nonchecking-capture,1
benchmark:kiwipete:3,kiwipete,29598,10,13,r3k1nb/p1p1q3/1n2P1p1/8/4P3/8/PPP1KPPP/R6R b q - 0 7,e7e6,100,1,590,678,292,198,668,EXACT,true,false,true,true,static,668,ordinary-nonchecking-capture,1
benchmark:kiwipete:3,kiwipete,29609,10,13,r3k1nb/p1p1q3/1n2P1p1/8/4P3/8/PPPK1PPP/R6R b q - 0 7,e7e6,100,1,590,680,292,198,688,LOWER,true,true,true,true,static,688,ordinary-nonchecking-capture,2
benchmark:kiwipete:3,kiwipete,29705,10,13,r3k1nb/p1p1q3/1n2P1p1/8/4P3/8/PPPK1PPP/R6R b q - 0 7,e7e6,100,1,590,637,292,198,688,LOWER,true,true,true,true,static,688,same-target-q-recapture,2
benchmark:kiwipete:3,kiwipete,29714,10,13,r3k1nb/p1p1q3/1n2P1p1/8/4P3/8/PPP1KPPP/R6R b q - 0 7,e7e6,100,1,590,637,292,198,668,LOWER,true,true,true,true,static,668,same-target-q-recapture,1
benchmark:kiwipete:3,kiwipete,29824,10,13,r3k1nb/p1p1q3/1n2P1p1/8/4P3/8/PPP1KPPP/R6R b q - 0 7,e7e6,100,1,590,617,292,198,668,LOWER,true,true,true,true,static,668,ordinary-nonchecking-capture,2
benchmark:kiwipete:3,kiwipete,29827,10,13,r3k1nb/p1p1q3/1n2P1p1/8/4P3/8/PPPK1PPP/R6R b q - 0 7,e7e6,100,1,590,617,292,198,688,LOWER,true,true,true,true,static,688,ordinary-nonchecking-capture,3
benchmark:kiwipete:3,kiwipete,46788,12,15,7r/p2p1pb1/BN3kp1/8/1q6/7p/PPP2PPP/R2K3R b - - 0 8,h3g2,100,1,325,392,27,198,332,EXACT,true,false,true,true,static,332,ordinary-nonchecking-capture,1
corpus:tail-kiwipete-e1d1:full,tail-kiwipete-e1d1,3705,8,8,r3k2r/p1pp1pb1/1n2q1p1/4N3/4Q3/2B4p/PPP1KPPP/R6R b kq - 0 5,h3g2,100,1,217,263,-80,197,267,LOWER,true,true,true,true,static,267,ordinary-nonchecking-capture,1
corpus:tail-kiwipete-e1d1:full,tail-kiwipete-e1d1,10794,8,8,r3k2r/p1pp1pb1/1n2q1p1/4N3/4Q3/2B4p/PPP1KPPP/R6R b kq - 0 5,h3g2,100,1,217,282,-80,197,333,LOWER,true,true,true,true,static,333,ordinary-nonchecking-capture,1
benchmark:kiwipete:2,kiwipete,4941,9,11,r6r/p1ppkpb1/1n2p3/3P4/4K3/7p/PPP1QPPP/R6R b - - 0 6,h3g2,100,1,-175,-98,-472,197,-32,LOWER,true,true,true,true,static,-32,ordinary-nonchecking-capture,2
benchmark:kiwipete:2,kiwipete,5003,9,11,r6r/p1ppkpb1/1n2p3/3P4/4K3/7p/PPP1QPPP/R6R b - - 0 6,h3g2,100,1,-175,-110,-472,197,-32,LOWER,true,true,true,true,static,-32,ordinary-nonchecking-capture,2
benchmark:kiwipete:3,kiwipete,14805,8,11,4k3/p1p1q1b1/1n2PnN1/8/4P3/2p5/PPPrbPPP/R3K2R b KQ - 0 6,e7e6,100,1,590,614,293,197,683,LOWER,true,true,true,true,static,683,ordinary-nonchecking-capture,2
benchmark:kiwipete:3,kiwipete,31700,10,13,r3k2b/p1p1q3/1n2P3/6p1/4n3/2P5/P1PBKPPP/R6R b q - 0 7,e7e6,100,1,653,657,356,197,751,LOWER,true,true,true,true,static,751,same-target-q-recapture,1
benchmark:kiwipete:3,kiwipete,35143,10,13,r3k2b/p3q3/1n2Pnp1/2p5/4P3/8/PPPK1PPP/R6R b q - 0 7,e7e6,100,1,590,641,293,197,696,LOWER,true,true,true,true,static,696,same-target-q-recapture,5
benchmark:kiwipete:3,kiwipete,35326,12,15,r3k2b/p3q3/1n2P1p1/2p5/8/2P5/P1PK1PPP/R6R b q - 0 8,e7e6,100,1,617,641,320,197,843,LOWER,true,true,true,true,static,843,ordinary-nonchecking-capture,1
benchmark:middlegame:3,middlegame,12141,11,14,3r4/1pp1q1pp/p1npk3/6n1/6N1/P1NPK3/1PP1Q1PP/4Rr2 w - - 0 17,e2f1,500,1,20,22,-677,197,126,LOWER,true,true,true,true,static,126,same-target-q-recapture,1
benchmark:middlegame:2,middlegame,3465,10,12,r7/1pp1q1pp/p1npk3/6n1/6N1/P1NPK3/1PP1Q1PP/3R1r2 w - - 0 16,e2f1,500,1,-6,5,-702,196,101,LOWER,true,true,true,true,static,101,same-target-q-recapture,1
benchmark:kiwipete:3,kiwipete,5383,12,15,r3k3/p1pp4/1n6/3q4/8/2p5/PPP1KPPP/R6R b q - 0 8,c3b2,100,1,710,714,414,196,901,LOWER,true,true,true,true,static,901,ordinary-nonchecking-capture,1
corpus:tail-kiwipete-e1d1:full,tail-kiwipete-e1d1,15605,11,11,r2k3N/p1pp1Pb1/bn3n2/8/4q3/5Q2/PPPKBP1P/R6r w - - 0 7,a1h1,500,1,-283,-282,-978,195,-271,LOWER,true,true,true,true,static,-271,same-target-q-recapture,1
corpus:tail-evasion-f3d4:lower,tail-evasion-f3d4,12,6,6,r3k2r/Pppp1ppp/5nbN/nP6/B1P1P3/B7/P2P2PP/b4R1K b kq - 0 4,a8a7,100,1,670,671,375,195,671,LOWER,true,true,true,true,static,671,ordinary-nonchecking-capture,2
benchmark:kiwipete:2,kiwipete,985,11,13,r6r/p1pN2b1/B3p1p1/3P2k1/1B6/7p/PPP2PPP/R3K2R b KQ - 0 7,h3g2,100,1,-694,-660,-989,195,-571,LOWER,true,true,true,true,static,-571,ordinary-nonchecking-capture,2
benchmark:kiwipete:3,kiwipete,29606,12,15,r3k1n1/p1p3b1/1n4q1/8/4P3/8/PPP1KPPP/R6R b q - 0 8,g6g2,100,1,668,680,373,195,688,LOWER,true,true,true,true,static,688,ordinary-nonchecking-capture,1
benchmark:kiwipete:3,kiwipete,31487,10,13,r3k2b/p1p1q3/1n2Pn2/6p1/4P3/8/PPPK1PPP/R6R b q - 0 7,e7e6,100,1,590,657,295,195,695,LOWER,true,true,true,true,static,695,same-target-q-recapture,5
benchmark:kiwipete:3,kiwipete,35333,10,13,r3k2b/p3q3/1n2Pnp1/2p5/4P3/8/PPP1KPPP/R6R b q - 0 7,e7e6,100,1,590,641,295,195,681,LOWER,true,true,true,true,static,681,ordinary-nonchecking-capture,2
benchmark:kiwipete:3,kiwipete,48123,6,9,N6r/p2pkpb1/Bn3np1/6q1/1p2P3/5Q1p/PPP2PPP/R3K2R b KQ - 0 5,h3g2,100,1,-35,-32,-330,195,5,LOWER,true,true,true,true,static,5,ordinary-nonchecking-capture,1
benchmark:middlegame:3,middlegame,11344,11,14,2r5/1pp1q1pp/p1npk3/6n1/6N1/P1NPK3/1PP1Q1PP/4Rr2 w - - 0 17,e2f1,500,1,19,22,-676,195,127,LOWER,true,true,true,true,static,127,same-target-q-recapture,1
corpus:tail-evasion-f1f2:full,tail-evasion-f1f2,628,8,8,r6r/Pppp1kpp/5nb1/nP6/2P1P3/B4N2/P2P1KPP/3B4 b - - 0 5,a8a7,100,1,823,855,529,194,937,LOWER,true,true,true,true,static,937,ordinary-nonchecking-capture,1
benchmark:kiwipete:3,kiwipete,28485,22,25,2r5/p1pPk3/8/8/4K3/2P5/2r2PP1/8 b - - 0 13,e7d7,100,1,659,661,365,194,981,LOWER,true,true,true,true,static,981,same-target-q-recapture,3
benchmark:kiwipete:3,kiwipete,32942,20,23,7r/p5b1/4Pk2/8/4q3/8/P4PPP/R4K2 b - - 0 12,f6e6,100,1,663,686,369,194,809,LOWER,true,true,true,true,static,809,same-target-q-recapture,1
benchmark:kiwipete:3,kiwipete,49388,10,13,B6r/p1pp1pb1/1n3k2/8/8/5p1p/PPP2PPP/R3K2R b KQ - 0 7,f3g2,100,1,-50,-32,-344,194,176,LOWER,true,true,true,true,static,176,ordinary-nonchecking-capture,1
benchmark:evasion:3,evasion,16664,6,9,r6r/PpPp1kpp/5nb1/nP6/q3P3/5N2/P2P2PP/Q4RK1 b - - 0 5,a8a7,100,1,363,543,69,194,466,EXACT,true,false,true,true,static,466,ordinary-nonchecking-capture,1
benchmark:middlegame:3,middlegame,11339,12,15,2r2R2/1pp1q1pp/p1np4/4k1n1/6Q1/P1NPK3/1PP3PP/4R3 b - - 0 17,c8f8,500,1,-22,-19,-716,194,171,LOWER,true,true,true,true,static,171,same-target-q-recapture,1
corpus:tail-evasion-:upper,tail-evasion-,304,9,9,r3k2N/Pppp2pp/5nb1/nPb5/q3P3/5N2/P2P2PP/Q4R1K b q - 0 5,a8a7,100,1,390,391,97,193,411,LOWER,true,true,true,true,static,411,ordinary-nonchecking-capture,1
benchmark:kiwipete:3,kiwipete,31717,10,13,r3k2b/p1p1q3/1n2Pn2/6p1/4P3/8/PPP1KPPP/R6R b q - 0 7,e7e6,100,1,590,657,297,193,680,LOWER,true,true,true,true,static,680,ordinary-nonchecking-capture,2
benchmark:kiwipete:3,kiwipete,17888,10,13,r3k2b/p1p1q3/1n2Pnp1/8/4P3/8/PPPK1PPP/R6R b q - 0 7,e7e6,100,1,590,647,298,192,698,LOWER,true,true,true,true,static,698,same-target-q-recapture,2
benchmark:kiwipete:3,kiwipete,18117,10,13,r3k2b/p1p1q3/1n2Pnp1/8/4P3/8/PPPK1PPP/R6R b q - 0 7,e7e6,100,1,590,632,298,192,698,LOWER,true,true,true,true,static,698,ordinary-nonchecking-capture,3
benchmark:kiwipete:3,kiwipete,31833,10,13,r3k2N/p1p3b1/1n3q2/8/4P3/2p5/PPP1bPPP/R3K2R b KQq - 0 7,c3b2,100,1,590,657,298,192,833,LOWER,true,true,true,true,static,833,ordinary-nonchecking-capture,1
benchmark:kiwipete:3,kiwipete,43237,11,14,r1k4N/p1pnq3/4p1p1/3P4/1p6/2b2Q2/PPP2PpP/R1K4R w - - 0 8,f3g2,100,1,273,290,-19,192,340,LOWER,true,true,true,true,static,340,same-target-q-recapture,1
benchmark:evasion:3,evasion,7855,8,11,4k2r/Pppp1ppp/5nbN/nP6/3qP3/8/P2P2PP/Q4R1K b k - 1 6,d4a7,100,1,529,543,237,192,546,LOWER,true,true,true,true,static,546,ordinary-nonchecking-capture,1
benchmark:middlegame:3,middlegame,12138,12,15,3r1R2/1pp1q1pp/p1np4/4k1n1/6Q1/P1NPK3/1PP3PP/4R3 b - - 0 17,d8f8,500,1,-22,-20,-714,192,171,LOWER,true,true,true,true,static,171,same-target-q-recapture,1
benchmark:evasion:2,evasion,1413,7,9,r3k2r/Pppp1p1p/5Qbp/nP6/BBP1P3/5P2/P2P1K1P/8 b kq - 0 5,a8a7,100,1,-281,-59,-572,191,-32757,UPPER,false,false,false,false,mate,-421,mate,2
benchmark:kiwipete:3,kiwipete,14051,10,13,3k3r/p1p1q1b1/1n2Pnp1/8/4P3/8/PPPK1PPP/R6R b - - 0 7,e7e6,100,1,634,673,343,191,752,LOWER,true,true,true,true,static,752,ordinary-nonchecking-capture,1
benchmark:kiwipete:3,kiwipete,41635,12,15,7r/p1pPk1b1/1n4p1/8/1p6/2N4p/PPP2PPP/R4BK1 b - - 0 8,e7d7,100,1,-275,-273,-566,191,-160,LOWER,true,true,true,true,static,-160,same-target-q-recapture,3
benchmark:kiwipete:2,kiwipete,9295,11,13,7r/p1pP1pb1/1n3k2/8/4P3/2p2b1p/PPP2PPP/R3K2R b KQ - 0 7,b6d7,100,1,-62,-61,-352,190,85,LOWER,true,true,true,true,static,85,same-target-q-recapture,1
benchmark:kiwipete:2,kiwipete,10981,11,13,r6r/p1pP1pB1/1n4p1/6k1/4P3/7p/PPP1bPPP/R3K2R b KQ - 0 7,h3g2,100,1,-115,-61,-405,190,-59,LOWER,true,true,true,true,static,-59,ordinary-nonchecking-capture,1
benchmark:kiwipete:3,kiwipete,5310,8,11,r3k2N/p1pp1p2/1n2q3/3P4/8/2p5/PPP1bPPP/R3K2R b KQq - 0 6,c3b2,100,1,703,752,413,190,714,EXACT,true,false,true,true,static,714,ordinary-nonchecking-capture,1
benchmark:kiwipete:3,kiwipete,14838,10,13,4k3/p1p1q1b1/1n2PnN1/8/4P3/2P5/P1r1bPPP/R3K2R b KQ - 0 7,e7e6,100,1,613,614,323,190,714,LOWER,true,true,true,true,static,714,ordinary-nonchecking-capture,2
benchmark:kiwipete:3,kiwipete,16849,12,15,r5r1/p1p2kb1/1n3np1/8/4P3/8/PPP1KPPP/R6R b - - 0 8,f6e4,100,1,590,604,300,190,604,LOWER,true,true,true,true,static,604,ordinary-nonchecking-capture,1
benchmark:kiwipete:3,kiwipete,18114,10,13,r3k2b/p1p1q3/1n2Pnp1/8/4P3/8/PPP1KPPP/R6R b q - 0 7,e7e6,100,1,590,632,300,190,683,LOWER,true,true,true,true,static,683,ordinary-nonchecking-capture,2
benchmark:kiwipete:3,kiwipete,42092,16,19,7r/p1pp4/Bn1k4/8/1p6/2N4p/PPP2PPP/5RK1 b - - 0 10,h3g2,100,1,-288,-273,-578,190,-251,LOWER,true,true,true,true,static,-251,ordinary-nonchecking-capture,1
benchmark:kiwipete:3,kiwipete,64895,10,13,7r/p1pP1pb1/1n3k2/8/4P3/2p2b1p/PPP2PPP/R3K2R b KQ - 0 7,b6d7,100,1,-62,-55,-352,190,85,LOWER,true,true,true,true,static,85,same-target-q-recapture,1
benchmark:kiwipete:3,kiwipete,66496,10,13,r6r/p1pP1pB1/1n4p1/6k1/4P3/7p/PPP1bPPP/R3K2R b KQ - 0 7,h3g2,100,1,-115,-32,-405,190,42,LOWER,true,true,true,true,static,42,ordinary-nonchecking-capture,1
benchmark:evasion:3,evasion,18911,4,7,r3k2r/Pppp1ppp/5nbN/nPq5/B3P3/5N2/P2P1RPP/Q5K1 b kq - 1 4,c5a7,100,1,503,523,213,190,568,LOWER,true,true,true,true,static,568,ordinary-nonchecking-capture,4
benchmark:kiwipete:3,kiwipete,9257,7,10,r3k2r/p1p2pb1/Bn2P1p1/2q1N3/8/2n5/PPP2PPP/R3K2R w KQkq - 0 6,e5f7,100,1,-697,-628,-986,189,-614,LOWER,true,true,true,true,static,-614,ordinary-nonchecking-capture,1
benchmark:kiwipete:3,kiwipete,21343,10,13,r3k2N/p1p2p2/1n2qn2/8/4P3/2K5/PPP1bPPP/R6R b q - 0 7,e6e4,100,1,856,955,567,189,874,EXACT,true,false,true,true,static,874,ordinary-nonchecking-capture,1
benchmark:kiwipete:3,kiwipete,25190,15,18,r6r/p1p1kp2/4P3/8/2b1K3/8/P1P2PPP/b6R w - - 0 10,e6f7,100,1,-601,-590,-890,189,-589,LOWER,true,true,true,true,static,-589,ordinary-nonchecking-capture,2
benchmark:evasion:2,evasion,8907,2,4,4k2r/rppp1ppp/1b3nbN/nPP5/BB2P3/5N2/Rp1P2PP/3Q1RK1 w k - 0 3,a2b2,100,1,962,1073,674,188,1065,EXACT,true,false,true,true,static,1065,ordinary-nonchecking-capture,2
benchmark:kiwipete:3,kiwipete,6194,10,13,r3k3/p1pp4/1n4q1/3n4/4P3/2p5/PPP1KPPP/R6R b q - 0 7,g6g2,100,1,761,816,473,188,796,EXACT,true,false,true,false,static,855,ordinary-nonchecking-capture,1
benchmark:evasion:3,evasion,7032,4,7,r6r/Ppppkppp/1b3Nb1/nP6/BqPNP3/8/P2P2PP/Q4RK1 b - - 0 4,a8a7,100,1,310,543,22,188,426,EXACT,true,false,true,true,static,426,ordinary-nonchecking-capture,2
benchmark:middlegame:2,middlegame,1798,11,13,r4R2/1pp1q1pp/p1np4/4k1n1/6Q1/P1NP4/1PP3PP/R3K3 b - - 0 16,a8f8,500,1,-6,-4,-693,187,193,LOWER,true,true,true,true,static,193,same-target-q-recapture,1
benchmark:kiwipete:3,kiwipete,4066,18,21,r3k3/p1p5/1n2P1q1/8/8/4K3/P5PP/7R b q - 0 11,g6g2,100,1,771,796,484,187,904,LOWER,true,true,true,true,static,904,ordinary-nonchecking-capture,1
benchmark:kiwipete:3,kiwipete,36469,8,11,N4k1r/p2p1pb1/B3p1p1/8/1p2q3/7p/PPPB1PPP/R2K3R b - - 1 6,h3g2,100,1,293,317,6,187,340,LOWER,true,true,true,true,static,340,ordinary-nonchecking-capture,1
benchmark:evasion:3,evasion,6781,6,9,r3k2N/Pppp3p/1b3pb1/nP6/q1PNP3/8/P2P2PP/Q5K1 b q - 0 5,a8a7,100,1,498,543,211,187,647,LOWER,true,true,true,true,static,647,ordinary-nonchecking-capture,1
benchmark:evasion:3,evasion,7143,4,7,r6r/PpppkpNp/1b3nb1/nP6/BqPNP3/8/P2P2PP/Q4RK1 b - - 0 4,a8a7,100,1,515,543,228,187,632,LOWER,true,true,true,true,static,632,ordinary-nonchecking-capture,1
benchmark:kiwipete:2,kiwipete,604,5,7,r3k2b/p1pp1p2/1n2pq2/3P4/1p2P3/7p/PPPBNPPP/R3K2R b KQq - 0 4,h3g2,100,1,509,590,223,186,639,LOWER,true,true,true,true,static,639,ordinary-nonchecking-capture,2
benchmark:kiwipete:2,kiwipete,3823,11,13,r6N/p1pk2b1/Bn6/8/8/2p4p/PPPn1PPP/R3K2R b KQ - 0 7,c3b2,100,1,-294,-283,-580,186,-247,LOWER,true,true,true,true,static,-247,ordinary-nonchecking-capture,1
benchmark:middlegame:2,middlegame,2341,11,13,r4R2/1pp1q1pp/p1np4/4k1n1/6Q1/P1NP4/1PP3PP/1R2K3 b - - 0 16,a8f8,500,1,-4,-3,-690,186,193,LOWER,true,true,true,true,static,193,same-target-q-recapture,1
benchmark:middlegame:2,middlegame,4726,11,13,r4R2/1pp1q1pp/p1np4/4k1n1/6Q1/P1NP4/RPP3PP/4K3 b - - 0 16,a8f8,500,1,-1,0,-687,186,197,LOWER,true,true,true,true,static,197,same-target-q-recapture,1
benchmark:kiwipete:3,kiwipete,4490,8,11,r3k3/p1p1q1b1/1n2P1N1/8/8/2p5/PPPnbPPP/R3K2R b KQq - 0 6,e7e6,100,1,771,797,485,186,883,LOWER,true,true,true,true,static,883,ordinary-nonchecking-capture,2
benchmark:kiwipete:3,kiwipete,39967,10,13,r6N/p1pp2b1/Bn2k3/8/8/2n4p/PPP2PPP/R3K2R b KQ - 0 7,h3g2,100,1,-272,-256,-558,186,-138,LOWER,true,true,true,true,static,-138,ordinary-nonchecking-capture,2
benchmark:kiwipete:3,kiwipete,40042,10,13,r6N/p1pk2b1/Bn6/8/8/2p4p/PPPn1PPP/R3K2R b KQ - 0 7,c3b2,100,1,-294,-256,-580,186,-247,LOWER,true,true,true,true,static,-247,ordinary-nonchecking-capture,1
corpus:tail-kiwipete-e1d1:full,tail-kiwipete-e1d1,1737,15,15,7r/p1p3b1/1nk2np1/8/4q3/4Q3/PPPpKPPP/R6R w - - 0 9,e2d2,100,1,-254,-231,-539,185,-218,LOWER,true,true,true,true,static,-218,ordinary-nonchecking-capture,2
benchmark:kiwipete:3,kiwipete,14048,10,13,3k3r/p1p1q1b1/1n2Pnp1/8/4P3/8/PPP1KPPP/R6R b - - 0 7,e7e6,100,1,634,673,349,185,741,LOWER,true,true,true,true,static,741,ordinary-nonchecking-capture,1
benchmark:kiwipete:3,kiwipete,25992,6,9,r3k2N/p1p1q1b1/B3pnp1/3P4/4P3/2p5/PPPn1PPP/R3K2R b KQq - 0 5,c3b2,100,1,590,649,305,185,797,LOWER,true,true,true,true,static,797,ordinary-nonchecking-capture,1
benchmark:kiwipete:3,kiwipete,52180,12,15,5k2/p1pnq1b1/1n2P1p1/8/4P3/7P/PPPK1P1P/R6R b - - 0 8,e7e6,100,1,76,78,-209,185,200,LOWER,true,true,true,true,static,200,same-target-q-recapture,1
benchmark:evasion:3,evasion,594,6,9,r3k2N/Pppp2pp/1b3nb1/nP6/4P3/5N2/P1qP2PP/Q4R1K b q - 0 5,a8a7,100,1,402,530,117,185,433,EXACT,true,false,true,true,static,433,ordinary-nonchecking-capture,1
benchmark:evasion:3,evasion,1032,4,7,r6r/Ppppkppp/1b3Nb1/nP6/BqP1P3/5N2/P2P2PP/Q4R1K b - - 0 4,a8a7,100,1,314,510,29,185,432,EXACT,true,false,true,true,static,432,ordinary-nonchecking-capture,1
benchmark:evasion:3,evasion,1524,4,7,r6r/Ppppkppp/1b3Nb1/nP6/BqP1P3/5N2/P2P2PP/Q4R1K b - - 0 4,a8a7,100,1,314,543,29,185,432,EXACT,true,false,true,true,static,432,ordinary-nonchecking-capture,1
corpus:tail-kiwipete-e1d1:full,tail-kiwipete-e1d1,15565,11,11,r2k3N/p1pp1Pb1/bn3n2/8/4q3/5Q2/PPPKBP1P/R6q w - - 0 7,a1h1,975,1,-283,-282,-1442,184,-271,LOWER,true,true,true,true,static,-271,same-target-q-recapture,1
benchmark:evasion:2,evasion,284,5,7,r3k2r/Pppp1p1p/1b3Qbp/nP6/BBP1P3/5P2/P2P3P/5R1K b kq - 0 4,a8a7,100,1,-547,-313,-831,184,-32759,UPPER,false,false,false,false,mate,-688,mate,2
benchmark:evasion:2,evasion,285,5,7,r3k2r/Pppp1p1p/1b3Qbp/nP6/BBP1P3/5P2/P2P3P/5R1K b kq - 0 4,b6a7,100,1,-547,-313,-831,184,-32759,UPPER,false,false,false,false,mate,-688,mate,2
benchmark:kiwipete:3,kiwipete,35280,14,17,r3k3/p5b1/1n6/2pP4/8/8/PPP1KPqP/R6R b q - 0 9,g2d5,100,1,631,641,347,184,774,LOWER,true,true,true,true,static,774,same-target-q-recapture,2
benchmark:kiwipete:3,kiwipete,43703,10,13,r2k3r/p1pn1Q2/4p1p1/3P4/1p6/2b4p/PPP2PPP/R1K4R b - - 1 7,h3g2,100,1,-290,-273,-574,184,-235,LOWER,true,true,true,true,static,-235,ordinary-nonchecking-capture,1
benchmark:kiwipete:2,kiwipete,9497,11,13,r6r/p1pN2b1/b3p1p1/3P2k1/1B6/7p/PPP2PPP/R2BK2R b KQ - 0 7,h3g2,100,1,-351,-291,-634,183,-212,LOWER,true,true,true,true,static,-212,ordinary-nonchecking-capture,2
benchmark:kiwipete:3,kiwipete,4697,6,9,r3k2N/p1p1q3/bn2P1p1/8/1p6/2b5/PPPnBPPP/R3K2R b KQq - 0 5,e7e6,100,1,771,797,488,183,921,LOWER,true,true,true,true,static,921,ordinary-nonchecking-capture,1
benchmark:kiwipete:3,kiwipete,6182,8,11,r3k2N/p1pp4/1n2q1p1/3P4/8/2p5/PPP1bPPP/R3K2R b KQq - 0 6,c3b2,100,1,761,816,478,183,839,LOWER,true,true,true,true,static,839,ordinary-nonchecking-capture,1
benchmark:evasion:3,evasion,13159,4,7,r6r/PpppkpNp/1b3nb1/nP6/BqPPP3/5N2/P5PP/Q4RK1 b - - 0 4,a8a7,100,1,513,543,230,183,634,LOWER,true,true,true,true,static,634,ordinary-nonchecking-capture,1
benchmark:middlegame:3,middlegame,18421,14,17,3r1r2/1pp3pp/p1np1k2/2b1N3/6Q1/P1N5/1PP3PP/R3K3 b - - 0 18,d6e5,320,1,-11,-10,-514,183,64,LOWER,true,true,true,true,static,64,ordinary-nonchecking-capture,1
benchmark:kiwipete:2,kiwipete,901,15,17,7r/p1pP4/B2k4/8/1p6/7p/P1PB1PPP/b3K2R b K - 0 9,d6d7,100,1,-694,-676,-976,182,-668,LOWER,true,true,true,true,static,-668,same-target-q-recapture,4
benchmark:middlegame:2,middlegame,1939,11,13,r4R2/1pp1q1pp/p1np4/4k1n1/6Q1/P1NPK3/1PP3PP/R7 b - - 0 16,a8f8,500,1,1,6,-681,182,222,LOWER,true,true,true,true,static,222,same-target-q-recapture,1
benchmark:kiwipete:3,kiwipete,8605,10,13,r4k1b/p1p1q3/1n2Pnp1/8/4P3/8/PPPK1PPP/R6R b - - 0 7,e7e6,100,1,604,656,322,182,725,LOWER,true,true,true,true,static,725,ordinary-nonchecking-capture,2
benchmark:kiwipete:3,kiwipete,28388,19,22,r1B5/p1ppk3/4P3/8/4n3/2P2K2/2r2PP1/8 w - - 0 12,e6d7,100,1,-661,-641,-943,182,-607,LOWER,true,true,true,true,static,-607,ordinary-nonchecking-capture,1
benchmark:kiwipete:3,kiwipete,28540,19,22,r1B5/p1ppk3/4P3/8/4n3/2P2K2/2r2PP1/8 w - - 0 12,e6d7,100,1,-661,-659,-943,182,-607,LOWER,true,true,true,true,static,-607,ordinary-nonchecking-capture,1
benchmark:evasion:3,evasion,1495,4,7,r6r/PpppkpNp/1b3nb1/nP6/BqP1P3/5N2/P2P2PP/Q4R1K b - - 0 4,a8a7,100,1,507,543,225,182,628,LOWER,true,true,true,true,static,628,ordinary-nonchecking-capture,1
corpus:tail-evasion-:full,tail-evasion-,1447,9,9,r3k2N/Pppp2pp/5nb1/nPb5/q3P3/5N2/P2P2PP/Q4R1K b q - 0 5,a8a7,100,1,378,391,97,181,411,LOWER,true,true,true,true,static,411,ordinary-nonchecking-capture,1
benchmark:kiwipete:2,kiwipete,723,5,7,r3k2b/p1pp4/1n2pqp1/3P4/1p2P3/7p/PPPBNPPP/R3K2R b KQq - 0 4,h3g2,100,1,528,590,247,181,635,LOWER,true,true,true,true,static,635,ordinary-nonchecking-capture,2
benchmark:evasion:2,evasion,11953,7,9,r3k2N/Pppp2pp/5nb1/nPb5/q3P3/5N2/P2P2PP/Q4R1K b q - 0 5,a8a7,100,1,378,410,97,181,411,LOWER,true,true,true,true,static,411,ordinary-nonchecking-capture,1
benchmark:kiwipete:3,kiwipete,41573,14,17,7r/p1pPk3/Bn4p1/8/1p6/2P4p/P1P2PPP/5RK1 b - - 0 9,e7d7,100,1,-296,-273,-577,181,-267,LOWER,true,true,true,true,static,-267,ordinary-nonchecking-capture,3
benchmark:kiwipete:3,kiwipete,48870,10,13,B3k2r/p2p1p2/1n4p1/3pb3/8/7p/PPPK1PPP/R6R b k - 0 7,h3g2,100,1,-54,-32,-335,181,-13,LOWER,true,true,true,true,static,-13,ordinary-nonchecking-capture,2
benchmark:kiwipete:3,kiwipete,62948,6,9,r6r/p1ppkpb1/Bn3Np1/8/1p2P3/7p/PPPB1PPP/R3K2R b KQ - 0 5,h3g2,100,1,-83,-32,-364,181,75,LOWER,true,true,true,true,static,75,ordinary-nonchecking-capture,1
benchmark:evasion:3,evasion,7359,14,17,r7/Pp1pkppp/5n1N/nP6/4b3/8/P2P2PP/R6K b - - 0 9,a8a7,100,1,413,458,132,181,504,LOWER,true,true,true,true,static,504,ordinary-nonchecking-capture,1
benchmark:evasion:3,evasion,17966,6,9,r3k2N/Pppp2pp/5nb1/nPb5/q3P3/5N2/P2P2PP/Q4R1K b q - 0 5,a8a7,100,1,378,523,97,181,411,EXACT,true,false,true,true,static,411,ordinary-nonchecking-capture,1
benchmark:evasion:3,evasion,18338,8,11,r3k2r/Pppp1p1p/5Rbp/nPq5/B2NP3/8/P5PP/Q5K1 b kq - 0 6,c5a7,100,1,453,503,172,181,523,LOWER,true,true,true,true,static,523,ordinary-nonchecking-capture,1
corpus:nonchecking-clearance:lower,nonchecking-clearance,0,0,0,b1q4k/8/8/2p5/N7/8/8/R3K3 w - - 0 1,a4c5,100,-1,-411,-410,-691,180,-410,LOWER,true,true,true,true,static,-410,SEE-negative;clearance-fixture,1
corpus:tail-evasion-:full,tail-evasion-,1772,9,9,r3k2N/Pppp2pp/5nb1/nPb5/q2PP3/5N2/P5PP/Q4RK1 b q - 0 5,c5a7,100,1,356,391,76,180,363,EXACT,true,false,true,true,static,363,ordinary-nonchecking-capture,1
benchmark:kiwipete:2,kiwipete,3883,13,15,7r/p1pPk3/Bn4p1/8/4n3/2b4p/PPP2PPP/R2K3R b - - 0 8,e7d7,100,1,-310,-289,-590,180,-212,LOWER,true,true,true,true,static,-212,same-target-q-recapture,2
benchmark:evasion:2,evasion,1501,7,9,r3k2r/Pppp1p1p/5Qbp/nP6/BBP1P3/5P2/P2P1b1P/7K b kq - 0 5,a8a7,100,1,73,110,-207,180,-32757,UPPER,false,false,false,false,mate,-58,mate,2
benchmark:evasion:2,evasion,1502,7,9,r3k2r/Pppp1p1p/5Qbp/nP6/BBP1P3/5P2/P2P1b1P/7K b kq - 0 5,f2a7,100,1,73,110,-207,180,-32757,UPPER,false,false,false,false,mate,-58,mate,2
benchmark:evasion:2,evasion,12439,7,9,r3k2N/Pppp2pp/5nb1/nPb5/q2PP3/5N2/P5PP/Q4RK1 b q - 0 5,c5a7,100,1,356,410,76,180,363,EXACT,true,false,true,true,static,363,ordinary-nonchecking-capture,1
benchmark:kiwipete:3,kiwipete,8602,10,13,r4k1b/p1p1q3/1n2Pnp1/8/4P3/8/PPP1KPPP/R6R b - - 0 7,e7e6,100,1,604,656,324,180,710,LOWER,true,true,true,true,static,710,ordinary-nonchecking-capture,1
benchmark:kiwipete:3,kiwipete,11248,7,10,r3kq1r/p1p2pb1/Bn2P1p1/4N3/8/2n5/PPP2PPP/R3K2R w KQkq - 0 6,e5f7,100,1,-650,-590,-930,180,-555,LOWER,true,true,true,true,static,-555,ordinary-nonchecking-capture,2
benchmark:evasion:3,evasion,18377,6,9,r3k2N/Pppp2pp/5nb1/nPb5/q2PP3/5N2/P5PP/Q4RK1 b q - 0 5,c5a7,100,1,356,503,76,180,363,EXACT,true,false,true,true,static,363,ordinary-nonchecking-capture,1
corpus:tail-kiwipete-e1d1:full,tail-kiwipete-e1d1,7631,16,16,r6r/p2Pkpb1/6p1/8/8/7P/PPPnKP1P/R6R b - - 0 9,e7d7,100,1,186,210,-93,179,211,LOWER,true,true,true,true,static,211,same-target-q-recapture,1
benchmark:kiwipete:3,kiwipete,4198,9,12,r3k2N/p1p1q3/1n4p1/3p4/1p6/2b5/PPPn1PPP/R2K3R w q - 0 7,h8g6,100,1,-771,-744,-1050,179,-724,LOWER,true,true,true,true,static,-724,ordinary-nonchecking-capture,1
benchmark:kiwipete:3,kiwipete,46275,18,21,r7/p4k2/Bn4p1/8/8/7p/P1PK1PPP/R7 b - - 0 11,h3g2,100,1,-48,-43,-327,179,200,LOWER,true,true,true,true,static,200,ordinary-nonchecking-capture,2
benchmark:kiwipete:3,kiwipete,68018,10,13,r6r/p1pp1pb1/1n2k1p1/8/4K3/7p/PPP1QPPP/R6R b - - 0 7,h3g2,100,1,-58,-32,-337,179,112,LOWER,true,true,true,true,static,112,ordinary-nonchecking-capture,1
benchmark:evasion:3,evasion,7507,14,17,r7/Pp1pkppp/6bN/nP6/4n3/8/P2P2PP/R6K b - - 0 9,a8a7,100,1,412,467,133,179,498,LOWER,true,true,true,true,static,498,ordinary-nonchecking-capture,1
benchmark:evasion:2,evasion,12052,5,7,r3k2r/Pppp1ppp/5nbN/nP6/B3P3/B4N2/P2P2PP/3R2K1 b kq - 0 4,a8a7,100,1,101,410,-177,178,222,EXACT,true,false,true,true,static,222,ordinary-nonchecking-capture,1
benchmark:middlegame:2,middlegame,2845,11,13,r4R2/1pp1q1pp/p1np4/4k1n1/6Q1/P1NPK3/1PP3PP/2R5 b - - 0 16,a8f8,500,1,-12,6,-690,178,213,LOWER,true,true,true,true,static,213,same-target-q-recapture,1
benchmark:middlegame:2,middlegame,3462,11,13,r4R2/1pp1q1pp/p1np4/4k1n1/6Q1/P1NPK3/1PP3PP/3R4 b - - 0 16,a8f8,500,1,-11,6,-689,178,212,LOWER,true,true,true,true,static,212,same-target-q-recapture,1
benchmark:middlegame:2,middlegame,5506,11,13,r4R2/1pp1q1pp/p1np4/4k1n1/6Q1/P1NPK3/1PP3PP/R7 b - - 0 16,a8f8,500,1,-3,1,-681,178,222,LOWER,true,true,true,true,static,222,same-target-q-recapture,1
benchmark:kiwipete:3,kiwipete,5361,12,15,r7/p1pp1k2/1n6/3q4/8/2p5/PPP1KPPP/R6R b - - 0 8,c3b2,100,1,703,714,425,178,912,LOWER,true,true,true,true,static,912,ordinary-nonchecking-capture,1
benchmark:kiwipete:3,kiwipete,67930,6,9,r3k2r/p1ppNpb1/1n2p1p1/3P4/4n3/7p/PPP1QPPP/R1K4R b kq - 1 5,h3g2,100,1,-58,-32,-336,178,-24,LOWER,true,true,true,true,static,-24,ordinary-nonchecking-capture,1
benchmark:evasion:3,evasion,17623,4,7,r3k2r/Pppp1ppp/5nbN/nP6/B3P3/B4N2/P2P2PP/3R2K1 b kq - 0 4,a8a7,100,1,101,523,-177,178,222,EXACT,true,false,true,true,static,222,ordinary-nonchecking-capture,1
benchmark:middlegame:3,middlegame,6400,10,13,r4R2/1pp1q1pp/p1np4/4k1n1/6Q1/P1NPK3/1PP3PP/2R5 b - - 0 16,a8f8,500,1,-12,-10,-690,178,213,LOWER,true,true,true,true,static,213,same-target-q-recapture,1
benchmark:middlegame:3,middlegame,7115,10,13,r4R2/1pp1q1pp/p1np4/4k1n1/6Q1/P1NPK3/1PP3PP/3R4 b - - 0 16,a8f8,500,1,-11,-10,-689,178,212,LOWER,true,true,true,true,static,212,same-target-q-recapture,1
benchmark:middlegame:3,middlegame,31668,18,21,N5k1/4nppp/3p4/4p3/4P3/P3K3/6rP/R4R2 b - - 0 20,g2h2,100,1,-48,-40,-326,178,18,LOWER,true,true,true,true,static,18,ordinary-nonchecking-capture,1
benchmark:kiwipete:2,kiwipete,2435,11,13,r6r/p1pPk1b1/B5p1/8/8/2p4p/PPP2PPP/R3K2R b KQ - 0 7,e7d7,100,1,-310,-283,-587,177,-198,LOWER,true,true,true,true,static,-198,same-target-q-recapture,1
benchmark:kiwipete:2,kiwipete,3706,11,13,r6r/p1pPk1b1/B5p1/8/8/2p4p/PPP2PPP/R3K2R b KQ - 0 7,e7d7,100,1,-310,-301,-587,177,-198,LOWER,true,true,true,true,static,-198,same-target-q-recapture,2
benchmark:kiwipete:2,kiwipete,4954,7,9,r3k2r/p1ppNpb1/1n2p3/3P4/4n3/3K3p/PPP1QPPP/R6R b kq - 1 5,h3g2,100,1,-175,-61,-452,177,-24,LOWER,true,true,true,true,static,-24,ordinary-nonchecking-capture,1
benchmark:kiwipete:3,kiwipete,2907,8,11,r3k3/p1p1q1b1/1n2P1N1/8/8/2p5/PPPnbPPP/R3K2R b KQq - 0 6,e7e6,100,1,762,806,485,177,883,LOWER,true,true,true,true,static,883,ordinary-nonchecking-capture,1
benchmark:kiwipete:3,kiwipete,4279,8,11,r3k3/p1p1q1b1/1n2P1N1/8/8/2p5/PPPnbPPP/R3K2R b KQq - 0 6,e7e6,100,1,762,771,485,177,883,LOWER,true,true,true,true,static,883,ordinary-nonchecking-capture,1
benchmark:kiwipete:3,kiwipete,38597,10,13,r6r/p1pPk1b1/B5p1/8/8/2p4p/PPP2PPP/R3K2R b KQ - 0 7,e7d7,100,1,-310,-274,-587,177,-198,LOWER,true,true,true,true,static,-198,same-target-q-recapture,1
benchmark:kiwipete:3,kiwipete,56495,6,9,r3k2r/p1ppNpb1/1n2p3/3P4/4n3/3K3p/PPP1QPPP/R6R b kq - 1 5,h3g2,100,1,-175,-33,-452,177,-24,LOWER,true,true,true,true,static,-24,ordinary-nonchecking-capture,1
benchmark:kiwipete:3,kiwipete,67962,6,9,r3k2r/p1ppNpb1/1n2p1p1/3P4/4n3/7p/PPP1QPPP/R3K2R b kq - 1 5,h3g2,100,1,-58,-32,-335,177,-24,LOWER,true,true,true,true,static,-24,ordinary-nonchecking-capture,1
benchmark:kiwipete:3,kiwipete,67970,8,11,r6r/p1ppkpb1/1n2p1p1/3P4/4K3/7p/PPP1QPPP/R6R b - - 0 6,h3g2,100,1,-58,-32,-335,177,-15,LOWER,true,true,true,true,static,-15,ordinary-nonchecking-capture,2
benchmark:middlegame:3,middlegame,4789,14,17,8/1pp3kp/p1np4/2b5/4P3/P1NP4/1PP2RPP/7K b - - 0 18,c5f2,500,1,-12,-10,-689,177,83,LOWER,true,true,true,true,static,83,same-target-q-recapture,3
benchmark:middlegame:3,middlegame,7714,9,12,r7/1pp1q1pp/p1npk3/6n1/6N1/P1NPK3/1PP1Q1PP/4Rr2 w - - 0 16,e2f1,500,1,10,27,-667,177,136,LOWER,true,true,true,true,static,136,same-target-q-recapture,1
corpus:tail-kiwipete-e1d1:full,tail-kiwipete-e1d1,3861,10,10,r3k2N/p1pp1p2/1n2q3/8/4n3/2b2Q1p/PPP1KPPP/R6R b q - 0 6,h3g2,100,1,217,263,-59,176,235,EXACT,true,false,true,true,static,235,ordinary-nonchecking-capture,1
corpus:tail-kiwipete-e1d1:full,tail-kiwipete-e1d1,10981,10,10,r3k2N/p1pp1p2/1n2q3/8/4n3/2b2Q1p/PPP1KPPP/R6R b q - 0 6,h3g2,100,1,217,282,-59,176,235,EXACT,true,false,true,true,static,235,ordinary-nonchecking-capture,1
corpus:tail-kiwipete-f3h3:lower,tail-kiwipete-f3h3,77,12,12,r2k4/p1pPq1b1/1n3np1/8/4P3/7P/PPPK1P1P/R6R b - - 0 7,d8d7,100,1,589,590,313,176,777,LOWER,true,true,true,true,static,777,ordinary-nonchecking-capture,1
corpus:tail-evasion-f3d4:full,tail-evasion-f3d4,478,6,6,r3k2r/Pppp1ppp/5nbN/nP6/2PbP3/B7/P2P2PP/3B1R1K b kq - 0 4,a8a7,100,1,671,841,395,176,790,EXACT,true,false,true,true,static,790,ordinary-nonchecking-capture,1
corpus:tail-evasion-f3d4:upper,tail-evasion-f3d4,162,6,6,r3k2r/Pppp1ppp/5nbN/nP6/2PbP3/B7/P2P2PP/3B1R1K b kq - 0 4,a8a7,100,1,671,672,395,176,790,LOWER,true,true,true,true,static,790,ordinary-nonchecking-capture,1
benchmark:kiwipete:2,kiwipete,3598,9,11,r2k3r/p1pp1P2/Bn4p1/4b3/1B6/7p/PPP2PPP/R3K2R b KQ - 0 6,h3g2,100,1,-310,-301,-586,176,-149,LOWER,true,true,true,true,static,-149,ordinary-nonchecking-capture,2
benchmark:kiwipete:3,kiwipete,17764,18,21,r6r/p1p1kP2/8/8/2n5/8/P1P2KPP/b6R b - - 0 11,e7f7,100,1,591,605,315,176,808,LOWER,true,true,true,true,static,808,ordinary-nonchecking-capture,2
benchmark:kiwipete:3,kiwipete,19598,6,9,r3k3/p1p1qN2/bn2Pnpr/8/4P3/2p5/PPP1BPPP/R3K2R b KQq - 0 5,e7e6,100,1,624,657,348,176,661,LOWER,true,true,true,true,static,661,ordinary-nonchecking-capture,1
benchmark:kiwipete:3,kiwipete,28333,22,25,2r5/p1pPk3/8/8/4K3/2P5/2r2PP1/8 b - - 0 13,e7d7,100,1,641,661,365,176,981,LOWER,true,true,true,true,static,981,same-target-q-recapture,3
benchmark:kiwipete:3,kiwipete,48188,6,9,N7/p2pkpb1/Bn3npr/4q3/1p2P3/5Q1p/PPP2PPP/R3K2R b KQ - 0 5,h3g2,100,1,-61,-32,-337,176,-28,LOWER,true,true,true,true,static,-28,ordinary-nonchecking-capture,1
benchmark:middlegame:3,middlegame,36739,17,20,b5k1/2p2p1p/p2B4/8/8/P2P4/2P2P1P/b5K1 w - - 0 20,d6c7,100,1,10,95,-266,176,125,LOWER,true,true,true,true,static,125,ordinary-nonchecking-capture,2
benchmark:middlegame:3,middlegame,36881,17,20,b5k1/2p2p1p/p2B4/8/8/P2P4/2P2P1P/b5K1 w - - 0 20,d6c7,100,1,10,16,-266,176,125,LOWER,true,true,true,true,static,125,ordinary-nonchecking-capture,2
corpus:tail-kiwipete-e1d1:full,tail-kiwipete-e1d1,13608,12,12,r6N/p1pk2b1/1n3np1/8/4Q3/7p/PPPp1PPP/R2K3R b - - 0 7,f6e4,975,1,282,291,-868,175,340,LOWER,true,true,true,true,static,340,same-target-q-recapture,1
corpus:tail-evasion-f3d4:lower,tail-evasion-f3d4,58,6,6,r3k2r/Pppp1ppp/5nbN/nP6/2PbP3/B7/P2P2PP/3B1R1K b kq - 0 4,a8a7,100,1,670,671,395,175,790,LOWER,true,true,true,true,static,790,ordinary-nonchecking-capture,1
corpus:tail-evasion-f3d4:lower,tail-evasion-f3d4,72,6,6,r3k2r/Pppp1ppp/5nbN/nP6/B1P1P3/B7/P2P1RPP/b5K1 b kq - 0 4,a8a7,100,1,670,671,395,175,793,LOWER,true,true,true,true,static,793,ordinary-nonchecking-capture,1
benchmark:evasion:2,evasion,7491,7,9,r3k2r/Pppp1ppp/5nbN/nP6/BBP1P3/5R2/P5PP/3R2K1 b kq - 0 5,a8a7,100,1,-242,-99,-517,175,-130,EXACT,true,false,true,true,static,-130,ordinary-nonchecking-capture,2
benchmark:middlegame:2,middlegame,2479,11,13,r4R2/1pp1q1pp/p1np4/4k1n1/6Q1/P1NPK3/1PP3PP/1R6 b - - 0 16,a8f8,500,1,-4,6,-679,175,223,LOWER,true,true,true,true,static,223,same-target-q-recapture,1
benchmark:middlegame:2,middlegame,4050,10,12,r7/1pp1q1pp/p1npk3/6n1/6N1/P1NPK3/1PP1Q1PP/4Rr2 w - - 0 16,e2f1,500,1,8,27,-667,175,136,LOWER,true,true,true,true,static,136,same-target-q-recapture,1
benchmark:kiwipete:3,kiwipete,10401,10,13,r3k2N/p1p2pb1/1n1qp3/3P4/8/2P5/P1P1KPPP/R6R b q - 0 7,d6d5,100,1,619,632,344,175,678,LOWER,true,true,true,true,static,678,ordinary-nonchecking-capture,2
benchmark:kiwipete:3,kiwipete,15525,12,15,r7/p1p1kPbr/1n6/8/4n3/8/PPP1bPPP/R1K4R b - - 0 8,e7f7,100,1,590,596,315,175,735,LOWER,true,true,true,true,static,735,same-target-q-recapture,1
benchmark:kiwipete:3,kiwipete,36283,8,11,N6r/p2pkpb1/B3p1p1/8/1p2q3/7p/PPPB1PPP/R2K3R b - - 1 6,h3g2,100,1,297,331,22,175,335,LOWER,true,true,true,true,static,335,ordinary-nonchecking-capture,1
benchmark:kiwipete:3,kiwipete,36454,8,11,N2k3r/p2p1pb1/4p1p1/8/1p2q3/7p/PPPBBPPP/R3K2R b KQ - 1 6,h3g2,100,1,225,293,-50,175,397,LOWER,true,true,true,true,static,397,ordinary-nonchecking-capture,1
benchmark:middlegame:3,middlegame,37627,12,15,B4k2/2p2ppp/p7/2b1p3/3NP3/P7/1Pb2PPP/R5K1 b - - 0 17,e5d4,320,1,-111,-65,-606,175,9,LOWER,true,true,true,true,static,9,ordinary-nonchecking-capture,1
corpus:tail-middlegame-d3d4:full,tail-middlegame-d3d4,78,14,14,r4R2/1pp1k1pp/p1np4/8/4P1N1/P7/1bP1N1PP/R6K b - - 0 17,e7f8,500,1,75,104,-599,174,184,LOWER,true,true,true,true,static,184,same-target-q-recapture,1
benchmark:kiwipete:2,kiwipete,4915,7,9,r3k2r/p1ppNpb1/1n2p3/3P4/4n3/7p/PPP1QPPP/R2K3R b kq - 1 5,h3g2,100,1,-175,-61,-449,174,-6,LOWER,true,true,true,true,static,-6,ordinary-nonchecking-capture,1
benchmark:middlegame:2,middlegame,5782,11,13,r4R2/1pp1q1pp/p1np4/4k1n1/6Q1/P1NP4/1PP3PP/R3K3 b - - 0 16,a8f8,500,1,-19,-4,-693,174,193,LOWER,true,true,true,true,static,193,same-target-q-recapture,1
benchmark:kiwipete:3,kiwipete,26568,12,15,r3k2b/p1p1q3/4P1p1/8/4n3/2p5/PPP1KPPP/R6R b q - 0 8,e7e6,100,1,610,649,336,174,729,LOWER,true,true,true,true,static,729,same-target-q-recapture,1
benchmark:kiwipete:3,kiwipete,28539,20,23,r7/p1pBk3/4P3/8/4n3/2P2K2/2r2PP1/8 b - - 0 12,e4f2,100,1,659,661,385,174,673,LOWER,true,true,true,true,static,673,ordinary-nonchecking-capture,1
benchmark:kiwipete:3,kiwipete,29295,8,11,r3k2N/p1p1q1bn/1n2P1p1/8/4P3/8/PPPKbPPP/R6R b q - 0 6,e7e6,100,1,654,658,380,174,671,LOWER,true,true,true,true,static,671,ordinary-nonchecking-capture,1
benchmark:kiwipete:3,kiwipete,56456,6,9,r3k2r/p1ppNpb1/1n2p3/3P4/4n3/7p/PPP1QPPP/R2K3R b kq - 1 5,h3g2,100,1,-175,-33,-449,174,-6,LOWER,true,true,true,true,static,-6,ordinary-nonchecking-capture,1
benchmark:middlegame:3,middlegame,21367,10,13,r4R2/1pp1q1pp/p1np4/4k1n1/6Q1/P1NP4/1PP3PP/R3K3 b - - 0 16,a8f8,500,1,-19,-10,-693,174,193,LOWER,true,true,true,true,static,193,same-target-q-recapture,1
corpus:promotion-stalemate-resource:full,promotion-stalemate-resource,8,2,2,1R1r4/8/8/8/8/k7/p7/K7 w - - 1 2,b8d8,500,1,0,108,-673,173,20,EXACT,true,false,true,true,static,20,promotion-context-not-promotion-move,1
corpus:promotion-stalemate-resource:upper,promotion-stalemate-resource,6,2,2,1R1r4/8/8/8/8/k7/p7/K7 w - - 1 2,b8d8,500,1,0,1,-673,173,20,LOWER,true,true,true,true,static,20,promotion-context-not-promotion-move,1
corpus:tail-kiwipete-e1d1:full,tail-kiwipete-e1d1,3993,10,10,r3k2N/p1pp4/1n2q1p1/8/4n3/2b2Q1p/PPP1KPPP/R6R b q - 0 6,h3g2,100,1,224,263,-49,173,290,LOWER,true,true,true,true,static,290,ordinary-nonchecking-capture,1
corpus:tail-kiwipete-e1d1:full,tail-kiwipete-e1d1,11114,10,10,r3k2N/p1pp4/1n2q1p1/8/4n3/2b2Q1p/PPP1KPPP/R6R b q - 0 6,h3g2,100,1,224,282,-49,173,290,LOWER,true,true,true,true,static,290,ordinary-nonchecking-capture,1
benchmark:kiwipete:3,kiwipete,8475,10,13,r4k1b/p1p1q3/1n2Pnp1/8/4P3/8/PPPK1PPP/R6R b - - 0 7,e7e6,100,1,595,656,322,173,725,LOWER,true,true,true,true,static,725,ordinary-nonchecking-capture,1
benchmark:kiwipete:3,kiwipete,30230,3,6,r3k2r/p1p1qpb1/1n2Pnp1/4N3/4P3/1pN5/PPPBbPPP/R3K2R w KQkq - 0 4,e5f7,100,1,-708,-612,-981,173,-612,LOWER,true,true,true,true,static,-612,ordinary-nonchecking-capture,1
benchmark:kiwipete:3,kiwipete,43375,20,23,3k4/p1pn4/4P1N1/8/8/3K3p/P1P2PPP/b7 b - - 0 12,h3g2,100,1,-290,-273,-563,173,-93,LOWER,true,true,true,true,static,-93,ordinary-nonchecking-capture,1
benchmark:middlegame:3,middlegame,12882,12,15,4rR2/1pp1q1pp/p1np4/4k1n1/6Q1/P1NPK3/1PP3PP/4R3 b - - 0 17,e8f8,500,1,-14,-10,-687,173,171,LOWER,true,true,true,true,static,171,same-target-q-recapture,1
benchmark:kiwipete:3,kiwipete,6206,10,13,r3k3/p1pp4/1n4q1/3P4/8/2p5/PPP1bPPP/R3K2R b KQq - 0 7,g6g2,100,1,761,816,489,172,801,EXACT,true,false,true,false,static,847,ordinary-nonchecking-capture,1
benchmark:kiwipete:3,kiwipete,29600,8,11,r3k1nN/p1p1q1b1/1n2P1p1/8/4P3/8/PPPKbPPP/R6R b q - 0 6,e7e6,100,1,668,680,396,172,688,LOWER,true,true,true,true,static,688,ordinary-nonchecking-capture,1
benchmark:kiwipete:3,kiwipete,35012,12,15,r6r/p3kPb1/1n6/2p5/4n3/8/PPP1bPPP/R1K4R b - - 0 8,e7f7,100,1,590,608,318,172,738,LOWER,true,true,true,true,static,738,same-target-q-recapture,1
benchmark:kiwipete:3,kiwipete,43711,10,13,r2k3r/p1pn1Q2/4p1p1/3P4/1p6/2b4p/PPP2PPP/R2K3R b - - 1 7,h3g2,100,1,-290,-273,-562,172,-223,LOWER,true,true,true,true,static,-223,ordinary-nonchecking-capture,1
benchmark:kiwipete:3,kiwipete,66486,12,15,r6r/p1pn1pB1/6p1/6k1/4P3/7p/PPP1KPPP/R6R b - - 0 8,h3g2,100,1,-49,-32,-321,172,79,LOWER,true,true,true,true,static,79,ordinary-nonchecking-capture,1
benchmark:kiwipete:3,kiwipete,15343,12,15,r7/p1p2kbr/1n3np1/8/4P3/8/PPP1KPPP/R6R b - - 0 8,f6e4,100,1,590,623,319,171,623,LOWER,true,true,true,true,static,623,ordinary-nonchecking-capture,1
benchmark:kiwipete:3,kiwipete,35262,12,15,r3k2b/p7/1n3qp1/2pP4/8/8/PPP1KPPP/R6R b q - 0 8,b6d5,100,1,631,641,360,171,725,LOWER,true,true,true,true,static,725,ordinary-nonchecking-capture,3
benchmark:kiwipete:3,kiwipete,46280,18,21,7r/p4k2/Bn4p1/8/8/7p/P1PK1PPP/R7 b - - 0 11,h3g2,100,1,-48,-43,-319,171,229,LOWER,true,true,true,true,static,229,ordinary-nonchecking-capture,2
benchmark:kiwipete:3,kiwipete,52097,12,15,3k4/p1pP1pb1/5np1/4q3/4P3/7P/PPPK1P1P/R6R b - - 0 8,d8d7,100,1,-6,76,-277,171,160,LOWER,true,true,true,true,static,160,ordinary-nonchecking-capture,1
benchmark:kiwipete:2,kiwipete,6079,16,18,r7/p1p3b1/1n3kp1/8/4P3/8/PPPpKP1P/R6R w - - 0 10,e2d2,100,1,355,403,85,170,540,LOWER,true,true,true,true,static,540,ordinary-nonchecking-capture,6
benchmark:kiwipete:3,kiwipete,5224,8,11,r3k2N/p1pp1p2/1n2q3/3n4/1p2P3/8/PPPK1PPP/R6R b q - 0 6,e6e4,100,1,703,772,433,170,823,LOWER,true,true,true,true,static,823,ordinary-nonchecking-capture,1
benchmark:kiwipete:3,kiwipete,22700,8,11,r3k2N/p1p1q3/1n2pnp1/3P4/4P3/2p5/PPP1bPPP/R3K2R b q - 0 6,c3b2,100,1,865,919,595,170,921,LOWER,true,true,true,true,static,921,ordinary-nonchecking-capture,1
benchmark:kiwipete:3,kiwipete,36318,8,11,N6r/p2pkpb1/B3p1p1/8/1p2q3/4B2p/PPP2PPP/R3K2R b KQ - 1 6,h3g2,100,1,194,331,-76,170,371,LOWER,true,true,true,true,static,371,ordinary-nonchecking-capture,1
benchmark:kiwipete:2,kiwipete,3551,8,10,r3k2r/p1pp1q2/Bn4p1/4B3/1p6/5Q2/PPP2PpP/R3K2R w KQkq - 0 6,f3g2,100,1,283,301,14,169,334,LOWER,true,true,true,true,static,334,ordinary-nonchecking-capture,1
benchmark:kiwipete:3,kiwipete,8560,10,13,r4k1b/p1p1q3/1n2Pnp1/8/4P3/8/PPPK1PPP/R6R b - - 0 7,e7e6,100,1,591,604,322,169,725,LOWER,true,true,true,true,static,725,ordinary-nonchecking-capture,2
benchmark:kiwipete:3,kiwipete,17718,12,15,r6r/p1p1kPb1/1n6/8/4n3/8/PPP1bPPP/R1K4R b - - 0 8,e7f7,100,1,590,611,321,169,741,LOWER,true,true,true,true,static,741,same-target-q-recapture,1
benchmark:kiwipete:3,kiwipete,36327,8,11,N6r/p2pkpb1/4p1p1/8/1p2q3/7p/PPPBBPPP/R3K2R b KQ - 1 6,h3g2,100,1,225,331,-44,169,403,LOWER,true,true,true,true,static,403,ordinary-nonchecking-capture,1
benchmark:kiwipete:3,kiwipete,46259,18,21,r7/p3k3/Bn4p1/8/8/7p/P1PK1PPP/R7 b - - 0 11,h3g2,100,1,-61,-48,-330,169,197,LOWER,true,true,true,true,static,197,ordinary-nonchecking-capture,2
benchmark:kiwipete:3,kiwipete,55161,16,19,r4R2/p1p3b1/3k2p1/8/2B1P3/7r/P1PK1P1P/R7 b - - 0 10,a8f8,500,1,280,289,-389,169,351,LOWER,true,true,true,true,static,351,ordinary-nonchecking-capture,1
benchmark:kiwipete:3,kiwipete,60498,6,9,N2k3r/p2p1pb1/1n3np1/4q3/1p2P3/5Q1p/PPPB1PPP/R3K2R b KQ - 0 5,h3g2,100,1,-60,-32,-329,169,-31,LOWER,true,true,true,true,static,-31,ordinary-nonchecking-capture,1
corpus:winning:lower,winning,0,0,0,4k3/8/8/3q4/4P3/8/8/4K3 w - - 0 1,e4d5,975,1,412,413,-731,168,413,LOWER,true,true,true,true,static,413,ordinary-nonchecking-capture,1
corpus:tail-kiwipete-e1d1:full,tail-kiwipete-e1d1,7728,14,14,r4k1r/p2P1p2/1n4p1/4b3/8/7p/PPPK1PPP/R6R b - - 0 8,b6d7,100,1,186,253,-82,168,329,LOWER,true,true,true,true,static,329,ordinary-nonchecking-capture,1
corpus:tail-evasion-f1f2:full,tail-evasion-f1f2,540,8,8,r3k2r/Pppp1ppp/6bN/nP6/2P1n3/B4N2/P2P2PP/3B1K2 b kq - 1 5,a8a7,100,1,719,870,451,168,855,EXACT,true,false,true,true,static,855,ordinary-nonchecking-capture,1
benchmark:evasion:2,evasion,122,5,7,r3k2r/Pppp1p1p/1b3Qbp/nP6/BBP1P3/5R2/P2P2PP/7K b kq - 0 4,a8a7,100,1,-609,-376,-877,168,-32759,UPPER,false,false,false,false,mate,-734,mate,2
benchmark:evasion:2,evasion,123,5,7,r3k2r/Pppp1p1p/1b3Qbp/nP6/BBP1P3/5R2/P2P2PP/7K b kq - 0 4,b6a7,100,1,-609,-376,-877,168,-32759,UPPER,false,false,false,false,mate,-734,mate,2
benchmark:kiwipete:3,kiwipete,8756,10,13,r4k1b/p1p1q3/1n2Pnp1/8/4P3/8/PPPK1PPP/R6R b - - 0 7,e7e6,100,1,590,656,322,168,725,LOWER,true,true,true,true,static,725,same-target-q-recapture,1
benchmark:kiwipete:3,kiwipete,44022,14,17,2rk3b/p1pP4/1n6/8/1p6/7P/PPPn1P1P/R3K2R b KQ - 0 9,d8d7,100,1,-286,-281,-554,168,-253,LOWER,true,true,true,true,static,-253,same-target-q-recapture,1
benchmark:kiwipete:3,kiwipete,65002,2,5,r3k2r/p1ppqpb1/b3p1p1/3PN3/1p6/5Q1p/PPPB1PPP/R2BK2R b KQkq - 0 3,h3g2,100,1,-48,-32,-316,168,2,LOWER,true,true,true,true,static,2,ordinary-nonchecking-capture,1
corpus:tail-evasion-f1f2:full,tail-evasion-f1f2,614,8,8,r3k2r/Pppp1ppp/6bN/nP6/2P1n3/B4N2/P2P2PP/3B2K1 b kq - 1 5,a8a7,100,1,719,855,452,167,855,LOWER,true,true,true,true,static,855,ordinary-nonchecking-capture,1
benchmark:kiwipete:2,kiwipete,11266,15,17,r6r/p1B2pB1/1n4p1/8/4k3/7p/PPP1bPPP/R3K2R b KQ - 0 9,h3g2,100,1,-115,-61,-382,167,-81,EXACT,true,false,true,true,static,-81,ordinary-nonchecking-capture,1
benchmark:evasion:2,evasion,2271,9,11,r3k2r/Pppp1p1p/5n1p/BP6/B1P5/5P2/P2P3P/R5K1 b kq - 0 6,a8a7,100,1,88,107,-179,167,216,LOWER,true,true,true,true,static,216,ordinary-nonchecking-capture,8
benchmark:middlegame:2,middlegame,4825,11,13,r4R2/1pp1q1pp/p1np4/4k1n1/6Q1/P1NPK3/RPP3PP/8 b - - 0 16,a8f8,500,1,-1,1,-668,167,234,LOWER,true,true,true,true,static,234,same-target-q-recapture,1
benchmark:kiwipete:3,kiwipete,8557,10,13,r4k1b/p1p1q3/1n2Pnp1/8/4P3/8/PPP1KPPP/R6R b - - 0 7,e7e6,100,1,591,604,324,167,710,LOWER,true,true,true,true,static,710,ordinary-nonchecking-capture,1
benchmark:kiwipete:3,kiwipete,11480,12,15,r3k2q/p1p5/1n2P1p1/8/4n3/2P5/P1P1KPPP/R6R b q - 0 8,h8c3,100,1,590,597,323,167,605,LOWER,true,true,true,true,static,605,same-target-q-recapture,1
benchmark:kiwipete:3,kiwipete,42147,16,19,r6N/p1pp4/Bn1k4/8/8/2p4p/PPP2PPP/5RK1 b - - 0 10,c3b2,100,1,-288,-279,-555,167,44,LOWER,true,true,true,true,static,44,ordinary-nonchecking-capture,1
benchmark:kiwipete:3,kiwipete,54971,16,19,r4R2/p1p3b1/2k3p1/8/2B1P3/7r/P1PK1P1P/R7 b - - 0 10,a8f8,500,1,276,289,-391,167,342,LOWER,true,true,true,true,static,342,ordinary-nonchecking-capture,2
benchmark:kiwipete:3,kiwipete,66807,14,17,r6r/p1B2pB1/1n4p1/8/4k3/7p/PPP1bPPP/R3K2R b KQ - 0 9,h3g2,100,1,-115,-37,-382,167,-81,EXACT,true,false,true,true,static,-81,ordinary-nonchecking-capture,1
benchmark:kiwipete:2,kiwipete,7178,16,18,r7/p1p3b1/1n3kp1/8/4P3/8/PPPpKP1P/R6R w - - 0 10,e2d2,100,1,351,403,85,166,540,LOWER,true,true,true,true,static,540,ordinary-nonchecking-capture,6
benchmark:kiwipete:2,kiwipete,9303,11,13,7r/p1pp1Pb1/1n3k2/8/4P3/2p2b1p/PPP2PPP/R3K2R b KQ - 0 7,f6f7,100,1,-62,-61,-328,166,-39,LOWER,true,true,true,true,static,-39,same-target-q-recapture,1
benchmark:evasion:2,evasion,7580,17,19,5k1r/1R4pp/5nb1/1P6/r1P1P3/5R2/P5PP/6K1 b - - 0 10,a4c4,100,1,-191,-183,-457,166,-171,LOWER,true,true,true,true,static,-171,ordinary-nonchecking-capture,2
benchmark:kiwipete:3,kiwipete,3075,14,17,r3k3/p1p3b1/1n6/8/8/2p5/PPq2PPP/R4K1R b q - 1 9,c2b2,100,1,825,842,559,166,991,LOWER,true,true,true,true,static,991,ordinary-nonchecking-capture,1
benchmark:kiwipete:3,kiwipete,16165,12,15,r4r2/p1p2kb1/1n3np1/8/4P3/8/PPP1KPPP/R6R b - - 0 8,f6e4,100,1,590,629,324,166,626,EXACT,true,false,true,true,static,626,ordinary-nonchecking-capture,1
benchmark:kiwipete:3,kiwipete,19917,10,13,r3k3/p1p1q3/1n2PnN1/8/4P3/8/PpPbKPPP/R6R b q - 0 7,e7e6,100,1,590,650,324,166,716,LOWER,true,true,true,true,static,716,ordinary-nonchecking-capture,3
benchmark:kiwipete:3,kiwipete,27949,8,11,r1n1k2b/p1p1q3/4Pnp1/8/4P3/2B5/PPP1bPPP/R3K2R b KQq - 0 6,e7e6,100,1,590,600,324,166,706,LOWER,true,true,true,true,static,706,same-target-q-recapture,1
benchmark:kiwipete:3,kiwipete,64903,10,13,7r/p1pp1Pb1/1n3k2/8/4P3/2p2b1p/PPP2PPP/R3K2R b KQ - 0 7,f6f7,100,1,-62,-55,-328,166,-39,LOWER,true,true,true,true,static,-39,same-target-q-recapture,1
corpus:tail-kiwipete-e1d1:full,tail-kiwipete-e1d1,632,16,16,r6r/p2Pkpb1/6p1/8/8/7P/PPPnKP1P/R6R b - - 0 9,e7d7,100,1,172,210,-93,165,211,LOWER,true,true,true,true,static,211,same-target-q-recapture,1
benchmark:kiwipete:3,kiwipete,17773,18,21,r6r/p1p1kP2/8/8/2n5/8/P1P1KnPP/R7 b - - 0 11,e7f7,100,1,591,605,326,165,813,LOWER,true,true,true,true,static,813,ordinary-nonchecking-capture,1
benchmark:kiwipete:3,kiwipete,18020,12,15,r3k3/p1p3b1/1n4q1/3p4/4P3/8/PPP1KPPP/R6R b q - 0 8,g6g2,100,1,624,632,359,165,677,LOWER,true,true,true,true,static,677,ordinary-nonchecking-capture,1
benchmark:kiwipete:3,kiwipete,23802,13,16,r4b2/p1p1kp2/1n2P3/8/8/2n5/PPP2PP1/R3KB1r w Q - 0 9,e6f7,100,1,-649,-590,-914,165,-586,LOWER,true,true,true,true,static,-586,ordinary-nonchecking-capture,1
benchmark:kiwipete:3,kiwipete,23823,13,16,r4b2/p1p1kp2/1n2P3/8/8/2n5/PPP2PP1/R3KB1r w Q - 0 9,e6f7,100,1,-649,-642,-914,165,-586,LOWER,true,true,true,true,static,-586,ordinary-nonchecking-capture,1
benchmark:middlegame:3,middlegame,35907,11,14,r5k1/1pB2ppp/p7/3np3/2B1P3/P2P4/2P2PPP/b4K2 w - - 0 17,e4d5,320,1,10,105,-475,165,113,LOWER,true,true,true,true,static,113,ordinary-nonchecking-capture,1
corpus:tail-kiwipete-e1d1:full,tail-kiwipete-e1d1,7621,16,16,r6r/4kPb1/1p4p1/8/8/7p/PPPnKPPP/R6R b - - 0 9,e7f7,100,1,186,210,-78,164,295,LOWER,true,true,true,true,static,295,same-target-q-recapture,1
corpus:tail-kiwipete-e1d1:full,tail-kiwipete-e1d1,9076,13,13,r2k3N/p1pp1Pb1/1n3n2/8/4q3/5Q2/PPPK1P1P/R6q w - - 0 8,f3h1,975,1,-291,-281,-1430,164,-277,LOWER,true,true,true,true,static,-277,same-target-q-recapture,1
corpus:tail-kiwipete-e1d1:full,tail-kiwipete-e1d1,14568,13,13,r2k3N/p1pp1Pb1/1n3n2/8/4q3/5Q2/PPPK1P1P/R6q w - - 0 8,f3h1,975,1,-291,-282,-1430,164,-277,LOWER,true,true,true,true,static,-277,same-target-q-recapture,1
benchmark:kiwipete:2,kiwipete,795,3,5,r3k2r/p1ppqpb1/B3p1p1/3PN3/1p6/5Q1p/PPPB1PPP/R3K2R b KQkq - 0 3,h3g2,100,1,-399,-297,-663,164,-340,EXACT,true,false,true,true,static,-340,ordinary-nonchecking-capture,2
benchmark:middlegame:2,middlegame,5945,11,13,r4R2/1pp1q1pp/p1np4/4k1n1/6Q1/P1NPK3/1PP3PP/R7 b - - 0 16,a8f8,500,1,-17,1,-681,164,222,LOWER,true,true,true,true,static,222,same-target-q-recapture,1
benchmark:kiwipete:3,kiwipete,7098,7,10,r3k2N/p1pnq1b1/5np1/3p4/4P3/8/PPPpKPPP/R6R w q - 0 6,h8g6,100,1,-839,-742,-1103,164,-835,EXACT,true,false,true,true,static,-835,ordinary-nonchecking-capture,1
benchmark:kiwipete:3,kiwipete,12580,12,15,1r2k3/p1p3b1/1n4q1/3p4/4P3/8/PPP1KPPP/R6R b - - 0 8,g6g2,100,1,659,661,395,164,713,LOWER,true,true,true,true,static,713,ordinary-nonchecking-capture,1
benchmark:kiwipete:3,kiwipete,46795,10,13,N6r/p2p1pb1/Bn3kp1/8/1B2q3/7p/PPP2PPP/R2K3R b - - 1 7,h3g2,100,1,357,398,93,164,539,LOWER,true,true,true,true,static,539,ordinary-nonchecking-capture,1
benchmark:kiwipete:3,kiwipete,51818,12,15,3k4/p1pn1qb1/1n2P1p1/8/4P3/7P/PPPK1P1P/R6R b - - 0 8,f7e6,100,1,53,73,-211,164,204,LOWER,true,true,true,true,static,204,same-target-q-recapture,1
benchmark:middlegame:3,middlegame,13287,15,18,r5k1/1pp3pp/p1np4/8/8/P1NP3K/1PP3PP/4rR2 w - - 0 19,f1e1,500,1,10,12,-654,164,55,LOWER,true,true,true,true,static,55,same-target-q-recapture,1
benchmark:middlegame:3,middlegame,21511,10,13,r4R2/1pp1q1pp/p1np4/4k1n1/6Q1/P1NPK3/1PP3PP/R7 b - - 0 16,a8f8,500,1,-17,-10,-681,164,222,LOWER,true,true,true,true,static,222,same-target-q-recapture,1
corpus:tail-kiwipete-e1d1:full,tail-kiwipete-e1d1,4563,9,9,r3k2b/p1ppq3/1n2pnp1/3P4/4P3/8/PPPpKPQP/R6R w q - 0 6,e2d2,100,1,-263,-238,-526,163,-126,LOWER,true,true,true,true,static,-126,ordinary-nonchecking-capture,1
corpus:tail-kiwipete-e1d1:full,tail-kiwipete-e1d1,6214,12,12,r2k3N/p1pp1Pb1/1n3n2/8/4Q3/8/PPPp1PpP/R2K3R b - - 0 7,f6e4,975,1,244,246,-894,163,246,LOWER,true,true,true,true,static,246,same-target-q-recapture,2
benchmark:kiwipete:3,kiwipete,3569,9,12,r3k2N/p1p1q3/1n4p1/3p4/1p6/2b5/PPPn1PPP/R2K3R w q - 0 7,h8g6,100,1,-787,-744,-1050,163,-724,LOWER,true,true,true,true,static,-724,ordinary-nonchecking-capture,1
benchmark:kiwipete:3,kiwipete,4383,9,12,r3k2N/p1p1q3/1n4p1/3p4/1p6/2b5/PPPn1PPP/R2K3R w q - 0 7,h8g6,100,1,-787,-771,-1050,163,-724,LOWER,true,true,true,true,static,-724,ordinary-nonchecking-capture,1
benchmark:kiwipete:2,kiwipete,5925,16,18,r4b2/p1p5/1n3kp1/8/4P3/8/PPPpKP1P/R6R w - - 0 10,e2d2,100,1,355,422,93,162,548,LOWER,true,true,true,true,static,548,ordinary-nonchecking-capture,2
benchmark:kiwipete:3,kiwipete,6462,10,13,r3k3/p1pp4/1n4q1/8/1p2P3/2b5/PPP1KPPP/R6R b q - 0 7,g6g2,100,1,761,830,499,162,822,EXACT,true,false,true,false,static,896,ordinary-nonchecking-capture,1
benchmark:kiwipete:3,kiwipete,19790,6,9,r3k2r/p1p1qN2/1n2PnpB/8/4P3/2p5/PPP1bPPP/R3K2R b KQkq - 0 5,e7e6,100,1,657,671,395,162,714,LOWER,true,true,true,true,static,714,ordinary-nonchecking-capture,1
benchmark:kiwipete:3,kiwipete,60915,6,9,N2k3r/p2p1pb1/1n3np1/4q3/1p2P3/7p/PPPBQPPP/R3K2R b KQ - 0 5,h3g2,100,1,-56,-32,-318,162,-19,LOWER,true,true,true,true,static,-19,ordinary-nonchecking-capture,2
corpus:tail-kiwipete-e1d1:full,tail-kiwipete-e1d1,15930,17,17,r2k3b/p1pp4/Bn6/8/8/8/PPPKQq1P/R6q w - - 0 10,a1h1,975,1,-291,-282,-1427,161,-283,EXACT,true,false,true,true,static,-283,same-target-q-recapture,1
benchmark:kiwipete:3,kiwipete,3171,8,11,r3k3/p1p1q1b1/1n2P1N1/8/8/2p5/PPPnbPPP/R3K2R b KQq - 0 6,e7e6,100,1,746,806,485,161,883,LOWER,true,true,true,true,static,883,ordinary-nonchecking-capture,1
benchmark:kiwipete:3,kiwipete,12852,20,23,1r2k3/p1pp4/B3p3/8/8/2N1K3/PPr5/7R b - - 0 12,b8b2,100,1,661,668,400,161,662,EXACT,true,false,true,true,static,662,ordinary-nonchecking-capture,1
benchmark:kiwipete:3,kiwipete,28053,12,15,r1n1k3/p1p3b1/6q1/3p4/4P3/8/PPP1KPPP/R6R b q - 0 8,g6g2,100,1,600,608,339,161,651,LOWER,true,true,true,true,static,651,ordinary-nonchecking-capture,1
benchmark:kiwipete:3,kiwipete,31636,8,11,r3k2b/p1p1q3/1n2pn2/3P2B1/4P3/2p5/PPP1KPPP/R6R b q - 0 6,c3b2,100,1,590,657,329,161,660,LOWER,true,true,true,true,static,660,ordinary-nonchecking-capture,1
benchmark:kiwipete:3,kiwipete,46264,18,21,7r/p3k3/Bn4p1/8/8/7p/P1PK1PPP/R7 b - - 0 11,h3g2,100,1,-61,-48,-322,161,226,LOWER,true,true,true,true,static,226,ordinary-nonchecking-capture,2
benchmark:kiwipete:3,kiwipete,51794,12,15,3k4/p1p1qPb1/5np1/4n3/4P3/7P/PPPK1P1P/R6R b - - 0 8,e7f7,100,1,-6,53,-267,161,158,LOWER,true,true,true,true,static,158,same-target-q-recapture,1
benchmark:kiwipete:3,kiwipete,52092,12,15,3k4/p1p1qPb1/5np1/4n3/4P3/7P/PPPK1P1P/R6R b - - 0 8,e7f7,100,1,-6,76,-267,161,158,LOWER,true,true,true,true,static,158,same-target-q-recapture,1
corpus:tail-kiwipete-e1d1:full,tail-kiwipete-e1d1,3843,12,12,r3k2N/p1pp4/1n4p1/8/4n3/2b4p/PPP1KPPP/R6R b q - 0 7,h3g2,100,1,237,263,-23,160,335,LOWER,true,true,true,true,static,335,ordinary-nonchecking-capture,1
corpus:tail-kiwipete-e1d1:full,tail-kiwipete-e1d1,10963,12,12,r3k2N/p1pp4/1n4p1/8/4n3/2b4p/PPP1KPPP/R6R b q - 0 7,h3g2,100,1,237,282,-23,160,335,LOWER,true,true,true,true,static,335,ordinary-nonchecking-capture,1
corpus:tail-evasion-f1f2:full,tail-evasion-f1f2,579,14,14,r6r/Pppp1kpp/6b1/nP6/2P5/B4K2/P5PP/3B4 b - - 0 8,a8a7,100,1,855,870,595,160,1202,LOWER,true,true,true,true,static,1202,ordinary-nonchecking-capture,6
benchmark:evasion:2,evasion,7601,17,19,6kr/1R4pp/5nb1/1P6/r1P1P3/5R2/P5PP/6K1 b - - 0 10,a4c4,100,1,-183,-163,-443,160,-157,LOWER,true,true,true,true,static,-157,ordinary-nonchecking-capture,2
benchmark:middlegame:2,middlegame,1855,9,11,r4R2/1pp1q1pp/p1np2k1/4p1N1/6b1/P1NP4/1PP3PP/R2Q2K1 b - - 0 15,a8f8,500,1,3,6,-657,160,59,LOWER,true,true,true,true,static,59,same-target-q-recapture,1
benchmark:kiwipete:3,kiwipete,3448,8,11,r3k3/p1p1qNb1/1n2P3/8/8/2p5/PPPnbPPP/R3K2R b KQq - 0 6,e7e6,100,1,716,788,456,160,880,LOWER,true,true,true,true,static,880,ordinary-nonchecking-capture,2
benchmark:kiwipete:3,kiwipete,11392,13,16,r3k2N/p1p5/1n2P1p1/8/4n3/8/PpP2qPP/R2K3R w q - 0 9,h8g6,100,1,-640,-590,-900,160,-32750,UPPER,false,false,false,false,mate,-900,mate,1
benchmark:kiwipete:3,kiwipete,14663,12,15,3k3r/p1p1q1b1/1n2P1p1/8/8/2P5/P1PK1PPP/R6R b - - 0 8,e7e6,100,1,625,649,365,160,894,LOWER,true,true,true,true,static,894,ordinary-nonchecking-capture,1
benchmark:kiwipete:3,kiwipete,22850,15,18,r7/p1p1k3/1n2pn2/3P4/4P3/8/P1P1KPPP/7r w - - 0 10,d5e6,100,1,-919,-882,-1179,160,-846,LOWER,true,true,true,true,static,-846,ordinary-nonchecking-capture,1
benchmark:kiwipete:3,kiwipete,26036,12,15,r3k2b/p1p1q3/4P1p1/8/4n3/2P5/P1P1KPPP/R6R b q - 0 8,e7e6,100,1,603,649,343,160,736,LOWER,true,true,true,true,static,736,same-target-q-recapture,1
benchmark:kiwipete:3,kiwipete,35278,12,15,r3k3/p5b1/1n4q1/2pp4/4P3/8/PPP1KPPP/R6R b q - 0 8,g6g2,100,1,631,641,371,160,689,LOWER,true,true,true,true,static,689,ordinary-nonchecking-capture,1
corpus:tail-evasion-:full,tail-evasion-,1725,9,9,r3k2N/Pppp2pp/5nb1/nPb5/1q1PP3/5N2/P5PP/Q4RK1 b q - 0 5,c5a7,100,1,339,342,80,159,382,LOWER,true,true,true,true,static,382,ordinary-nonchecking-capture,3
benchmark:kiwipete:2,kiwipete,11081,18,20,r6r/p1B2pB1/1n4p1/8/4k3/8/PPP1KP1P/R6r w - - 0 11,a1h1,500,1,61,81,-598,159,81,LOWER,true,true,true,true,static,81,ordinary-nonchecking-capture,3
benchmark:kiwipete:3,kiwipete,3244,6,9,r3k2N/p1p1q3/bn2P1p1/8/1p6/2b5/PPPnBPPP/R3K2R b KQq - 0 5,e7e6,100,1,747,842,488,159,921,LOWER,true,true,true,true,static,921,ordinary-nonchecking-capture,1
benchmark:kiwipete:3,kiwipete,3892,8,11,r3k3/p1p1q1b1/1n2P1N1/8/8/2p5/PPPnbPPP/R3K2R b KQq - 0 6,e7e6,100,1,744,806,485,159,883,LOWER,true,true,true,true,static,883,ordinary-nonchecking-capture,1
benchmark:kiwipete:3,kiwipete,10956,10,13,r2qk2N/p1p2p2/1n2p3/3P4/4n3/2P5/P1P1KPPP/R6R b q - 0 7,d8d5,100,1,590,605,331,159,614,LOWER,true,true,true,true,static,614,ordinary-nonchecking-capture,2
benchmark:kiwipete:3,kiwipete,12860,20,23,1r2k3/p1pp4/B3p3/8/8/2N2K2/PPr5/7R b - - 0 12,b8b2,100,1,661,668,402,159,663,EXACT,true,false,true,true,static,663,ordinary-nonchecking-capture,1
benchmark:kiwipete:3,kiwipete,52119,12,15,3k4/p1pP1pb1/1n4p1/4q3/4P3/7P/PPPK1P1P/R6R b - - 0 8,d8d7,100,1,-6,76,-265,159,173,LOWER,true,true,true,true,static,173,ordinary-nonchecking-capture,1
corpus:tail-kiwipete-e1d1:full,tail-kiwipete-e1d1,15542,10,10,r2k3N/p1pp1Pb1/bn3n2/8/4Q3/8/PPPpBPpP/R2K3R b - - 0 6,f6e4,975,1,282,283,-851,158,283,LOWER,true,true,true,true,static,283,same-target-q-recapture,1
corpus:tail-evasion-f1f2:full,tail-evasion-f1f2,569,12,12,r3k2r/Pppp1ppp/6bN/nP6/2P5/B4K2/P5PP/3B4 b kq - 0 7,a8a7,100,1,855,870,597,158,998,LOWER,true,true,true,true,static,998,ordinary-nonchecking-capture,6
benchmark:kiwipete:2,kiwipete,6832,16,18,r4b2/p1p5/1n3kp1/8/4P3/8/PPPpKP1P/R6R w - - 0 10,e2d2,100,1,351,422,93,158,548,LOWER,true,true,true,true,static,548,ordinary-nonchecking-capture,2
benchmark:kiwipete:3,kiwipete,51813,12,15,3k4/p1pnq1b1/1n2P1p1/8/4P3/7P/PPPK1P1P/R6R b - - 0 8,e7e6,100,1,53,73,-205,158,204,LOWER,true,true,true,true,static,204,same-target-q-recapture,1
benchmark:kiwipete:3,kiwipete,55047,14,17,r4R1r/p1p3b1/2k3p1/8/2B1P3/7p/P1PK1PPP/R7 b - - 0 9,a8f8,500,1,199,289,-459,158,266,EXACT,true,false,true,false,static,269,ordinary-nonchecking-capture,1
benchmark:kiwipete:2,kiwipete,1072,9,11,r2k3r/p1pp1P2/B5p1/4b3/1p6/7p/PPPB1PPP/R3K2R b KQ - 0 6,h3g2,100,1,-532,-471,-789,157,-351,LOWER,true,true,true,true,static,-351,ordinary-nonchecking-capture,2
benchmark:kiwipete:3,kiwipete,32945,18,21,7r/p5b1/4Pk2/8/4P3/8/P1q2PPP/b3K2R b - - 1 11,f6e6,100,1,663,686,406,157,833,LOWER,true,true,true,true,static,833,ordinary-nonchecking-capture,1
benchmark:kiwipete:3,kiwipete,62144,10,13,r6r/p2pkpN1/1n4p1/8/1p6/5N1p/PPPK1PPP/R6R b - - 0 7,h3g2,100,1,-104,-32,-361,157,112,LOWER,true,true,true,true,static,112,ordinary-nonchecking-capture,1
corpus:tail-kiwipete-e1d1:full,tail-kiwipete-e1d1,12242,7,7,r3k2r/p1ppqpb1/1n2P1p1/4N3/4Q3/7p/PPPpKPPP/R6R w kq - 0 5,e2d2,100,1,-283,-282,-539,156,-262,LOWER,true,true,true,true,static,-262,same-target-q-recapture,1
corpus:tail-kiwipete-e1d1:lower,tail-kiwipete-e1d1,1843,12,12,r2k3r/p1pP1qb1/1n3np1/8/4P3/8/PPP1KPQP/R6R b - - 0 7,d8d7,100,1,299,300,43,156,499,LOWER,true,true,true,true,static,499,ordinary-nonchecking-capture,2
benchmark:kiwipete:3,kiwipete,12057,10,13,1r2k2b/p1p1q3/1n2Pnp1/8/4P3/8/PPPK1PPP/R6R b - - 0 7,e7e6,100,1,590,661,334,156,734,LOWER,true,true,true,true,static,734,ordinary-nonchecking-capture,10
benchmark:kiwipete:3,kiwipete,28387,20,23,r7/p1pBk3/4P3/8/4n3/2P2K2/2r2PP1/8 b - - 0 12,e4f2,100,1,641,661,385,156,673,LOWER,true,true,true,true,static,673,ordinary-nonchecking-capture,1
benchmark:middlegame:3,middlegame,30358,11,14,5rk1/1pp2ppp/B1np4/3Np3/4n3/P2P4/1PP3PP/R4K2 w - - 0 17,a6b7,100,1,35,84,-221,156,47,EXACT,true,false,true,true,static,47,ordinary-nonchecking-capture,1
benchmark:evasion:2,evasion,1735,3,5,r3k2r/Pppp1ppp/5nbN/nPb5/B1P1P3/5N2/Rp1P2PP/3Q1R1K b kq - 1 3,c5a7,100,1,-453,-93,-708,155,-443,EXACT,true,false,true,true,static,-443,ordinary-nonchecking-capture,1
benchmark:evasion:2,evasion,7522,17,19,4k2r/1R4pp/5nb1/1P6/r1P1P3/5R2/P5PP/6K1 b - - 0 10,a4c4,100,1,-198,-191,-453,155,-167,LOWER,true,true,true,true,static,-167,ordinary-nonchecking-capture,2
benchmark:kiwipete:3,kiwipete,8914,8,11,r5k1/p1p1qNb1/1n3np1/8/4P3/2p5/PPPBKPPP/R6R b - - 0 6,c3d2,330,1,642,703,157,155,839,LOWER,true,true,true,true,static,839,ordinary-nonchecking-capture,1
benchmark:kiwipete:3,kiwipete,12099,10,13,1r2k2b/p1p1q3/1n2Pnp1/8/4P3/8/PPP1KPPP/R6R b - - 0 7,e7e6,100,1,590,661,335,155,718,LOWER,true,true,true,true,static,718,ordinary-nonchecking-capture,4
benchmark:kiwipete:3,kiwipete,20294,6,9,r3k2r/p1p1qN2/1n2PnpB/8/4P3/2p5/PPP1bPPP/R3K2R b KQkq - 0 5,e7e6,100,1,650,671,395,155,714,LOWER,true,true,true,true,static,714,ordinary-nonchecking-capture,1
benchmark:kiwipete:3,kiwipete,26467,12,15,r3k2b/p1p1q3/4P1p1/8/4n3/2p5/PPP1KPPP/R6R b q - 0 8,e7e6,100,1,591,649,336,155,729,LOWER,true,true,true,true,static,729,same-target-q-recapture,2
benchmark:evasion:3,evasion,3801,2,5,r3k2r/Pppp1ppp/5nbN/nPb5/B1P1P3/5N2/Rp1P2PP/3Q1R1K b kq - 1 3,c5a7,100,1,-453,543,-708,155,-443,EXACT,true,false,true,true,static,-443,ordinary-nonchecking-capture,1
corpus:tail-kiwipete-e1d1:full,tail-kiwipete-e1d1,732,14,14,r4k1r/p2P1p2/1n4p1/4b3/8/7p/PPPK1PPP/R6R b - - 0 8,b6d7,100,1,172,253,-82,154,329,LOWER,true,true,true,true,static,329,ordinary-nonchecking-capture,1
benchmark:kiwipete:2,kiwipete,9315,13,15,r7/p1pp2b1/1n2k3/8/4P3/2p2P1p/PPP2P1P/R3K2R b KQ - 0 8,c3b2,100,1,-62,-61,-316,154,185,LOWER,true,true,true,true,static,185,ordinary-nonchecking-capture,1
benchmark:evasion:2,evasion,4733,9,11,r3k2r/Pppp1p1p/6bp/nP6/BBP1n3/5R2/P5PP/Q3K3 b kq - 1 6,a8a7,100,1,-242,-57,-496,154,-32755,UPPER,false,false,false,false,mate,-299,mate,2
benchmark:kiwipete:3,kiwipete,48475,14,17,r7/p2pkpb1/6p1/8/1p2K3/7p/PPP2PPP/R6R b - - 0 9,h3g2,100,1,-54,-32,-308,154,133,LOWER,true,true,true,true,static,133,ordinary-nonchecking-capture,2
benchmark:kiwipete:3,kiwipete,64915,12,15,r7/p1pp2b1/1n2k3/8/4P3/2p2P1p/PPP2P1P/R3K2R b KQ - 0 8,c3b2,100,1,-62,-55,-316,154,185,LOWER,true,true,true,true,static,185,ordinary-nonchecking-capture,1
benchmark:kiwipete:3,kiwipete,67983,6,9,r3k2r/p1ppNpb1/1n2p1p1/3P4/4n3/3K3p/PPP1QPPP/R6R b kq - 1 5,h3g2,100,1,-58,-32,-312,154,0,LOWER,true,true,true,true,static,0,ordinary-nonchecking-capture,1
benchmark:middlegame:3,middlegame,36060,12,15,B5k1/5ppp/p2p4/2b1p3/3NP3/P7/1Pb2PPP/R5K1 b - - 0 17,e5d4,320,1,-111,-20,-585,154,-47,EXACT,true,false,true,true,static,-47,ordinary-nonchecking-capture,1
benchmark:kiwipete:2,kiwipete,864,7,9,r6r/p1ppk1b1/B3p1p1/3PN3/1p6/7p/PPPB1PPP/R3K2R b KQ - 0 5,h3g2,100,1,-471,-467,-724,153,-444,LOWER,true,true,true,true,static,-444,ordinary-nonchecking-capture,2
benchmark:kiwipete:3,kiwipete,12331,12,15,1r5r/p1p1kPb1/1n6/8/4n3/8/PPP1bPPP/R1K4R b - - 0 8,e7f7,100,1,590,617,337,153,757,LOWER,true,true,true,true,static,757,same-target-q-recapture,1
benchmark:kiwipete:3,kiwipete,54979,14,17,r4R1r/p1p3b1/2k3p1/8/2B1P3/7p/P1PK1PPP/R7 b - - 0 9,a8f8,500,1,194,289,-459,153,266,EXACT,true,false,true,false,static,269,ordinary-nonchecking-capture,1
corpus:tail-kiwipete-e1d1:lower,tail-kiwipete-e1d1,228,12,12,r2k3r/p1pP1qb1/1n3np1/8/4P3/8/PPPK1PQP/R6R b - - 0 7,d8d7,100,1,299,300,47,152,503,LOWER,true,true,true,true,static,503,ordinary-nonchecking-capture,3
corpus:tail-evasion-f1f2:full,tail-evasion-f1f2,534,8,8,r3k2r/Pppp1ppp/6bN/nP6/2P1n3/B4N2/P2P2PP/3BK3 b kq - 1 5,a8a7,100,1,719,938,467,152,870,EXACT,true,false,true,true,static,870,ordinary-nonchecking-capture,1
benchmark:kiwipete:3,kiwipete,12775,20,23,4k2r/p1pp4/B3p3/8/8/2N5/r5PP/3K3R b k - 0 12,a2g2,100,1,661,668,409,152,663,EXACT,true,false,true,true,static,663,ordinary-nonchecking-capture,1
benchmark:kiwipete:3,kiwipete,33171,14,17,7r/p1k1q1b1/4Pn2/6B1/4P3/8/P1P1KPPP/b6R b - - 0 9,e7e6,100,1,663,670,411,152,787,LOWER,true,true,true,true,static,787,same-target-q-recapture,1
benchmark:kiwipete:3,kiwipete,62647,4,7,r6r/p1ppkpb1/Bn3Np1/4q3/1p2P3/5Q1p/PPPB1PPP/R3K2R b KQ - 0 4,h3g2,100,1,-104,-32,-356,152,-76,EXACT,true,false,true,true,static,-76,ordinary-nonchecking-capture,1
benchmark:middlegame:3,middlegame,7172,6,9,r4Bk1/1pp2ppp/p1np4/4p3/2B1P3/b1NP4/1PP2PPP/3R2K1 b - - 0 14,a3b2,100,1,-11,-10,-263,152,-9,LOWER,true,true,true,true,static,-9,ordinary-nonchecking-capture,1
benchmark:middlegame:3,middlegame,15334,14,17,r4r1k/1pp4p/p1np1R2/8/4P3/P1NP4/1PP3PP/4Q2K b - - 0 18,f8f6,500,1,-17,-10,-669,152,-3,LOWER,true,true,true,true,static,-3,same-target-q-recapture,3
benchmark:middlegame:3,middlegame,30836,9,12,4rrk1/1pp1nppp/B2p4/3Np3/4n3/P2P4/1PP1K1PP/R4R2 w - - 0 16,a6b7,100,1,50,68,-202,152,51,EXACT,true,false,true,true,static,51,ordinary-nonchecking-capture,1
benchmark:kiwipete:2,kiwipete,9576,9,11,r2k3r/p1pp1P2/b5p1/4b3/1p6/7p/PPPB1PPP/R2BK2R b KQ - 0 6,h3g2,100,1,-177,-118,-428,151,-110,LOWER,true,true,true,true,static,-110,ordinary-nonchecking-capture,2
benchmark:evasion:2,evasion,1263,11,13,r3k2r/Pppp1ppp/7N/BP6/B1P5/5N2/3R2PP/1b3K2 b kq - 0 7,a8a7,100,1,-401,-380,-652,151,-348,LOWER,true,true,true,true,static,-348,ordinary-nonchecking-capture,2
benchmark:kiwipete:3,kiwipete,19891,5,8,r3k2r/p1p1qp2/1n2Pnp1/4N3/1p2P3/2N5/PPPbKPPP/R6R w kq - 0 5,e5f7,100,1,-671,-590,-922,151,-650,EXACT,true,false,true,false,static,-334,ordinary-nonchecking-capture,1
benchmark:kiwipete:3,kiwipete,28509,20,23,r7/p1pBk3/4P3/8/4n3/2P1K3/2r2PP1/8 b - - 0 12,e4f2,100,1,659,661,408,151,692,LOWER,true,true,true,true,static,692,ordinary-nonchecking-capture,1
benchmark:kiwipete:3,kiwipete,67946,6,9,r3k2r/p1ppNpb1/1n2p1p1/3P4/4n3/7p/PPP1QPPP/R2K3R b kq - 1 5,h3g2,100,1,-58,-32,-309,151,2,LOWER,true,true,true,true,static,2,ordinary-nonchecking-capture,1
benchmark:evasion:3,evasion,7692,14,17,r7/Pp1pkp1p/6bp/nP6/B3n3/8/P2P2PP/R6K b - - 0 9,a8a7,100,1,387,438,136,151,538,LOWER,true,true,true,true,static,538,ordinary-nonchecking-capture,1
benchmark:middlegame:3,middlegame,7782,6,9,r4Bk1/1pp2ppp/p1np4/4p3/2B1P3/b1NP4/1PP2PPP/5RK1 b - - 0 14,a3b2,100,1,-27,-21,-278,151,-24,EXACT,true,false,true,true,static,-24,ordinary-nonchecking-capture,1
corpus:tail-kiwipete-e1d1:full,tail-kiwipete-e1d1,619,16,16,r6r/4kPb1/1p4p1/8/8/7p/PPPnKPPP/R6R b - - 0 9,e7f7,100,1,172,210,-78,150,295,LOWER,true,true,true,true,static,295,same-target-q-recapture,1
corpus:tail-kiwipete-e1d1:full,tail-kiwipete-e1d1,20335,12,12,r2k3r/p1pP1qb1/1n3np1/8/4P3/8/PPP1KPQP/R6R b - - 0 7,d8d7,100,1,293,300,43,150,499,LOWER,true,true,true,true,static,499,ordinary-nonchecking-capture,1
benchmark:kiwipete:2,kiwipete,3578,7,9,r2k3r/p1ppqQ2/Bn2P1p1/4B3/1p6/7p/PPP2PPP/R3K2R b KQ - 0 5,h3g2,100,1,-310,-301,-560,150,-236,LOWER,true,true,true,true,static,-236,ordinary-nonchecking-capture,2
benchmark:kiwipete:3,kiwipete,4063,18,21,r3k3/p1p5/1n2P1q1/8/8/8/P5PP/5K1R b q - 0 11,g6e6,100,1,771,796,521,150,981,LOWER,true,true,true,true,static,981,same-target-q-recapture,1
benchmark:kiwipete:3,kiwipete,8145,16,19,r2k3r/p1pp4/B7/3p4/8/2P5/P1P1K1PP/R6n b - - 0 10,h8h2,100,1,633,635,383,150,645,LOWER,true,true,true,true,static,645,ordinary-nonchecking-capture,1
benchmark:kiwipete:3,kiwipete,17210,5,8,r3k2r/p1p1qpb1/4Pnp1/4N3/1p2P3/2N5/PPPn1PPP/R3K2R w KQkq - 0 5,e5f7,100,1,-673,-614,-923,150,-641,EXACT,true,false,true,false,static,-335,ordinary-nonchecking-capture,1
benchmark:kiwipete:3,kiwipete,44049,16,19,7r/p1pk4/1n6/8/1p6/2P4p/P1PK1PPP/R6R b - - 0 10,h3g2,100,1,-286,-273,-536,150,-205,LOWER,true,true,true,true,static,-205,ordinary-nonchecking-capture,1
benchmark:middlegame:3,middlegame,33269,7,10,r4k2/1pp2ppp/B1np4/4p3/4P1b1/P2P1N2/1PP2PPP/R4nK1 w - - 0 15,a6b7,100,1,36,111,-214,150,40,EXACT,true,false,true,true,static,40,ordinary-nonchecking-capture,1
corpus:tail-kiwipete-e1d1:full,tail-kiwipete-e1d1,4370,7,7,r3k2b/p1ppq3/1n2pnp1/3P4/4P3/5Q1p/PPPpKPPP/R6R w q - 0 5,e2d2,100,1,-263,-217,-512,149,-221,EXACT,true,false,true,true,static,-221,ordinary-nonchecking-capture,1
corpus:tail-kiwipete-e1d1:full,tail-kiwipete-e1d1,20070,12,12,7r/p1pkq1b1/Bn3np1/8/4P3/8/PPPp1PQP/R2K3R b - - 0 7,e7e4,100,1,291,300,42,149,293,EXACT,true,false,true,true,static,293,ordinary-nonchecking-capture,1
benchmark:kiwipete:2,kiwipete,9427,15,17,7r/p1pP4/b2k4/8/1p6/7p/P1PB1PPP/b2BK2R b K - 0 9,d6d7,100,1,-351,-313,-600,149,-284,LOWER,true,true,true,true,static,-284,same-target-q-recapture,4
benchmark:kiwipete:3,kiwipete,4060,18,21,r3k3/p1p5/1n2P1q1/8/8/8/P5PP/4K2R b q - 0 11,g6g2,100,1,771,796,522,149,935,LOWER,true,true,true,true,static,935,ordinary-nonchecking-capture,1
benchmark:kiwipete:3,kiwipete,41594,14,17,7r/p1pPk3/1n4p1/8/1p6/2P4p/P1P2PPP/R4BK1 b - - 0 9,e7d7,100,1,-296,-273,-545,149,-275,EXACT,true,false,true,true,static,-275,ordinary-nonchecking-capture,3
benchmark:evasion:3,evasion,17897,8,11,r3k2r/Pppp1ppp/5nbN/nP6/3NP3/8/P5PP/3B1R1K b kq - 0 6,a8a7,100,1,523,543,274,149,678,LOWER,true,true,true,true,static,678,ordinary-nonchecking-capture,1
corpus:tail-kiwipete-e1d1:full,tail-kiwipete-e1d1,20034,12,12,r2k3r/p1pP1qb1/1n3np1/8/4P3/8/PPP1KPQP/R6R b - - 0 7,d8d7,100,1,291,300,43,148,499,LOWER,true,true,true,true,static,499,ordinary-nonchecking-capture,1
corpus:tail-kiwipete-e1d1:full,tail-kiwipete-e1d1,20550,14,14,r4k1r/p1pp1Pb1/1n3n2/8/4Q3/8/PPP1KP1P/R6R b - - 0 8,f6e4,975,1,291,300,-832,148,299,EXACT,true,false,true,true,static,299,same-target-q-recapture,4
benchmark:kiwipete:2,kiwipete,7533,12,14,r2k4/p1p2pb1/1n2P1p1/8/4P3/8/PpPBKP1P/R6R w - - 0 8,e6f7,100,1,351,424,103,148,519,LOWER,true,true,true,true,static,519,ordinary-nonchecking-capture,2
benchmark:kiwipete:2,kiwipete,11567,15,17,3r3B/p1p2p2/1n4p1/8/4k3/7p/PPP1bPPP/R3K2R b KQ - 0 9,h3g2,100,1,-115,-61,-363,148,-56,LOWER,true,true,true,true,static,-56,ordinary-nonchecking-capture,1
benchmark:kiwipete:3,kiwipete,9090,12,15,r4k2/p1p2qb1/1n3n2/8/4P3/8/PPP1KPPP/R6R b - - 0 8,f6e4,100,1,641,661,393,148,760,LOWER,true,true,true,true,static,760,ordinary-nonchecking-capture,1
benchmark:kiwipete:3,kiwipete,19136,10,13,r6r/pbp2kb1/1n3np1/8/4P3/8/PPPKBPPP/R6R b - - 0 7,b7e4,100,1,614,670,366,148,656,EXACT,true,false,true,false,static,670,ordinary-nonchecking-capture,1
benchmark:kiwipete:3,kiwipete,19531,5,8,r3k3/p1p1qp2/1n2Pnpr/4N3/1p2P3/2N5/PPP1bPPP/R3K2R w KQq - 0 5,e5f7,100,1,-657,-590,-905,148,-624,EXACT,true,false,true,false,static,-368,ordinary-nonchecking-capture,1
benchmark:kiwipete:3,kiwipete,49210,12,15,r6r/p1pp2B1/1n1k2N1/8/4n3/7p/PPP2PPP/R3K2R b KQ - 0 8,h3g2,100,1,-50,-37,-298,148,143,LOWER,true,true,true,true,static,143,ordinary-nonchecking-capture,1
benchmark:kiwipete:3,kiwipete,67117,14,17,3r3B/p1p2p2/1n4p1/8/4k3/7p/PPP1bPPP/R3K2R b KQ - 0 9,h3g2,100,1,-115,-32,-363,148,79,LOWER,true,true,true,true,static,79,ordinary-nonchecking-capture,1
benchmark:middlegame:3,middlegame,7215,6,9,r4Bk1/1pp2ppp/p1np4/4p3/2B1P3/b1NP4/1PP2PPP/3R1K2 b - - 0 14,a3b2,100,1,-11,-10,-259,148,-5,LOWER,true,true,true,true,static,-5,ordinary-nonchecking-capture,1
benchmark:middlegame:3,middlegame,7764,6,9,r4Bk1/1pp2ppp/p1np4/4p3/2B1P3/b1NP4/1PP2PPP/4RK2 b - - 0 14,a3b2,100,1,-27,-10,-275,148,-21,EXACT,true,false,true,true,static,-21,ordinary-nonchecking-capture,1
benchmark:middlegame:3,middlegame,10319,14,17,1r3r1k/1pp4p/p1np1R2/8/4P3/P1NP4/1PP3PP/4Q2K b - - 0 18,f8f6,500,1,-22,-10,-670,148,-4,LOWER,true,true,true,true,static,-4,same-target-q-recapture,1
corpus:tail-kiwipete-e1d1:full,tail-kiwipete-e1d1,8591,13,13,r6r/p1pp2b1/1n1kp1N1/3P4/4P3/2P5/P1PBKP1P/R6q w - - 1 8,a1h1,975,1,-291,-254,-1413,147,-290,EXACT,true,false,true,true,static,-290,ordinary-nonchecking-capture,1
corpus:tail-kiwipete-e1d1:lower,tail-kiwipete-e1d1,97,12,12,r2k3r/p1pPq1b1/1n3np1/8/4P3/8/PPPK1PQP/R6R b - - 0 7,d8d7,100,1,299,300,52,147,511,LOWER,true,true,true,true,static,511,ordinary-nonchecking-capture,3
corpus:tail-evasion-:full,tail-evasion-,1663,9,9,r3k2N/Pppp2pp/5nb1/nPb5/1q1PP3/5N2/P5PP/Q4RK1 b q - 0 5,a8a7,100,1,327,342,80,147,339,EXACT,true,false,true,false,static,382,ordinary-nonchecking-capture,3
corpus:tail-evasion-f1f2:full,tail-evasion-f1f2,618,8,8,r3k2r/Pppp1ppp/6bN/nP6/2P1n3/B4N2/P2PK1PP/3B4 b kq - 1 5,a8a7,100,1,719,855,472,147,876,LOWER,true,true,true,true,static,876,ordinary-nonchecking-capture,1
benchmark:evasion:2,evasion,6770,11,13,r3k2N/Pppp2pp/6b1/nP6/q1PQn3/5R2/P5PP/R3K3 b q - 1 7,a4c4,100,1,-242,-99,-489,147,-240,EXACT,true,false,true,true,static,-240,ordinary-nonchecking-capture,2
benchmark:kiwipete:3,kiwipete,14527,10,13,3k3r/p1p1q1b1/1n2Pnp1/8/4P3/8/PPPK1PPP/R6R b - - 0 7,e7e6,100,1,590,599,343,147,752,LOWER,true,true,true,true,static,752,ordinary-nonchecking-capture,1
benchmark:kiwipete:3,kiwipete,14554,10,13,3k3r/p1p1q1b1/1n2Pnp1/8/4P3/8/PPPK1PPP/R6R b - - 0 7,e7e6,100,1,590,649,343,147,752,LOWER,true,true,true,true,static,752,same-target-q-recapture,4
benchmark:kiwipete:3,kiwipete,61519,6,9,N6r/p2pkpb1/1n3np1/4q3/1p2P3/7p/PPPBQPPP/R3K2R b KQ - 0 5,h3g2,100,1,-76,-32,-323,147,-19,LOWER,true,true,true,true,static,-19,ordinary-nonchecking-capture,1
benchmark:middlegame:3,middlegame,9179,14,17,r4r1k/1pp4p/p1np1R2/8/4P3/P1NP4/1PP3PP/4Q2K b - - 0 18,f8f6,500,1,-22,-10,-669,147,-3,LOWER,true,true,true,true,static,-3,same-target-q-recapture,1
benchmark:kiwipete:2,kiwipete,597,5,7,r3k2b/p1pp1p2/1n2pq2/3P4/1p2P3/2N4p/PPPBKPPP/R6R b q - 0 4,h3g2,100,1,509,590,263,146,679,LOWER,true,true,true,true,static,679,ordinary-nonchecking-capture,2
benchmark:kiwipete:3,kiwipete,20069,8,11,r3k3/p1p1qN2/1n2Pnpr/8/4P3/2p5/PPP1KPPP/R6R b q - 0 6,e7e6,100,1,599,671,353,146,764,LOWER,true,true,true,true,static,764,ordinary-nonchecking-capture,2
benchmark:kiwipete:3,kiwipete,20104,8,11,r3k3/p1p1qN2/1n2Pnpr/8/4P3/2p5/PPP1KPPP/R6R b q - 0 6,e7e6,100,1,599,624,353,146,764,LOWER,true,true,true,true,static,764,ordinary-nonchecking-capture,1
benchmark:kiwipete:3,kiwipete,34225,16,19,r3k2r/p2p4/B1p5/3p4/8/2P5/P1P1K1PP/R6n b kq - 0 10,h8h2,100,1,648,663,402,146,657,EXACT,true,false,true,true,static,657,ordinary-nonchecking-capture,1
benchmark:kiwipete:3,kiwipete,35162,8,11,r3k2b/p3q3/1n2Pnp1/2p5/4P3/2B5/PPP1bPPP/R3K2R b KQq - 0 6,e7e6,100,1,590,631,344,146,726,LOWER,true,true,true,true,static,726,same-target-q-recapture,1
benchmark:middlegame:3,middlegame,30826,11,14,5rk1/1pp1rppp/B2p4/4p3/4n3/P2P4/1PP1K1PP/R4R2 w - - 0 17,a6b7,100,1,45,68,-201,146,50,EXACT,true,false,true,true,static,50,ordinary-nonchecking-capture,1
corpus:tail-kiwipete-e1d1:full,tail-kiwipete-e1d1,1743,15,15,r6b/p1p5/1nk2np1/8/4q3/4Q3/PPPpKPPP/R6R w - - 0 9,e2d2,100,1,-254,-231,-499,145,-81,LOWER,true,true,true,true,static,-81,ordinary-nonchecking-capture,2
benchmark:evasion:2,evasion,56,5,7,r3k2r/Pppp1p1p/1b3Qbp/nP6/BBP1P3/8/P2P2PP/R6K b kq - 0 4,a8a7,100,1,-616,-384,-861,145,-32759,UPPER,false,false,false,false,mate,-718,mate,2
benchmark:evasion:2,evasion,57,5,7,r3k2r/Pppp1p1p/1b3Qbp/nP6/BBP1P3/8/P2P2PP/R6K b kq - 0 4,b6a7,100,1,-616,-384,-861,145,-32759,UPPER,false,false,false,false,mate,-718,mate,2
benchmark:kiwipete:3,kiwipete,25727,12,15,r3k3/p1p2qb1/4Pn2/8/4n3/2P5/P1P1KPPP/R6R b q - 0 8,f7e6,100,1,610,618,365,145,777,LOWER,true,true,true,true,static,777,same-target-q-recapture,1
benchmark:kiwipete:3,kiwipete,32201,12,15,r4k1r/p1p1q3/1n2P3/6b1/4P3/2P5/P1P1KPPP/R6R b - - 0 8,e7e6,100,1,673,677,428,145,824,LOWER,true,true,true,true,static,824,same-target-q-recapture,2
benchmark:kiwipete:3,kiwipete,41556,14,17,7r/p1pPk3/Bn4p1/8/1p6/2P4p/P1P2PPP/R4K2 b - - 0 9,e7d7,100,1,-296,-273,-541,145,-242,LOWER,true,true,true,true,static,-242,ordinary-nonchecking-capture,3
benchmark:middlegame:3,middlegame,14395,13,16,r4rk1/1pp1nppp/8/4p3/8/P2B4/1PP1R1PP/5RK1 w - - 0 18,e2e5,100,1,10,17,-235,145,83,LOWER,true,true,true,true,static,83,same-target-q-recapture,1
corpus:tail-kiwipete-e1d1:full,tail-kiwipete-e1d1,18849,12,12,r2k3r/p1pP1qb1/1n3np1/8/4P3/8/PPPK1PQP/R6R b - - 0 7,d8d7,100,1,291,300,47,144,503,LOWER,true,true,true,true,static,503,ordinary-nonchecking-capture,2
benchmark:kiwipete:3,kiwipete,25411,8,11,r3k2r/p1p1qNb1/4Pnp1/8/4P3/2p5/PPP1KPPP/R6R b kq - 0 6,e7e6,100,1,602,664,358,144,777,LOWER,true,true,true,true,static,777,ordinary-nonchecking-capture,2
benchmark:kiwipete:3,kiwipete,25735,8,11,r3k3/p1p1qNb1/4pn2/3P4/4P3/2p5/PPPnKPPP/R6R b q - 0 6,c3b2,100,1,590,618,346,144,711,LOWER,true,true,true,true,static,711,ordinary-nonchecking-capture,1
benchmark:kiwipete:3,kiwipete,43475,11,14,r3k2N/p1pnq3/4p1p1/3P4/1p6/2b2Q2/PPP2PpP/R1K4R w - - 0 8,f3g2,100,1,273,290,29,144,294,LOWER,true,true,true,true,static,294,same-target-q-recapture,1
benchmark:evasion:3,evasion,522,0,3,r3k2r/Pppp1ppp/1b3nbN/nP6/BqP1P3/5N2/Pp1P2PP/1R1Q1R1K b kq - 1 2,a8a7,100,1,450,612,206,144,582,EXACT,true,false,true,false,static,601,ordinary-nonchecking-capture,1
corpus:tail-kiwipete-e1d1:lower,tail-kiwipete-e1d1,1814,12,12,r2k3r/p1pPq1b1/1n3np1/8/4P3/8/PPP1KPQP/R6R b - - 0 7,d8d7,100,1,299,300,56,143,515,LOWER,true,true,true,true,static,515,ordinary-nonchecking-capture,1
benchmark:kiwipete:2,kiwipete,2352,5,7,r2k3r/p1ppqQ2/Bn2P1p1/4b3/1p2N3/7p/PPPB1PPP/R3K2R b KQ - 0 4,h3g2,100,1,-310,-283,-553,143,-159,LOWER,true,true,true,true,static,-159,ordinary-nonchecking-capture,1
benchmark:kiwipete:3,kiwipete,38509,4,7,r2k3r/p1ppqQ2/Bn2P1p1/4b3/1p2N3/7p/PPPB1PPP/R3K2R b KQ - 0 4,h3g2,100,1,-310,-256,-553,143,-159,LOWER,true,true,true,true,static,-159,ordinary-nonchecking-capture,1
benchmark:kiwipete:3,kiwipete,52114,12,15,3k4/p1pnqP2/1n4p1/4b3/4P3/7P/PPPK1P1P/R6R b - - 0 8,e7f7,100,1,-6,76,-249,143,190,LOWER,true,true,true,true,static,190,same-target-q-recapture,1
benchmark:middlegame:3,middlegame,6457,6,9,r4Bk1/1pp2ppp/p1np4/4p3/2B1P3/b1NP4/1PP2PPP/2R2K2 b - - 0 14,a3b2,100,1,-12,-10,-255,143,-1,LOWER,true,true,true,true,static,-1,ordinary-nonchecking-capture,1
benchmark:kiwipete:3,kiwipete,39756,7,10,r3k2r/p1pp1q2/Bn4p1/4B3/1p6/5Q2/PPP2PpP/R3K2R w KQkq - 0 6,f3g2,100,1,256,301,14,142,334,LOWER,true,true,true,true,static,334,ordinary-nonchecking-capture,1
benchmark:evasion:3,evasion,12919,0,3,r3k2r/Pppp1ppp/1b3nbN/nP6/BqPPP3/5N2/Pp4PP/1R1Q1RK1 b kq - 1 2,a8a7,100,1,412,543,170,142,547,LOWER,true,true,true,true,static,547,ordinary-nonchecking-capture,1
corpus:tail-kiwipete-e1d1:full,tail-kiwipete-e1d1,4119,15,15,r3k3/p1pp1p2/1n2q3/8/4n3/5Q2/PKP2PpP/R6R w q - 0 9,f3g2,100,1,-263,-261,-504,141,-195,LOWER,true,true,true,true,static,-195,same-target-q-recapture,1
benchmark:kiwipete:2,kiwipete,717,5,7,r3k2b/p1pp4/1n2pqp1/3P4/1p2P3/2N4p/PPPBKPPP/R6R b q - 0 4,h3g2,100,1,528,590,287,141,656,LOWER,true,true,true,true,static,656,ordinary-nonchecking-capture,2
benchmark:kiwipete:2,kiwipete,2460,9,11,r2k3r/p1pPq3/Bn4Q1/4b3/8/2p4p/PPP2PPP/R3K2R b KQ - 0 6,d8d7,100,1,-310,-283,-551,141,-247,LOWER,true,true,true,true,static,-247,same-target-q-recapture,1
benchmark:evasion:2,evasion,10,1,3,r3k2r/Pppp1ppp/1b3nbN/nP6/BBP1P3/5N2/Rp1P2PP/3Q1R1K b kq - 0 2,a8a7,100,1,-831,-87,-1072,141,-824,EXACT,true,false,true,true,static,-824,ordinary-nonchecking-capture,1
benchmark:kiwipete:3,kiwipete,4112,11,14,r3k2N/p1p1q3/1n2p1p1/3P4/8/2b5/PPP1K1PP/7R w q - 0 8,h8g6,100,1,-796,-771,-1037,141,-646,LOWER,true,true,true,true,static,-646,ordinary-nonchecking-capture,1
benchmark:kiwipete:3,kiwipete,14670,10,13,3k3r/p1p1q1b1/1n2Pnp1/8/4P3/8/PPP1KPPP/R6R b - - 0 7,e7e6,100,1,590,649,349,141,741,LOWER,true,true,true,true,static,741,ordinary-nonchecking-capture,2
benchmark:kiwipete:3,kiwipete,38622,8,11,r2k3r/p1pPq3/Bn4Q1/4b3/8/2p4p/PPP2PPP/R3K2R b KQ - 0 6,d8d7,100,1,-310,-274,-551,141,-247,LOWER,true,true,true,true,static,-247,same-target-q-recapture,1
benchmark:kiwipete:3,kiwipete,46150,16,19,r6R/p4pk1/Bn4p1/4b3/8/8/PPPK1P1P/7R b - - 0 10,g7h8,500,1,-49,-31,-690,141,27,LOWER,true,true,true,true,static,27,same-target-q-recapture,1
benchmark:evasion:3,evasion,9,0,3,r3k2r/Pppp1ppp/1b3nbN/nP6/BBP1P3/5N2/Rp1P2PP/3Q1R1K b kq - 0 2,a8a7,100,1,-831,32769,-1072,141,-824,EXACT,true,false,true,true,static,-824,ordinary-nonchecking-capture,1
benchmark:evasion:3,evasion,17882,8,11,r3k2r/Pppp1ppp/5nbN/nP6/B2NP3/8/P5PP/5R1K b kq - 0 6,a8a7,100,1,523,543,282,141,686,LOWER,true,true,true,true,static,686,ordinary-nonchecking-capture,1
benchmark:middlegame:3,middlegame,6077,5,8,4rr2/1pp2kpp/p1np4/2b1q3/4P1b1/P1NP4/1PP1QPPP/R4R1K w - - 0 14,e2g4,330,1,10,12,-461,141,36,LOWER,true,true,true,true,static,36,ordinary-nonchecking-capture,1
corpus:tail-evasion-:full,tail-evasion-,17,7,7,r3k2N/Pppp2pp/1b3nb1/nP6/1qP1P3/5N2/P2P2PP/Q4R1K b q - 0 4,a8a7,100,1,216,356,-24,140,303,EXACT,true,false,true,true,static,303,ordinary-nonchecking-capture,2
corpus:tail-evasion-f1f2:full,tail-evasion-f1f2,622,8,8,r3k2r/Pppp1ppp/6bN/nP6/2P1n3/B3KN2/P2P2PP/3B4 b kq - 1 5,a8a7,100,1,719,855,479,140,882,LOWER,true,true,true,true,static,882,ordinary-nonchecking-capture,1
benchmark:kiwipete:2,kiwipete,5517,18,20,r7/p4p2/1n1kP1N1/8/8/8/P1PK1P1P/b6R w - - 0 11,e6f7,100,1,434,438,194,140,719,LOWER,true,true,true,true,static,719,ordinary-nonchecking-capture,4
benchmark:kiwipete:3,kiwipete,8122,16,19,r2k3r/p1pp4/B7/3p4/8/2P5/P1P3PP/R1K4n b - - 0 10,h8h2,100,1,633,635,393,140,655,LOWER,true,true,true,true,static,655,ordinary-nonchecking-capture,1
benchmark:kiwipete:3,kiwipete,17309,8,11,r3k3/p1p1q1b1/4pnN1/3P4/4P3/2p5/PPPn1PPP/R3K2R b KQq - 0 6,c3b2,100,1,590,613,350,140,648,LOWER,true,true,true,true,static,648,ordinary-nonchecking-capture,1
benchmark:kiwipete:3,kiwipete,17910,8,11,r3k2b/p1p1q3/1n2Pnp1/8/4P3/2B5/PPP1bPPP/R3K2R b KQq - 0 6,e7e6,100,1,590,624,350,140,729,LOWER,true,true,true,true,static,729,same-target-q-recapture,1
benchmark:middlegame:3,middlegame,10828,14,17,2r2r1k/1pp4p/p1np1R2/8/4P3/P1NP4/1PP3PP/4Q2K b - - 0 18,f8f6,500,1,-22,-10,-662,140,7,LOWER,true,true,true,true,static,7,same-target-q-recapture,1
corpus:tail-kiwipete-e1d1:full,tail-kiwipete-e1d1,18718,12,12,r2k3r/p1pPq1b1/1n3np1/8/4P3/8/PPPK1PQP/R6R b - - 0 7,d8d7,100,1,291,300,52,139,511,LOWER,true,true,true,true,static,511,ordinary-nonchecking-capture,2
benchmark:evasion:2,evasion,1728,3,5,r3k2r/Pppp1ppp/5nbN/nPb5/B1P1P3/5N2/Rp1P2PP/3Q1R1K b kq - 1 3,a8a7,100,1,-469,-93,-708,139,-453,EXACT,true,false,true,false,static,-443,ordinary-nonchecking-capture,1
benchmark:evasion:2,evasion,4130,5,7,r3k2r/Pppp1p1p/1b3Qbp/nP6/BBPPP3/8/P5PP/R5K1 b kq - 0 4,a8a7,100,1,-658,-428,-897,139,-32759,UPPER,false,false,false,false,mate,-753,mate,2
benchmark:evasion:2,evasion,4131,5,7,r3k2r/Pppp1p1p/1b3Qbp/nP6/BBPPP3/8/P5PP/R5K1 b kq - 0 4,b6a7,100,1,-658,-428,-897,139,-32759,UPPER,false,false,false,false,mate,-753,mate,2
benchmark:kiwipete:3,kiwipete,9813,9,12,r3k3/p1p5/1n2pbp1/2qP4/4P3/8/PPP1bPPP/R3K2R w KQq - 0 7,d5e6,100,1,-661,-616,-900,139,-588,LOWER,true,true,true,true,static,-588,ordinary-nonchecking-capture,1
benchmark:kiwipete:3,kiwipete,14525,8,11,3k3r/p1p1q1b1/1n2Pnp1/8/4P3/2p5/PPPBKPPP/R6R b - - 0 6,c3d2,330,1,590,599,121,139,752,LOWER,true,true,true,true,static,752,ordinary-nonchecking-capture,1
benchmark:kiwipete:3,kiwipete,15749,16,19,r3k3/p1pp3r/B7/3p4/8/2P5/P1P1K1PP/R6n b q - 0 10,h7h2,100,1,641,643,402,139,662,LOWER,true,true,true,true,static,662,ordinary-nonchecking-capture,1
benchmark:kiwipete:3,kiwipete,16075,8,11,r3k3/p1p1qNb1/1n3np1/8/4P3/2p5/PPPBKPPP/R6R b q - 0 6,c3d2,330,1,590,629,121,139,702,LOWER,true,true,true,true,static,702,ordinary-nonchecking-capture,1
benchmark:kiwipete:3,kiwipete,46136,12,15,r4k2/p2P1p2/Bn4p1/4b3/8/7r/PPPK1P1P/R6R b - - 0 8,b6d7,100,1,-61,-59,-300,139,131,LOWER,true,true,true,true,static,131,ordinary-nonchecking-capture,1
benchmark:kiwipete:3,kiwipete,51800,12,15,3k4/p1pn1qb1/4Pnp1/8/4P3/7P/PPPK1P1P/R6R b - - 0 8,f7e6,100,1,-6,53,-245,139,182,LOWER,true,true,true,true,static,182,same-target-q-recapture,1
benchmark:kiwipete:3,kiwipete,62146,10,13,r6r/p2pkpN1/1n4p1/8/1p6/7p/PPPN1PPP/R3K2R b KQ - 0 7,h3g2,100,1,-104,-32,-343,139,122,LOWER,true,true,true,true,static,122,ordinary-nonchecking-capture,1
benchmark:evasion:3,evasion,3794,2,5,r3k2r/Pppp1ppp/5nbN/nPb5/B1P1P3/5N2/Rp1P2PP/3Q1R1K b kq - 1 3,a8a7,100,1,-469,543,-708,139,-453,EXACT,true,false,true,false,static,-443,ordinary-nonchecking-capture,1
benchmark:evasion:3,evasion,17577,4,7,r3k2r/Pppp1ppp/5nbN/nPq5/B2NP3/8/P2P2PP/Q4RK1 b kq - 1 4,c5a7,100,1,423,543,184,139,539,EXACT,true,false,true,false,static,561,ordinary-nonchecking-capture,1
benchmark:evasion:3,evasion,17704,4,7,r3k2r/Pppp1ppp/5nbN/nPq5/B2NP3/8/P2P2PP/Q4RK1 b kq - 0 4,c5a7,100,1,423,543,184,139,539,EXACT,true,false,true,false,static,561,ordinary-nonchecking-capture,1
benchmark:middlegame:3,middlegame,11600,14,17,3r1r1k/1pp4p/p1np1R2/8/4P3/P1NP4/1PP3PP/4Q2K b - - 0 18,f8f6,500,1,-22,-10,-661,139,10,LOWER,true,true,true,true,static,10,same-target-q-recapture,1
benchmark:middlegame:3,middlegame,39703,3,6,r4rk1/1pp2ppp/B1np4/2bNp1Nn/4P3/P2P4/1PP1bPPP/R4RK1 w - - 0 13,a6b7,100,1,10,111,-229,139,14,EXACT,true,false,true,true,static,14,ordinary-nonchecking-capture,1
corpus:tail-middlegame-d3d4:full,tail-middlegame-d3d4,266,15,15,r7/1pp3pp/p1npk3/8/4P1K1/P1N5/1PP3PP/R4r2 w - - 0 18,a1f1,500,1,-123,-25,-761,138,75,LOWER,true,true,true,true,static,75,same-target-q-recapture,1
benchmark:kiwipete:2,kiwipete,9305,13,15,7r/p1pp1kb1/1n6/8/4P3/2p2P1p/PPP2P1P/R3K2R b KQ - 0 8,c3b2,100,1,-62,-61,-300,138,202,LOWER,true,true,true,true,static,202,ordinary-nonchecking-capture,1
benchmark:evasion:2,evasion,1072,5,7,r3k2r/Pppp1ppp/6bN/nP6/BBP1n3/5N2/Rp1P2PP/3Q1K2 b kq - 1 4,a8a7,100,1,-406,-380,-644,138,-401,EXACT,true,false,true,false,static,-371,ordinary-nonchecking-capture,2
benchmark:evasion:2,evasion,2519,8,10,r3k2r/bppp1p1p/5pbN/nP6/B1P1P3/8/P2P2PP/Q4K2 w kq - 0 6,a1f6,100,1,-163,-156,-401,138,-159,EXACT,true,false,true,true,static,-159,same-target-q-recapture,4
benchmark:evasion:2,evasion,2757,8,10,r3k2r/bppp1p1p/5pbN/nP6/B1P1P3/8/P2P2PP/Q4K2 w kq - 0 6,a1f6,100,1,-163,-159,-401,138,-159,LOWER,true,true,true,true,static,-159,same-target-q-recapture,2
benchmark:evasion:2,evasion,3787,1,3,r3k2r/Pppp1ppp/1b3nbN/nP6/BBPPP3/5N2/Rp4PP/3Q1RK1 b kq - 0 2,a8a7,100,1,-880,-131,-1118,138,-877,EXACT,true,false,true,true,static,-877,ordinary-nonchecking-capture,1
benchmark:kiwipete:3,kiwipete,2270,16,19,q6r/p2k1p2/6p1/8/1p6/4B3/P1P1KPPP/R7 b - - 0 10,a8g2,100,1,821,849,583,138,834,EXACT,true,false,true,true,static,834,ordinary-nonchecking-capture,1
benchmark:kiwipete:3,kiwipete,49786,8,11,r4k1r/p1pp1pb1/B4Qp1/8/1p2P3/7p/PPPK1PPP/R6R b - - 0 6,g7f6,975,1,-49,-41,-1162,138,-7,LOWER,true,true,true,true,static,-7,same-target-q-recapture,1
benchmark:kiwipete:3,kiwipete,64905,12,15,7r/p1pp1kb1/1n6/8/4P3/2p2P1p/PPP2P1P/R3K2R b KQ - 0 8,c3b2,100,1,-62,-55,-300,138,202,LOWER,true,true,true,true,static,202,ordinary-nonchecking-capture,1
benchmark:evasion:3,evasion,7991,0,3,r3k2r/Pppp1ppp/1b3nbN/nP6/BBPPP3/5N2/Rp4PP/3Q1RK1 b kq - 0 2,a8a7,100,1,-880,543,-1118,138,-877,EXACT,true,false,true,true,static,-877,ordinary-nonchecking-capture,1
benchmark:middlegame:3,middlegame,21497,11,14,r7/1pp1q1pk/p1np4/4p3/6Q1/P1NPK3/1PP3PP/R4r2 w - - 0 17,a1f1,500,1,10,17,-628,138,151,LOWER,true,true,true,true,static,151,ordinary-nonchecking-capture,1
corpus:tactical:full,tactical,16,4,4,4k3/8/8/3p4/8/3Q4/8/4K3 w - - 0 3,d3d5,100,1,912,1072,675,137,1187,LOWER,true,true,true,true,static,1187,same-target-q-recapture,2
corpus:tail-kiwipete-e1d1:full,tail-kiwipete-e1d1,20178,12,12,r6N/p1pk2b1/bn3np1/8/4Q3/8/PPPpBP1P/R2K3R b - - 0 7,f6e4,975,1,291,300,-821,137,293,EXACT,true,false,true,true,static,293,same-target-q-recapture,1
corpus:tail-evasion-f1f2:full,tail-evasion-f1f2,1110,12,12,r3k2r/Pppp1p1p/6bp/BP6/2P1n3/8/P2P2PP/3BK3 b kq - 0 7,a8a7,100,1,839,861,602,137,940,LOWER,true,true,true,true,static,940,ordinary-nonchecking-capture,1
benchmark:kiwipete:3,kiwipete,19506,8,11,r3k3/p1p1qN2/1n2Pnpr/8/4P3/2p5/PPP1KPPP/R6R b q - 0 6,e7e6,100,1,590,657,353,137,764,LOWER,true,true,true,true,static,764,ordinary-nonchecking-capture,1
benchmark:kiwipete:3,kiwipete,19541,8,11,r3k3/p1p1qN2/1n2Pnpr/8/4P3/2p5/PPP1KPPP/R6R b q - 0 6,e7e6,100,1,590,624,353,137,764,LOWER,true,true,true,true,static,764,ordinary-nonchecking-capture,2
benchmark:kiwipete:3,kiwipete,19951,8,11,r3k3/p1p1qN2/1n2Pnpr/8/4P3/2p5/PPP1KPPP/R6R b q - 0 6,e7e6,100,1,590,671,353,137,764,LOWER,true,true,true,true,static,764,ordinary-nonchecking-capture,1
benchmark:kiwipete:3,kiwipete,20963,2,5,r3k2r/p1ppqp2/bn2Qnp1/3PN3/1p2P3/2N5/PPPKBPPP/R6R b kq - 0 3,d7e6,975,1,671,32769,-441,137,677,EXACT,true,false,true,false,static,919,ordinary-nonchecking-capture,1
benchmark:middlegame:3,middlegame,36876,16,19,6k1/2p2p1p/p2p4/4B3/4B3/P2P4/2P2P1P/b5K1 b - - 0 19,a1e5,330,1,-16,-10,-483,137,0,LOWER,true,true,true,true,static,0,ordinary-nonchecking-capture,1
corpus:tail-evasion-:upper,tail-evasion-,328,9,9,r3k2r/Pppp1ppp/5nbN/nP6/B2NP3/8/P2P2PP/5RK1 b kq - 0 5,a8a7,100,1,390,391,154,136,394,LOWER,true,true,true,true,static,394,ordinary-nonchecking-capture,1
benchmark:kiwipete:3,kiwipete,46037,14,17,r4k1r/p2P1p2/B5p1/8/8/7p/P1PK1PPP/R7 b - - 0 9,h3g2,100,1,-61,-31,-297,136,181,LOWER,true,true,true,true,static,181,ordinary-nonchecking-capture,2
benchmark:evasion:3,evasion,7430,11,14,r3k2r/PpPp1p1p/5p1N/nP6/4b3/8/P2q2PP/Q6K w kq - 0 8,a1f6,100,1,-511,-458,-747,136,-32752,UPPER,false,false,false,false,mate,-559,same-target-q-recapture;mate,1
corpus:tail-kiwipete-e1d1:full,tail-kiwipete-e1d1,11646,12,12,r2k3r/p1pP1qb1/1n3np1/8/4P3/8/PPPK1PQP/R6R b - - 0 7,d8d7,100,1,282,291,47,135,295,LOWER,true,true,true,true,static,295,ordinary-nonchecking-capture,1
corpus:tail-kiwipete-e1d1:full,tail-kiwipete-e1d1,18065,9,9,r3k2b/p1ppq3/1n2pnp1/3P4/4P3/8/PPPpKPQP/R6R w q - 0 6,e2d2,100,1,-291,-238,-526,135,-126,LOWER,true,true,true,true,static,-126,ordinary-nonchecking-capture,1
corpus:tail-kiwipete-e1d1:full,tail-kiwipete-e1d1,20000,12,12,r2k3r/p1pPq1b1/1n3np1/8/4P3/8/PPP1KPQP/R6R b - - 0 7,d8d7,100,1,291,300,56,135,515,LOWER,true,true,true,true,static,515,ordinary-nonchecking-capture,1
corpus:tail-evasion-:full,tail-evasion-,623,7,7,r3k2N/Pppp2pp/1b3nb1/nP6/1qPPP3/5N2/P5PP/Q4RK1 b q - 0 4,a8a7,100,1,195,337,-40,135,288,EXACT,true,false,true,true,static,288,ordinary-nonchecking-capture,2
benchmark:kiwipete:2,kiwipete,3031,18,20,r6r/p1p3Q1/Bnk3p1/8/8/8/PpP2P1P/R2K4 w - - 0 11,g7b2,100,1,286,310,51,135,413,LOWER,true,true,true,true,static,413,same-target-q-recapture,2
benchmark:evasion:2,evasion,576,3,5,r3k2r/Pppp1ppp/5nbN/nP6/BBP1P3/5N2/Rp1P1KPP/3Q4 b kq - 0 3,a8a7,100,1,-544,-74,-779,135,-406,EXACT,true,false,true,true,static,-406,ordinary-nonchecking-capture,1
benchmark:evasion:2,evasion,2501,8,10,4k2r/rppp1p1p/5pbN/nPb5/B1P1P3/8/P2P2PP/Q4K2 w k - 0 6,a1f6,100,1,-163,167,-398,135,-156,EXACT,true,false,true,true,static,-156,same-target-q-recapture,2
benchmark:evasion:2,evasion,2705,8,10,4k2r/rppp1p1p/5pbN/nPb5/B1P1P3/8/P2P2PP/Q4K2 w k - 0 6,a1f6,100,1,-163,-146,-398,135,-156,EXACT,true,false,true,true,static,-156,same-target-q-recapture,2
benchmark:evasion:2,evasion,2744,8,10,4k2r/rppp1p1p/5pbN/nPb5/B1P1P3/8/P2P2PP/Q4K2 w k - 0 6,a1f6,100,1,-163,-159,-398,135,-156,LOWER,true,true,true,true,static,-156,same-target-q-recapture,2
benchmark:evasion:2,evasion,9977,5,7,r3k2r/Pppp1ppp/5nbN/nP6/Bb2P3/5N2/1R1P2PP/3Q1R1K b kq - 0 4,a8a7,100,1,-746,-584,-981,135,-690,EXACT,true,false,true,true,static,-690,ordinary-nonchecking-capture,2
benchmark:endgame:2,endgame,14,0,2,8/2p5/3p4/KP5r/2R2pk1/8/4P1P1/8 w - - 2 2,c4c7,100,1,165,477,-70,135,594,LOWER,true,true,true,true,static,594,ordinary-nonchecking-capture,1
benchmark:kiwipete:3,kiwipete,4456,6,9,r3k3/p1p1q1b1/bn2p1N1/3P4/8/2p5/PPPnBPPP/R3K2R b KQq - 0 5,c3b2,100,1,771,797,536,135,850,LOWER,true,true,true,true,static,850,ordinary-nonchecking-capture,1
benchmark:kiwipete:3,kiwipete,32150,12,15,r2k3r/p1p1q3/1n2P3/6b1/4P3/2P5/P1P1KPPP/R6R b - - 0 8,e7e6,100,1,663,678,428,135,822,LOWER,true,true,true,true,static,822,same-target-q-recapture,2
benchmark:kiwipete:3,kiwipete,66815,17,20,r6r/p1B2pB1/1n4p1/8/4k3/8/PPP1KP1P/R6r w - - 0 11,a1h1,500,1,37,81,-598,135,81,LOWER,true,true,true,true,static,81,same-target-q-recapture,1
benchmark:evasion:3,evasion,2331,2,5,r3k2r/Pppp1ppp/5nbN/nP6/BBP1P3/5N2/Rp1P1KPP/3Q4 b kq - 0 3,a8a7,100,1,-544,543,-779,135,-406,EXACT,true,false,true,true,static,-406,ordinary-nonchecking-capture,1
benchmark:middlegame:3,middlegame,15200,12,15,r4R2/1pp3pp/p1npk3/6q1/4P3/P1NP4/1PP1Q1PK/4R3 b - - 0 17,a8f8,500,1,-17,-10,-652,135,126,LOWER,true,true,true,true,static,126,ordinary-nonchecking-capture,1
corpus:tail-kiwipete-e1d1:full,tail-kiwipete-e1d1,14454,18,18,7b/p1pp4/1n1k1q2/8/4P3/7p/PPP1KPPP/R6R b - - 0 10,h3g2,100,1,282,291,48,134,454,LOWER,true,true,true,true,static,454,ordinary-nonchecking-capture,1
corpus:tail-evasion-:full,tail-evasion-,380,7,7,r3k2N/Pppp2pp/1b3nb1/nP6/1qPNP3/8/P2P2PP/Q4RK1 b q - 0 4,a8a7,100,1,208,351,-26,134,302,EXACT,true,false,true,true,static,302,ordinary-nonchecking-capture,2
benchmark:kiwipete:2,kiwipete,2776,12,14,r6r/p1pk1p2/Bn4p1/8/1p6/2P2Q2/P1P1KP1P/R6r w - - 0 8,a1h1,500,1,283,310,-351,134,294,EXACT,true,false,true,false,static,396,same-target-q-recapture,1
benchmark:kiwipete:2,kiwipete,7114,11,13,r7/p1pPkpb1/1n3np1/4N3/4P3/8/PPPK1P1P/R6R b - - 0 7,b6d7,100,1,-463,-351,-697,134,-264,LOWER,true,true,true,true,static,-264,ordinary-nonchecking-capture,2
benchmark:evasion:2,evasion,7656,7,9,r3k2r/Pppp1ppp/5nbN/nP6/1BP1P3/5R2/P5PP/R2B2K1 b kq - 0 5,a8a7,100,1,-242,-130,-476,134,-89,LOWER,true,true,true,true,static,-89,ordinary-nonchecking-capture,2
benchmark:kiwipete:3,kiwipete,19744,5,8,r3k3/p1p1qp2/1n2Pnpr/4N3/1p2P3/2N5/PPP1bPPP/R3K2R w KQq - 0 5,e5f7,100,1,-671,-657,-905,134,-624,LOWER,true,true,true,true,static,-624,ordinary-nonchecking-capture,1
benchmark:kiwipete:3,kiwipete,20094,5,8,r3k3/p1p1qp2/1n2Pnpr/4N3/1p2P3/2N5/PPP1bPPP/R3K2R w KQq - 0 5,e5f7,100,1,-671,-599,-905,134,-624,EXACT,true,false,true,false,static,-368,ordinary-nonchecking-capture,1
benchmark:kiwipete:3,kiwipete,26505,13,16,r3k2N/p1p1q3/4p1p1/3P4/1p6/2P5/P1P1K1PP/R6n w q - 0 9,h8g6,100,1,-609,-590,-843,134,-487,LOWER,true,true,true,true,static,-487,ordinary-nonchecking-capture,1
benchmark:kiwipete:3,kiwipete,43043,14,17,7r/p1pnk1b1/4P1p1/8/8/2p4p/PPP1KPPP/R6R b - - 0 9,e7e6,100,1,-290,-273,-524,134,-191,LOWER,true,true,true,true,static,-191,same-target-q-recapture,1
benchmark:evasion:3,evasion,6496,4,7,r3k2N/Pppp2pp/1b3nb1/nP6/1qPNP3/8/P2P2PP/Q4RK1 b q - 0 4,a8a7,100,1,208,302,-26,134,302,LOWER,true,true,true,true,static,302,ordinary-nonchecking-capture,1
benchmark:kiwipete:2,kiwipete,3049,18,20,r6r/p1p3Q1/Bnk3p1/8/8/8/PpP2P1P/R3K3 w - - 0 11,g7b2,100,1,308,310,75,133,435,LOWER,true,true,true,true,static,435,same-target-q-recapture,2
benchmark:kiwipete:3,kiwipete,28357,20,23,r7/p1pBk3/4P3/8/4n3/2P1K3/2r2PP1/8 b - - 0 12,e4f2,100,1,641,661,408,133,692,LOWER,true,true,true,true,static,692,ordinary-nonchecking-capture,1
benchmark:kiwipete:3,kiwipete,31504,8,11,r3k2b/p1p1q3/1n2Pn2/6p1/4P3/2B5/PPP1bPPP/R3K2R b KQq - 0 6,e7e6,100,1,590,628,357,133,736,LOWER,true,true,true,true,static,736,same-target-q-recapture,1
benchmark:kiwipete:3,kiwipete,41614,15,18,7r/p1pPk3/1n4p1/8/1p6/2P5/P1P2PpP/R4BK1 w - - 0 10,f1g2,100,1,273,275,40,133,275,LOWER,true,true,true,true,static,275,same-target-q-recapture,3
benchmark:kiwipete:3,kiwipete,43063,14,17,7r/p1pnk1b1/4P1p1/8/8/2P4p/P1PK1PPP/R6R b - - 0 9,e7e6,100,1,-290,-273,-523,133,-190,LOWER,true,true,true,true,static,-190,same-target-q-recapture,1
benchmark:middlegame:3,middlegame,24357,12,15,r5k1/2p2ppp/p2p4/4p3/1P2N3/2NP4/1PP3PP/R3Kb2 b - - 0 17,f1g2,100,1,-13,-10,-246,133,-7,LOWER,true,true,true,true,static,-7,ordinary-nonchecking-capture,1
benchmark:middlegame:3,middlegame,31024,11,14,5rk1/1pp2ppp/B1np4/3Np3/4n3/P2P4/1PP3PP/5RK1 w - - 0 17,a6b7,100,1,68,75,-165,133,103,LOWER,true,true,true,true,static,103,ordinary-nonchecking-capture,1
corpus:draw-five:upper,draw-five,1,2,2,7k/2b4n/8/pK6/8/8/8/R7 w - - 0 2,a1a5,100,-1,0,1,-232,132,0,UPPER,false,false,true,true,insufficient,0,same-target-q-recapture;SEE-negative;insufficient,1
corpus:tail-kiwipete-e1d1:full,tail-kiwipete-e1d1,10842,15,15,r2k3r/p1p3b1/1n2p3/4N3/8/2B5/PPP1KP1P/R6q w - - 0 9,a1h1,975,1,-282,-226,-1389,132,-274,EXACT,true,false,true,true,static,-274,ordinary-nonchecking-capture,1
corpus:tail-evasion-:full,tail-evasion-,104,5,5,r3k2r/Pppp1ppp/1b3nbN/nP6/B1P1P3/B4N2/P2P2PP/3R3K b kq - 0 3,a8a7,100,1,300,410,68,132,466,LOWER,true,true,true,true,static,466,ordinary-nonchecking-capture,2
corpus:tail-evasion-:full,tail-evasion-,109,5,5,r3k2r/Pppp1ppp/1b3nbN/nP6/2P1P3/B4N2/P2P2PP/3B1R1K b kq - 0 3,a8a7,100,1,268,410,36,132,434,LOWER,true,true,true,true,static,434,ordinary-nonchecking-capture,2
corpus:tail-evasion-:full,tail-evasion-,827,5,5,r3k2r/Pppp1ppp/1b3nbN/nP6/B1PPP3/B4N2/P5PP/3R2K1 b kq - 0 3,a8a7,100,1,258,391,26,132,426,LOWER,true,true,true,true,static,426,ordinary-nonchecking-capture,2
corpus:tail-evasion-:full,tail-evasion-,832,5,5,r3k2r/Pppp1ppp/1b3nbN/nP6/2PPP3/B4N2/P5PP/3B1RK1 b kq - 0 3,a8a7,100,1,230,391,-2,132,398,LOWER,true,true,true,true,static,398,ordinary-nonchecking-capture,2
corpus:tail-evasion-f1f2:full,tail-evasion-f1f2,564,12,12,r3k2r/Pppp1ppp/6bN/nP6/2P5/B4P2/P6P/3B2K1 b kq - 0 7,a8a7,100,1,855,870,623,132,882,LOWER,true,true,true,true,static,882,ordinary-nonchecking-capture,3
benchmark:endgame:2,endgame,11,0,2,8/2p5/3p4/KP5r/2R2p2/6k1/4P1P1/8 w - - 2 2,c4c7,100,1,165,477,-67,132,512,LOWER,true,true,true,true,static,512,ordinary-nonchecking-capture,1
benchmark:kiwipete:3,kiwipete,10345,10,13,r3k2N/p1p2p2/1n1qp3/3P4/4n3/2P5/P1P1KPPP/R6R b q - 0 7,d6d5,100,1,590,632,358,132,614,EXACT,true,false,true,true,static,614,ordinary-nonchecking-capture,2
benchmark:middlegame:3,middlegame,26853,11,14,5r1k/1pp2ppp/B1np4/3Np3/4n3/P2P4/1PP3PP/R4K2 w - - 0 17,a6b7,100,1,10,96,-222,132,45,EXACT,true,false,true,true,static,45,ordinary-nonchecking-capture,1
corpus:equal-defended:upper,equal-defended,1,1,1,Rq2k3/8/8/8/8/8/8/4K3 b - - 0 1,b8a8,500,1,988,989,357,131,1024,LOWER,true,true,true,true,static,1024,same-target-q-recapture,1
corpus:draw-five:lower,draw-five,1,2,2,7k/2b4n/8/pK6/8/8/8/R7 w - - 0 2,a1a5,100,-1,-1,0,-232,131,0,LOWER,true,true,true,true,insufficient,0,same-target-q-recapture;SEE-negative;insufficient,1
corpus:tail-kiwipete-e1d1:full,tail-kiwipete-e1d1,12291,18,18,3k3r/2p2P2/1p4p1/8/8/7p/P1PBKPPP/b7 b - - 0 10,h3g2,100,1,282,283,51,131,526,LOWER,true,true,true,true,static,526,ordinary-nonchecking-capture,1
benchmark:kiwipete:3,kiwipete,32195,12,15,r4k1r/p1p1q1b1/1n2PN2/6B1/4P3/8/P1P1KPPP/R7 b - - 0 8,e7e6,100,1,673,677,442,131,838,LOWER,true,true,true,true,static,838,ordinary-nonchecking-capture,1
benchmark:middlegame:3,middlegame,29942,11,14,5rk1/1pp2ppp/B1np4/3Np3/4n3/P2P4/1PP3PP/R4K2 w - - 0 17,a6b7,100,1,10,88,-221,131,47,EXACT,true,false,true,true,static,47,ordinary-nonchecking-capture,1
benchmark:middlegame:3,middlegame,30689,11,14,5rk1/1pp2ppp/B1np4/3Np3/4n3/P2P4/1PP3PP/R4K2 w - - 0 17,a6b7,100,1,10,51,-221,131,47,EXACT,true,false,true,true,static,47,ordinary-nonchecking-capture,1
benchmark:middlegame:3,middlegame,40077,3,6,r3nrk1/1pp2ppp/B1np4/2bNp1N1/4P3/P2P4/1PP1bPPP/R4RK1 w - - 0 13,a6b7,100,1,10,111,-221,131,23,EXACT,true,false,true,true,static,23,ordinary-nonchecking-capture,1
corpus:tail-kiwipete-e1d1:full,tail-kiwipete-e1d1,11525,12,12,r2k3r/p1pPq1b1/1n3np1/8/4P3/8/PPPK1PQP/R6R b - - 0 7,d8d7,100,1,282,291,52,130,293,LOWER,true,true,true,true,static,293,ordinary-nonchecking-capture,1
benchmark:kiwipete:2,kiwipete,3072,18,20,r6r/p1p3Q1/Bnk3p1/8/8/3K4/PpP2P1P/R7 w - - 0 11,g7b2,100,1,297,310,67,130,434,LOWER,true,true,true,true,static,434,same-target-q-recapture,4
benchmark:kiwipete:2,kiwipete,3232,18,20,r6r/p1p3Q1/Bnk3p1/8/8/3K4/PpP2P1P/7R w - - 0 11,g7b2,100,1,304,310,74,130,462,LOWER,true,true,true,true,static,462,same-target-q-recapture,2
benchmark:kiwipete:2,kiwipete,6015,11,13,r7/p1pPkpb1/1n3np1/4N3/4P3/8/PPPK1P1P/R6R b - - 0 7,b6d7,100,1,-467,-355,-697,130,-264,LOWER,true,true,true,true,static,-264,ordinary-nonchecking-capture,2
benchmark:evasion:2,evasion,7729,3,5,r3k2r/Pppp1ppp/1b3nbN/nP6/BBPPP3/5P2/P6P/Q4RK1 b kq - 0 3,a8a7,100,1,-339,-242,-569,130,-185,LOWER,true,true,true,true,static,-185,ordinary-nonchecking-capture,2
benchmark:middlegame:2,middlegame,3084,14,16,4r3/1pp3pp/p1npk3/8/4P1K1/P1NP4/1PP3PP/2R2r2 w - - 0 18,c1f1,500,1,-6,-3,-636,130,189,LOWER,true,true,true,true,static,189,same-target-q-recapture,1
benchmark:kiwipete:3,kiwipete,18583,16,19,r3k2r/p1pp4/8/1B1p4/8/2P5/P1P1K1PP/R6n b kq - 0 10,h8h2,100,1,632,658,402,130,657,EXACT,true,false,true,true,static,657,ordinary-nonchecking-capture,1
benchmark:kiwipete:3,kiwipete,30104,7,10,r3k2r/p1p1qpb1/1n2P1p1/4N3/8/1P6/PP1nNPPP/R3K2R w KQkq - 0 6,e5f7,100,1,-708,-629,-938,130,-605,LOWER,true,true,true,true,static,-605,ordinary-nonchecking-capture,1
benchmark:kiwipete:3,kiwipete,35158,12,15,r3k2b/p7/1n3qp1/2pP4/8/8/PPP1KPPP/R6R b q - 0 8,b6d5,100,1,590,631,360,130,725,LOWER,true,true,true,true,static,725,same-target-q-recapture,2
benchmark:kiwipete:3,kiwipete,43424,19,22,Q7/p1pnqk2/6p1/3p4/8/8/P1PK1PPP/r6R w - - 0 12,h1a1,500,1,287,289,-343,130,337,LOWER,true,true,true,true,static,337,same-target-q-recapture,1
benchmark:kiwipete:3,kiwipete,50923,6,9,r3k2N/p1pp1p2/Bn2p3/2qP4/4P3/2p4p/PPP2PPP/R3K2R b KQq - 0 5,c3b2,100,1,178,285,-52,130,337,LOWER,true,true,true,true,static,337,ordinary-nonchecking-capture,1
benchmark:kiwipete:3,kiwipete,66608,17,20,r6r/p1B2pB1/1n4p1/8/4k3/8/PPP1KP1P/R6r w - - 0 11,a1h1,500,1,32,81,-598,130,81,LOWER,true,true,true,true,static,81,ordinary-nonchecking-capture,2
benchmark:middlegame:3,middlegame,9059,12,15,r4R2/1pp3pp/p1npk3/6q1/4P3/P1NP4/1PP1Q1PK/4R3 b - - 0 17,a8f8,500,1,-22,-17,-652,130,126,LOWER,true,true,true,true,static,126,ordinary-nonchecking-capture,1
corpus:tail-kiwipete-e1d1:full,tail-kiwipete-e1d1,1615,10,10,r2k3r/p1pPq1b1/1n3np1/8/4P3/5Q1p/PPPK1PPP/R6R b - - 0 6,d8d7,100,1,255,263,26,129,357,LOWER,true,true,true,true,static,357,ordinary-nonchecking-capture,1
corpus:tail-kiwipete-e1d1:full,tail-kiwipete-e1d1,8696,10,10,r2k3r/p1pPq1b1/1n3np1/8/4P3/5Q1p/PPPK1PPP/R6R b - - 0 6,d8d7,100,1,255,291,26,129,357,LOWER,true,true,true,true,static,357,ordinary-nonchecking-capture,1
corpus:tail-evasion-:full,tail-evasion-,1482,9,9,r3k2r/Pppp1ppp/5nbN/nP6/B2NP3/8/P2P2PP/5RK1 b kq - 0 5,a8a7,100,1,383,391,154,129,394,LOWER,true,true,true,true,static,394,ordinary-nonchecking-capture,1
corpus:tail-evasion-f1f2:full,tail-evasion-f1f2,997,8,8,r3k2r/Pppp1ppp/6bN/nP6/2P1n3/B4N2/P2P2PP/3BK3 b kq - 0 5,a8a7,100,1,696,881,467,129,870,EXACT,true,false,true,true,static,870,ordinary-nonchecking-capture,1
corpus:tail-evasion-f1f2:upper,tail-evasion-f1f2,285,8,8,r3k2r/Pppp1ppp/6bN/nP6/2P1n3/B4N2/P2P2PP/3BK3 b kq - 0 5,a8a7,100,1,696,697,467,129,720,LOWER,true,true,true,true,static,720,ordinary-nonchecking-capture,1
benchmark:kiwipete:2,kiwipete,10965,17,19,r6r/p1B2p2/1n4p1/8/4k3/2P4p/P1P1KPPP/R6R b - - 0 10,h3g2,100,1,-115,-61,-344,129,23,LOWER,true,true,true,true,static,23,ordinary-nonchecking-capture,2
benchmark:evasion:2,evasion,4577,3,5,r3k2r/Pppp1ppp/1b3nbN/nP6/BBPPP3/5R2/P5PP/Q5K1 b kq - 0 3,a8a7,100,1,-397,110,-626,129,-242,EXACT,true,false,true,true,static,-242,ordinary-nonchecking-capture,2
benchmark:evasion:2,evasion,6780,13,15,r3k2N/Pppp2Qp/6b1/nP6/2q1n3/5R2/P5PP/R3K3 b q - 0 8,a8a7,100,1,-242,-240,-471,129,-194,LOWER,true,true,true,true,static,-194,ordinary-nonchecking-capture,2
benchmark:evasion:2,evasion,12009,7,9,r3k2r/Pppp1ppp/5nbN/nP6/B2NP3/8/P2P2PP/5RK1 b kq - 0 5,a8a7,100,1,383,410,154,129,556,LOWER,true,true,true,true,static,556,ordinary-nonchecking-capture,1
benchmark:kiwipete:3,kiwipete,15724,16,19,r3k3/p1pp3r/B7/3p4/8/2P5/P1P3PP/R1K4n b q - 0 10,h7h2,100,1,641,643,412,129,672,LOWER,true,true,true,true,static,672,ordinary-nonchecking-capture,1
benchmark:kiwipete:3,kiwipete,28968,18,21,2N1k3/p1pp2b1/4P3/8/8/3K4/nPP2PP1/r7 b - - 0 11,d7e6,100,1,656,661,427,129,663,LOWER,true,true,true,true,static,663,same-target-q-recapture,1
benchmark:kiwipete:3,kiwipete,29492,6,9,r3k3/p1p1q1bn/1n2p1N1/3P4/4P3/2p5/PPPBbPPP/R3K2R b KQq - 0 5,c3b2,100,1,596,598,367,129,632,LOWER,true,true,true,true,static,632,ordinary-nonchecking-capture,1
benchmark:kiwipete:3,kiwipete,29807,6,9,r3k1n1/p1p1q1b1/1n2p1N1/3P4/4P3/2p5/PPPBbPPP/R3K2R b KQq - 0 5,c3b2,100,1,612,617,383,129,648,LOWER,true,true,true,true,static,648,ordinary-nonchecking-capture,1
benchmark:kiwipete:3,kiwipete,46888,4,7,r3k2r/p1pp1pb1/Bn3Qp1/8/1p2P3/7p/PPPB1PPP/R3K2R b KQkq - 0 4,g7f6,975,1,-61,-32,-1165,129,-22,LOWER,true,true,true,true,static,-22,same-target-q-recapture,1
benchmark:kiwipete:3,kiwipete,66473,16,19,r6r/p1B2p2/1n4p1/8/4k3/2P4p/P1P1KPPP/R6R b - - 0 10,h3g2,100,1,-115,-49,-344,129,23,LOWER,true,true,true,true,static,23,ordinary-nonchecking-capture,1
benchmark:kiwipete:3,kiwipete,66796,16,19,r6r/p1B2p2/1n4p1/8/4k3/2P4p/P1P1KPPP/R6R b - - 0 10,h3g2,100,1,-115,-37,-344,129,23,LOWER,true,true,true,true,static,23,ordinary-nonchecking-capture,1
benchmark:evasion:3,evasion,7545,9,12,r3k2r/qpPp1ppp/6bN/nP6/4n3/8/P2P2PP/Q4R1K w kq - 0 7,a1g7,100,1,-505,-467,-734,129,-474,EXACT,true,false,true,true,static,-474,ordinary-nonchecking-capture,1
benchmark:evasion:3,evasion,17545,6,9,r3k2r/Pppp1ppp/5nbN/nP6/B2NP3/8/P2P2PP/5RK1 b kq - 0 5,a8a7,100,1,383,543,154,129,556,LOWER,true,true,true,true,static,556,ordinary-nonchecking-capture,1
benchmark:middlegame:3,middlegame,10204,12,15,1r3R2/1pp3pp/p1npk3/6q1/4P3/P1NP4/1PP1Q1PK/4R3 b - - 0 17,b8f8,500,1,-22,-17,-651,129,126,LOWER,true,true,true,true,static,126,ordinary-nonchecking-capture,1
benchmark:middlegame:3,middlegame,39900,5,8,r4Bk1/1pp2ppp/B1np4/2bNp2n/4P3/P2P4/1PP2PPP/R4bK1 w - - 0 14,a6b7,100,1,10,14,-219,129,31,LOWER,true,true,true,true,static,31,ordinary-nonchecking-capture,1
corpus:tail-kiwipete-e1d1:full,tail-kiwipete-e1d1,13395,8,8,r2k3r/p1pP1pb1/Bn3np1/4q3/4P3/5Q1p/PPPK1PPP/R6R b - - 0 5,d8d7,100,1,282,291,54,128,376,LOWER,true,true,true,true,static,376,ordinary-nonchecking-capture,2
corpus:tail-evasion-f1f2:full,tail-evasion-f1f2,17,8,8,r3k2N/Pppp2pp/5nb1/nP6/1qP1P3/5N2/P2P1KPP/Q7 b q - 0 5,a8a7,100,1,503,640,275,128,637,EXACT,true,false,true,true,static,637,ordinary-nonchecking-capture,1
corpus:tail-evasion-f3d4:full,tail-evasion-f3d4,175,6,6,r3k2r/Pppp1ppp/5nbN/nP6/B1P1P3/B7/P2P2PP/b4R1K b kq - 0 4,a8a7,100,1,603,1062,375,128,671,EXACT,true,false,true,true,static,671,ordinary-nonchecking-capture,1
corpus:tail-evasion-f3d4:full,tail-evasion-f3d4,337,6,6,r3k2r/Pppp1ppp/5nbN/nP6/B1P1P3/B7/P2P2PP/b4R1K b kq - 0 4,a8a7,100,1,603,635,375,128,671,LOWER,true,true,true,true,static,671,ordinary-nonchecking-capture,1
corpus:tail-evasion-f3d4:full,tail-evasion-f3d4,368,6,6,r3k2r/Pppp1ppp/5nbN/nP6/B1P1P3/B7/P2P2PP/b4R1K b kq - 0 4,a8a7,100,1,603,1393,375,128,671,EXACT,true,false,true,true,static,671,ordinary-nonchecking-capture,1
benchmark:kiwipete:2,kiwipete,3087,18,20,r6r/p1p3Q1/Bnk3p1/8/8/4K3/PpP2P1P/R7 w - - 0 11,g7b2,100,1,301,310,73,128,437,LOWER,true,true,true,true,static,437,same-target-q-recapture,4
benchmark:kiwipete:2,kiwipete,3257,18,20,r6r/p1p3Q1/Bnk3p1/8/8/4K3/PpP2P1P/7R w - - 0 11,g7b2,100,1,308,310,80,128,465,LOWER,true,true,true,true,static,465,same-target-q-recapture,2
benchmark:evasion:2,evasion,12149,7,9,r3k2r/Pppp1ppp/5nbN/nPP5/B3P3/5N2/P5PP/3R2K1 b kq - 0 5,a8a7,100,1,388,410,160,128,414,LOWER,true,true,true,true,static,414,ordinary-nonchecking-capture,1
benchmark:middlegame:2,middlegame,6921,14,16,r7/1pp3pp/p1npk3/8/4P1K1/P1NP4/1PP3PP/R4r2 w - - 0 18,a1f1,500,1,13,19,-615,128,224,LOWER,true,true,true,true,static,224,same-target-q-recapture,2
benchmark:kiwipete:3,kiwipete,11472,8,11,r3kq1N/p1p3b1/1n2P1p1/8/4n3/2p5/PPPBKPPP/R6R b q - 0 6,c3d2,330,1,590,650,132,128,752,LOWER,true,true,true,true,static,752,ordinary-nonchecking-capture,1
benchmark:kiwipete:3,kiwipete,27018,8,11,r3k2r/p1pnq1b1/4P1p1/8/1p2P3/8/PPPKNPPP/R6R b kq - 0 6,e7e6,100,1,664,678,436,128,846,LOWER,true,true,true,true,static,846,ordinary-nonchecking-capture,6
benchmark:kiwipete:3,kiwipete,43050,14,17,7r/p1pnk1b1/4P1p1/8/8/2pK3p/PPP2PPP/R6R b - - 0 9,e7e6,100,1,-290,-273,-518,128,-185,LOWER,true,true,true,true,static,-185,same-target-q-recapture,1
benchmark:evasion:3,evasion,3412,6,9,r3k2N/Pppp2pp/5nb1/nP6/1qP1P3/5N2/P2P1KPP/Q7 b q - 0 5,a8a7,100,1,503,543,275,128,637,LOWER,true,true,true,true,static,637,ordinary-nonchecking-capture,1
benchmark:evasion:3,evasion,17749,6,9,r3k2r/Pppp1ppp/5nbN/nPP5/B3P3/5N2/P5PP/3R2K1 b kq - 0 5,a8a7,100,1,388,523,160,128,562,LOWER,true,true,true,true,static,562,ordinary-nonchecking-capture,1
benchmark:middlegame:3,middlegame,36488,18,21,6k1/2p2pBp/p7/8/8/P7/2P2PBP/b5K1 b - - 0 20,a1g7,330,1,-18,-10,-476,128,0,LOWER,true,true,true,true,static,0,ordinary-nonchecking-capture,1
corpus:tail-kiwipete-e1d1:full,tail-kiwipete-e1d1,15149,10,10,r2k3r/p1pp1Pb1/Bn4N1/8/4n3/7p/PPPp1PPP/R2K3R b - - 0 6,h3g2,100,1,282,283,55,127,286,LOWER,true,true,true,true,static,286,ordinary-nonchecking-capture,1
corpus:tail-evasion-f1f2:full,tail-evasion-f1f2,553,12,12,r3k2r/Pppp1ppp/6bN/nP6/2P5/B4P2/P6P/3BK3 b kq - 0 7,a8a7,100,1,855,870,628,127,884,LOWER,true,true,true,true,static,884,ordinary-nonchecking-capture,3
corpus:tail-evasion-f3d4:full,tail-evasion-f3d4,283,6,6,r3k2r/Pppp1ppp/5nbN/nP6/2PbP3/B7/P2P2PP/3B1R1K b kq - 1 4,a8a7,100,1,622,635,395,127,790,LOWER,true,true,true,true,static,790,ordinary-nonchecking-capture,1
corpus:tail-evasion-f3d4:full,tail-evasion-f3d4,455,6,6,r3k2r/Pppp1ppp/5nbN/nP6/2PbP3/B7/P2P2PP/3B1R1K b kq - 0 4,a8a7,100,1,622,671,395,127,790,LOWER,true,true,true,true,static,790,ordinary-nonchecking-capture,1
corpus:tail-evasion-f3d4:full,tail-evasion-f3d4,469,6,6,r3k2r/Pppp1ppp/5nbN/nP6/B1PbP3/B7/P2P2PP/3R3K b kq - 0 4,a8a7,100,1,673,1015,446,127,841,EXACT,true,false,true,true,static,841,ordinary-nonchecking-capture,1
benchmark:evasion:2,evasion,3488,3,5,r3k2r/Pppp1ppp/5nbN/nP6/BBPbP3/8/Rp1P2PP/3Q1R1K b kq - 1 3,a8a7,100,1,-489,-118,-716,127,-319,EXACT,true,false,true,true,static,-319,ordinary-nonchecking-capture,1
benchmark:evasion:2,evasion,12156,7,9,r3k2r/Pppp1ppp/5nbN/nPP5/4P3/5N2/P5PP/3B1RK1 b kq - 0 5,a8a7,100,1,388,410,161,127,563,LOWER,true,true,true,true,static,563,ordinary-nonchecking-capture,1
benchmark:middlegame:2,middlegame,5492,12,14,r7/1pp1q1pk/p1np4/4p3/6Q1/P1NPK3/1PP3PP/R4r2 w - - 0 17,a1f1,500,1,-1,3,-628,127,151,LOWER,true,true,true,true,static,151,ordinary-nonchecking-capture,1
benchmark:middlegame:2,middlegame,5931,12,14,r7/1pp1q1pk/p1np4/4p3/6Q1/P1NPK3/1PP3PP/R4r2 w - - 0 17,a1f1,500,1,-1,17,-628,127,151,LOWER,true,true,true,true,static,151,ordinary-nonchecking-capture,1
benchmark:middlegame:2,middlegame,6459,9,11,r4Bk1/2p2ppp/p1pp4/4p3/4P3/P1PP4/2P1bPPP/R4RK1 b - - 0 15,e2f1,500,1,-13,0,-640,127,0,LOWER,true,true,true,true,static,0,ordinary-nonchecking-capture,1
benchmark:kiwipete:3,kiwipete,51798,12,15,3k4/p1pnq1b1/4Pnp1/8/4P3/7P/PPPK1P1P/R6R b - - 0 8,e7e6,100,1,-6,53,-233,127,182,LOWER,true,true,true,true,static,182,same-target-q-recapture,1
benchmark:evasion:3,evasion,6200,2,5,r3k2r/Pppp1ppp/5nbN/nP6/BBPbP3/8/Rp1P2PP/3Q1R1K b kq - 1 3,a8a7,100,1,-489,543,-716,127,-319,EXACT,true,false,true,true,static,-319,ordinary-nonchecking-capture,1
benchmark:evasion:3,evasion,17813,6,9,r3k2r/Pppp1ppp/5nbN/nPP5/4P3/5N2/P5PP/3B1RK1 b kq - 0 5,a8a7,100,1,388,523,161,127,563,LOWER,true,true,true,true,static,563,ordinary-nonchecking-capture,1
benchmark:middlegame:3,middlegame,20744,5,8,3r1r2/1pp2kpp/p1np4/2b1q3/4P1b1/P1NP4/1PP1QPPP/R3R1K1 w - - 0 14,e2g4,330,1,10,11,-447,127,12,LOWER,true,true,true,true,static,12,ordinary-nonchecking-capture,1
benchmark:middlegame:3,middlegame,22178,8,11,r4Bk1/2p2ppp/p1pp4/4p3/4P3/P1PP4/2P1bPPP/R4RK1 b - - 0 15,e2f1,500,1,-13,-10,-640,127,0,LOWER,true,true,true,true,static,0,ordinary-nonchecking-capture,2
benchmark:middlegame:3,middlegame,24333,12,15,r5k1/2p2ppp/p2p4/4p1N1/1P2N3/3P4/1PP3PP/R3Kb2 b - - 0 17,f1g2,100,1,-13,-10,-240,127,-1,LOWER,true,true,true,true,static,-1,ordinary-nonchecking-capture,1
benchmark:middlegame:3,middlegame,31016,11,14,4rk2/1pp2ppp/B1np4/3Np3/4n3/P2P4/1PP3PP/5RK1 w - - 0 17,a6b7,100,1,68,75,-159,127,108,LOWER,true,true,true,true,static,108,ordinary-nonchecking-capture,1
benchmark:middlegame:3,middlegame,36317,18,21,6k1/2p2pBp/p7/8/8/P7/2P2PBP/b5K1 b - - 0 20,a1g7,330,1,-19,-10,-476,127,0,LOWER,true,true,true,true,static,0,ordinary-nonchecking-capture,2
corpus:tail-kiwipete-e1d1:full,tail-kiwipete-e1d1,20899,9,9,r3k2b/p1ppq3/1n2pnp1/3P4/4P3/8/PPPpKPQP/R6R w q - 0 6,e2d2,100,1,-300,-291,-526,126,-278,LOWER,true,true,true,true,static,-278,ordinary-nonchecking-capture,1
corpus:tail-kiwipete-e1d1:lower,tail-kiwipete-e1d1,2529,9,9,r3k2b/p1ppq3/1n2pnp1/3P4/4P3/8/PPPpKPQP/R6R w q - 0 6,e2d2,100,1,-300,-299,-526,126,-278,LOWER,true,true,true,true,static,-278,ordinary-nonchecking-capture,1
corpus:tail-evasion-:full,tail-evasion-,807,7,7,r3k2r/Pppp1ppp/5nbN/nP6/B1P1P3/B4N2/P5PP/b4R1K b kq - 0 4,a8a7,100,1,397,410,171,126,413,LOWER,true,true,true,true,static,413,ordinary-nonchecking-capture,4
corpus:tail-evasion-:full,tail-evasion-,1010,7,7,r3k2r/Pppp1ppp/5nbN/nP6/B1P1P3/B4N2/P5PP/b4R1K b kq - 0 4,a8a7,100,1,397,405,171,126,413,LOWER,true,true,true,true,static,413,ordinary-nonchecking-capture,2
benchmark:evasion:2,evasion,2562,8,10,r3k2r/bppp1p1p/5pbN/nP6/B1P1P3/8/P2P2PP/Q6K w kq - 0 6,a1f6,100,1,-159,-143,-385,126,-146,EXACT,true,false,true,true,static,-146,same-target-q-recapture,2
benchmark:evasion:2,evasion,2801,8,10,r3k2r/bppp1p1p/5pbN/nP6/B1P1P3/8/P2P2PP/Q6K w kq - 0 6,a1f6,100,1,-159,-146,-385,126,-146,LOWER,true,true,true,true,static,-146,same-target-q-recapture,4
benchmark:kiwipete:3,kiwipete,2447,8,11,r3k3/p1pp2b1/4qnN1/8/4P3/2p5/PPP1bPPP/R3K2R b KQq - 0 6,c3b2,100,1,753,844,527,126,915,LOWER,true,true,true,true,static,915,ordinary-nonchecking-capture,1
benchmark:kiwipete:3,kiwipete,19862,8,11,r3k3/p1p1q3/1n2Pnpr/8/1p2P3/8/PPP1NPPP/R3K2R b KQq - 0 6,e7e6,100,1,657,671,431,126,814,LOWER,true,true,true,true,static,814,same-target-q-recapture,2
benchmark:kiwipete:3,kiwipete,26405,13,16,r3k2N/p1p1q3/4p1p1/3P4/1p6/2P5/P1P1K1PP/R6n w q - 0 9,h8g6,100,1,-617,-590,-843,126,-487,LOWER,true,true,true,true,static,-487,ordinary-nonchecking-capture,1
benchmark:kiwipete:3,kiwipete,32247,10,13,r3k2r/p1p1q3/1n2P3/6b1/4P3/2p5/PPP1KPPP/R6R b kq - 0 7,e7e6,100,1,673,686,447,126,840,LOWER,true,true,true,true,static,840,same-target-q-recapture,2
benchmark:kiwipete:3,kiwipete,43057,14,17,7r/p1pnk1b1/4P1p1/8/8/2p1K2p/PPP2PPP/R6R b - - 0 9,e7e6,100,1,-290,-273,-516,126,-183,LOWER,true,true,true,true,static,-183,same-target-q-recapture,1
benchmark:middlegame:3,middlegame,6386,11,14,r7/1pp1q1pk/p1np4/4p3/6Q1/P1NPK3/1PP3PP/2R2r2 w - - 0 17,c1f1,500,1,10,12,-616,126,151,LOWER,true,true,true,true,static,151,ordinary-nonchecking-capture,1
benchmark:middlegame:3,middlegame,30683,11,14,4rk2/1pp2ppp/B1np4/3Np3/4n3/P2P4/1PP3PP/R4K2 w - - 0 17,a6b7,100,1,10,68,-216,126,51,EXACT,true,false,true,true,static,51,ordinary-nonchecking-capture,1
benchmark:middlegame:3,middlegame,36496,18,21,B7/2p2pkp/p7/8/8/P7/1bP2PKP/R7 b - - 0 20,b2a1,500,1,-18,-10,-644,126,0,LOWER,true,true,true,true,static,0,ordinary-nonchecking-capture,1
corpus:promotion-positional-resource:upper,promotion-positional-resource,0,2,2,1Q1r4/8/8/7q/8/8/p1k5/K7 w - - 1 2,b8d8,500,1,-389,-388,-1014,125,-346,LOWER,true,true,true,true,static,-346,promotion-context-not-promotion-move,1
corpus:tail-kiwipete-e1d1:full,tail-kiwipete-e1d1,13661,10,10,r6N/p1pkq1b1/1n3np1/8/4P3/7p/PPPpQPPP/R2K3R b - - 0 6,f6e4,100,1,282,291,57,125,310,LOWER,true,true,true,true,static,310,ordinary-nonchecking-capture,1
corpus:tail-kiwipete-f3h3:lower,tail-kiwipete-f3h3,97,12,12,r7/p1pkqPb1/1n3np1/8/4P3/7P/PPPK1P1P/R6R b - - 0 7,e7e4,100,1,589,590,364,125,673,LOWER,true,true,true,true,static,673,ordinary-nonchecking-capture,1
corpus:tail-evasion-f1f2:full,tail-evasion-f1f2,1106,12,12,r3k2r/Pppp1p1p/6bp/BP6/B1P1n3/8/P2P2PP/3K4 b kq - 0 7,a8a7,100,1,839,861,614,125,947,LOWER,true,true,true,true,static,947,ordinary-nonchecking-capture,1
corpus:tail-evasion-f3d4:full,tail-evasion-f3d4,615,6,6,r3k2r/Pppp1ppp/5nbN/nP6/B1P1P3/B7/P2P1RPP/b5K1 b kq - 0 4,a8a7,100,1,620,671,395,125,793,LOWER,true,true,true,true,static,793,ordinary-nonchecking-capture,1
benchmark:kiwipete:2,kiwipete,11187,15,17,r7/p1pP1p2/1n4p1/6k1/4P3/2P4r/P1P1KP1P/R6R b - - 0 9,b6d7,100,1,-63,-61,-288,125,167,LOWER,true,true,true,true,static,167,ordinary-nonchecking-capture,1
benchmark:evasion:2,evasion,134,6,8,4k2r/rppp1p1p/1b3pbN/nP6/BBP1P3/8/P2P2PP/Q6K w k - 0 5,a1f6,100,1,233,571,8,125,267,EXACT,true,false,true,true,static,267,same-target-q-recapture,2
benchmark:evasion:2,evasion,253,6,8,4k2r/rppp1p1p/1b3pbN/nP6/BBP1P3/8/P2P2PP/Q6K w k - 0 5,a1f6,100,1,233,267,8,125,267,LOWER,true,true,true,true,static,267,same-target-q-recapture,2
benchmark:evasion:2,evasion,6247,11,13,4k2r/Qppp1ppp/6bN/nP6/BBP1n3/5R2/r5PP/3K4 b k - 0 7,a5c4,100,1,59,110,-166,125,66,EXACT,true,false,true,true,static,66,ordinary-nonchecking-capture,2
benchmark:middlegame:2,middlegame,1482,6,8,4rr2/1pp2kpp/p1np4/2b1q3/4P1b1/P1NP4/1PP1QPPP/R4R1K w - - 0 14,e2g4,330,1,-6,8,-461,125,36,LOWER,true,true,true,true,static,36,ordinary-nonchecking-capture,1
benchmark:kiwipete:3,kiwipete,5277,14,17,r7/p1pp1k2/1n6/8/1p6/2P1K3/P1q2PPP/R6R b - - 0 9,b4c3,100,1,822,840,597,125,1043,LOWER,true,true,true,true,static,1043,ordinary-nonchecking-capture,1
benchmark:kiwipete:3,kiwipete,9679,16,19,r3k2B/p1p5/1n2p1p1/3P4/5K2/8/PP4qP/R6R b q - 1 10,e6d5,100,1,622,648,397,125,697,LOWER,true,true,true,true,static,697,ordinary-nonchecking-capture,2
benchmark:kiwipete:3,kiwipete,11391,12,15,r3k2N/p1p5/1n2P1p1/8/4n3/2p5/PPP2qPP/R2K3R b q - 1 8,c3b2,100,1,590,640,365,125,900,LOWER,true,true,true,true,static,900,ordinary-nonchecking-capture,1
benchmark:kiwipete:3,kiwipete,14523,12,15,3k3r/p1p1q1b1/1n2P1p1/8/8/2P5/P1PK1PPP/R6R b - - 0 8,e7e6,100,1,590,599,365,125,894,LOWER,true,true,true,true,static,894,ordinary-nonchecking-capture,1
benchmark:kiwipete:3,kiwipete,66723,14,17,r7/p1pP1p2/1n4p1/6k1/4P3/2P4r/P1P1KP1P/R6R b - - 0 9,b6d7,100,1,-63,-32,-288,125,167,LOWER,true,true,true,true,static,167,ordinary-nonchecking-capture,1
benchmark:middlegame:3,middlegame,40238,5,8,r3nBk1/1pp2ppp/B1np4/2bNp3/4P3/P2P4/1PP2PPP/R4bK1 w - - 0 14,a6b7,100,1,10,23,-215,125,35,LOWER,true,true,true,true,static,35,ordinary-nonchecking-capture,1
corpus:promotion-positional-resource:lower,promotion-positional-resource,0,2,2,1Q1r4/8/8/7q/8/8/p1k5/K7 w - - 1 2,b8d8,500,1,-390,-389,-1014,124,-346,LOWER,true,true,true,true,static,-346,promotion-context-not-promotion-move,1
benchmark:kiwipete:2,kiwipete,10930,13,15,r6r/p1pP1p2/1n4p1/6k1/4P3/2P4p/P1P1KPPP/R6R b - - 0 8,b6d7,100,1,-115,-61,-339,124,73,LOWER,true,true,true,true,static,73,ordinary-nonchecking-capture,1
benchmark:evasion:2,evasion,2623,10,12,4k2r/rppp1p1p/5p1N/nPP5/B1P1b3/8/P5PP/Q5K1 w k - 0 7,a1f6,100,1,66,181,-158,124,89,EXACT,true,false,true,true,static,89,same-target-q-recapture,2
benchmark:endgame:2,endgame,15,0,2,8/2p5/3p4/KP4kr/2R2p2/8/4P1P1/8 w - - 2 2,c4c7,100,1,165,477,-59,124,611,LOWER,true,true,true,true,static,611,ordinary-nonchecking-capture,1
benchmark:kiwipete:3,kiwipete,3933,11,14,r3k2N/p1p1q3/1n2p1p1/3P4/8/2P5/P1P1K1PP/R6n w q - 0 8,h8g6,100,1,-819,-744,-1043,124,-646,LOWER,true,true,true,true,static,-646,ordinary-nonchecking-capture,1
benchmark:kiwipete:3,kiwipete,4108,13,16,r3k2N/p1p1q3/4p1p1/3n4/8/2P5/P1P1K1PP/7R w q - 0 9,h8g6,100,1,-796,-771,-1020,124,-683,LOWER,true,true,true,true,static,-683,ordinary-nonchecking-capture,1
benchmark:kiwipete:3,kiwipete,18093,6,9,r3k3/p1p1q1b1/1n2pnN1/3P4/4P3/2p5/PPPBbPPP/R3K2R b KQq - 0 5,c3b2,100,1,617,632,393,124,653,LOWER,true,true,true,true,static,653,ordinary-nonchecking-capture,1
benchmark:kiwipete:3,kiwipete,21984,16,19,r3k3/p1pp1p2/Bn6/3P4/8/8/PPP2q1R/R1K5 b q - 0 10,f2h2,500,1,975,1044,351,124,1002,EXACT,true,false,true,true,static,1002,same-target-q-recapture,1
benchmark:kiwipete:3,kiwipete,35312,6,9,r3k3/p3q1b1/1n2pnN1/2pP4/4P3/2p5/PPPBbPPP/R3K2R b KQq - 0 5,c3b2,100,1,611,641,387,124,648,LOWER,true,true,true,true,static,648,ordinary-nonchecking-capture,1
benchmark:kiwipete:3,kiwipete,41616,17,20,7r/p1pk4/1n4p1/8/1p6/2P5/P1P2PBP/R5K1 w - - 0 11,c3b4,100,1,273,275,49,124,275,LOWER,true,true,true,true,static,275,ordinary-nonchecking-capture,3
benchmark:kiwipete:3,kiwipete,66433,12,15,r6r/p1pP1p2/1n4p1/6k1/4P3/2P4p/P1P1KPPP/R6R b - - 0 8,b6d7,100,1,-115,-49,-339,124,73,LOWER,true,true,true,true,static,73,ordinary-nonchecking-capture,1
benchmark:evasion:3,evasion,17893,8,11,r3k2r/Pppp1ppp/5nbN/nP6/B2NP3/8/P5PP/3R3K b kq - 0 6,a8a7,100,1,529,543,305,124,567,LOWER,true,true,true,true,static,567,ordinary-nonchecking-capture,1
benchmark:middlegame:3,middlegame,36441,18,21,B5k1/2p2p1p/p7/8/8/P7/1bP2P1P/R5K1 b - - 0 20,b2a1,500,1,-13,-10,-637,124,0,LOWER,true,true,true,true,static,0,ordinary-nonchecking-capture,1
benchmark:middlegame:3,middlegame,40208,7,10,r3nk2/1pp2ppp/B1np4/2bNp3/4P3/P2P4/1PP2PPP/R4K2 w - - 0 15,a6b7,100,1,10,23,-214,124,43,LOWER,true,true,true,true,static,43,ordinary-nonchecking-capture,1
benchmark:middlegame:3,middlegame,42082,11,14,5rk1/1pp2pp1/B1np4/3Np2p/4n3/P2P4/1PP3PP/R4K2 w - - 0 17,a6b7,100,1,10,14,-214,124,54,LOWER,true,true,true,true,static,54,ordinary-nonchecking-capture,1
corpus:tail-kiwipete-e1d1:full,tail-kiwipete-e1d1,13428,10,10,r6r/p1pk1pb1/bn4p1/4Q3/4P3/7p/PPPKBPPP/R6R b - - 0 6,g7e5,975,1,282,291,-816,123,408,LOWER,true,true,true,true,static,408,same-target-q-recapture,1
corpus:tail-kiwipete-e1d1:full,tail-kiwipete-e1d1,16851,15,15,r2k3r/p1p3b1/1n2p3/4N3/8/2B5/PPP1KP1P/R6q w - - 0 9,a1h1,975,1,-291,-282,-1389,123,-274,LOWER,true,true,true,true,static,-274,ordinary-nonchecking-capture,1
benchmark:evasion:2,evasion,2544,8,10,4k2r/rppp1p1p/5pbN/nPb5/B1P1P3/8/P2P2PP/Q6K w k - 0 6,a1f6,100,1,-159,187,-382,123,-143,EXACT,true,false,true,true,static,-143,same-target-q-recapture,2
benchmark:evasion:2,evasion,2650,10,12,4k2r/rppp1p1p/5pbN/1PP5/B1n1P3/8/P5PP/Q5K1 w k - 0 7,a1f6,100,1,57,89,-166,123,81,EXACT,true,false,true,true,static,81,same-target-q-recapture,2
benchmark:evasion:2,evasion,2788,8,10,4k2r/rppp1p1p/5pbN/nPb5/B1P1P3/8/P2P2PP/Q6K w k - 0 6,a1f6,100,1,-159,-146,-382,123,-143,LOWER,true,true,true,true,static,-143,same-target-q-recapture,4
benchmark:kiwipete:3,kiwipete,7949,12,15,r2k4/p1p2qb1/1n3n2/8/4P3/8/PPP1KPPP/R6R b - - 0 8,f6e4,100,1,590,633,367,123,738,LOWER,true,true,true,true,static,738,ordinary-nonchecking-capture,1
benchmark:kiwipete:3,kiwipete,12612,6,9,1r2k3/p1p1q1b1/1n2pnN1/3P4/4P3/2p5/PPPBbPPP/R3K2R b KQ - 0 5,c3b2,100,1,653,661,430,123,702,LOWER,true,true,true,true,static,702,ordinary-nonchecking-capture,1
benchmark:kiwipete:3,kiwipete,18198,5,8,r3k2r/p1ppq1b1/4Pnp1/4N3/1p2P3/2N5/PPPn1PPP/R3K2R w KQkq - 0 5,e5g6,100,1,-693,-673,-916,123,-665,LOWER,true,true,true,true,static,-665,ordinary-nonchecking-capture,1
benchmark:kiwipete:3,kiwipete,28095,6,9,r1n1k3/p1p1q1b1/4pnN1/3P4/4P3/2p5/PPPBbPPP/R3K2R b KQq - 0 5,c3b2,100,1,590,608,367,123,628,LOWER,true,true,true,true,static,628,ordinary-nonchecking-capture,1
benchmark:kiwipete:3,kiwipete,43022,14,17,7r/p1pnk1b1/4P1p1/8/8/2p4p/PPP2PPP/R1K4R b - - 0 9,e7e6,100,1,-290,-273,-513,123,-180,LOWER,true,true,true,true,static,-180,same-target-q-recapture,1
benchmark:evasion:3,evasion,18535,6,9,r3k2r/Pppp1ppp/5nbN/nP6/B3P3/B4N2/P5PP/b4R1K b kq - 0 5,a8a7,100,1,510,523,287,123,530,LOWER,true,true,true,true,static,530,ordinary-nonchecking-capture,7
benchmark:middlegame:3,middlegame,39620,9,12,r2n1rk1/1Bp2ppp/3p4/3Np1N1/4n3/P2PK3/1PP3PP/R4b2 w - - 0 16,b7a8,500,1,47,75,-576,123,54,EXACT,true,false,true,true,static,54,ordinary-nonchecking-capture,1
corpus:tail-kiwipete-e1d1:full,tail-kiwipete-e1d1,11246,15,15,r3k3/p1pp1p2/1n2q3/8/4n3/5Q2/PKP2PpP/R6R w q - 0 9,f3g2,100,1,-282,-261,-504,122,-195,LOWER,true,true,true,true,static,-195,same-target-q-recapture,1
corpus:tail-kiwipete-e1d1:full,tail-kiwipete-e1d1,15963,17,17,r2k3b/p1pp4/Bn6/8/8/8/PPPKQq1P/R6r w - - 0 10,a1h1,500,1,-291,-283,-913,122,-283,LOWER,true,true,true,true,static,-283,same-target-q-recapture,1
corpus:tail-evasion-:upper,tail-evasion-,358,7,7,r3k2r/Pppp1ppp/5nbN/nPq5/B2PP3/5N2/P5PP/Q4RK1 b kq d3 0 4,c5a7,100,1,390,391,168,122,523,LOWER,true,true,true,true,static,523,ordinary-nonchecking-capture,1
corpus:tail-evasion-f1f2:full,tail-evasion-f1f2,430,6,6,r3k2r/Pppp1ppp/5nbN/nP6/2P1P3/B4N2/P2P1KPP/3B4 b kq - 0 4,a8a7,100,1,537,696,315,122,719,LOWER,true,true,true,true,static,719,ordinary-nonchecking-capture,1
corpus:tail-evasion-f1f2:full,tail-evasion-f1f2,581,14,14,r6r/Pppp1kpp/6b1/nP6/2P5/B4P2/P3K2P/3B4 b - - 0 8,a8a7,100,1,855,870,633,122,1240,LOWER,true,true,true,true,static,1240,ordinary-nonchecking-capture,3
corpus:tail-evasion-f1f2:full,tail-evasion-f1f2,991,8,8,r3k2r/Pppp1ppp/6bN/nP6/B1P1n3/B4N2/P2P2PP/3K4 b kq - 0 5,a8a7,100,1,699,1137,477,122,881,EXACT,true,false,true,true,static,881,ordinary-nonchecking-capture,1
benchmark:evasion:2,evasion,6508,11,13,4k2r/Qppp1ppp/6bN/nP6/BBP1n3/5R2/r5PP/4K3 b k - 0 7,a5c4,100,1,59,66,-163,122,69,LOWER,true,true,true,true,static,69,ordinary-nonchecking-capture,2
benchmark:middlegame:2,middlegame,1925,12,14,r7/1pp1q1pk/p1np4/4p3/6Q1/P1NPK3/1PP3PP/R4r2 w - - 0 17,a1f1,500,1,-6,-1,-628,122,151,LOWER,true,true,true,true,static,151,ordinary-nonchecking-capture,1
benchmark:middlegame:2,middlegame,3700,14,16,4r3/1pp3pp/p1npk3/8/4P1K1/P1NP4/1PP3PP/3R1r2 w - - 0 18,d1f1,500,1,-6,-4,-628,122,189,LOWER,true,true,true,true,static,189,same-target-q-recapture,1
benchmark:middlegame:2,middlegame,3855,5,7,r4rk1/1pp1qppp/p1np4/4p1B1/2B1Q3/P1NP4/1PP2KPP/4RR2 b - - 0 13,e7g5,330,1,-27,6,-479,122,25,LOWER,true,true,true,true,static,25,ordinary-nonchecking-capture,1
benchmark:middlegame:2,middlegame,4013,13,15,r4R2/1pp3pp/p1np4/4p1k1/8/P1NPK3/1PP3PP/4R3 b - - 0 17,a8f8,500,1,-27,6,-649,122,189,LOWER,true,true,true,true,static,189,same-target-q-recapture,1
benchmark:kiwipete:3,kiwipete,20351,8,11,r3k2r/p1p1qN2/1n2Pnp1/8/4P3/2p5/PPP1KPPP/R6R b kq - 0 6,e7e6,100,1,591,671,369,122,762,LOWER,true,true,true,true,static,762,ordinary-nonchecking-capture,1
benchmark:middlegame:3,middlegame,5332,4,7,1r3Bk1/1pp2ppp/p1np4/2b1p3/2B1P3/P1NP4/1PP1bPPP/R4R1K b - - 0 13,e2f1,500,1,-12,-10,-634,122,-2,LOWER,true,true,true,true,static,-2,ordinary-nonchecking-capture,1
benchmark:middlegame:3,middlegame,7101,11,14,r7/1pp1q1pk/p1np4/4p3/6Q1/P1NPK3/1PP3PP/3R1r2 w - - 0 17,d1f1,500,1,10,11,-612,122,151,LOWER,true,true,true,true,static,151,ordinary-nonchecking-capture,1
benchmark:middlegame:3,middlegame,7529,4,7,r4rk1/1pp1qppp/p1np4/4p1B1/2B1Q3/P1NP4/1PP2KPP/4RR2 b - - 0 13,e7g5,330,1,-27,-10,-479,122,25,LOWER,true,true,true,true,static,25,ordinary-nonchecking-capture,1
benchmark:middlegame:3,middlegame,7683,12,15,r4R2/1pp3pp/p1np4/4p1k1/8/P1NPK3/1PP3PP/4R3 b - - 0 17,a8f8,500,1,-27,-10,-649,122,189,LOWER,true,true,true,true,static,189,same-target-q-recapture,1
corpus:tail-kiwipete-e1d1:full,tail-kiwipete-e1d1,17209,11,11,r3k2b/p1pp1p2/1n2qn2/8/4P3/5Q2/PPPK1PpP/R6R w q - 0 7,f3g2,100,1,-291,-282,-512,121,-290,EXACT,true,false,true,true,static,-290,same-target-q-recapture,1
corpus:tail-kiwipete-e1d1:full,tail-kiwipete-e1d1,17787,7,7,r3k2b/p1ppq3/1n2pnp1/3P4/4P3/5Q1p/PPPpKPPP/R6R w q - 0 5,e2d2,100,1,-291,-217,-512,121,-221,EXACT,true,false,true,true,static,-221,ordinary-nonchecking-capture,1
corpus:tail-evasion-f1f2:full,tail-evasion-f1f2,599,12,12,r3k2r/Pppp1ppp/6bN/nP6/2P5/B4P2/P4K1P/3B4 b kq - 0 7,a8a7,100,1,855,870,634,121,891,LOWER,true,true,true,true,static,891,ordinary-nonchecking-capture,3
benchmark:evasion:2,evasion,165,12,14,4k2r/1p1p2pp/1p4b1/rP6/B1P1P3/8/P2P2PP/Q6K w - - 0 8,a1g7,100,1,279,291,58,121,330,LOWER,true,true,true,true,static,330,ordinary-nonchecking-capture,2
benchmark:evasion:2,evasion,216,12,14,4k2r/1p1p2pp/1p4b1/rP6/B1P1P3/8/P2P2PP/Q6K w - - 0 8,a1g7,100,1,279,323,58,121,330,LOWER,true,true,true,true,static,330,ordinary-nonchecking-capture,2
benchmark:evasion:2,evasion,4243,7,9,r3k2r/Pppp1ppp/5nbN/BP6/B1P1P3/5Q2/P5PP/b6K b kq - 0 5,a8a7,100,1,37,110,-184,121,214,LOWER,true,true,true,true,static,214,ordinary-nonchecking-capture,2
benchmark:middlegame:2,middlegame,2465,12,14,r7/1pp1q1pk/p1np4/4p3/6Q1/P1NPK3/1PP3PP/1R3r2 w - - 0 17,b1f1,500,1,-6,4,-627,121,151,LOWER,true,true,true,true,static,151,ordinary-nonchecking-capture,1
benchmark:kiwipete:3,kiwipete,20210,8,11,r3k2r/p1p1qN2/1n2Pnp1/8/4P3/2p5/PPP1KPPP/R6R b kq - 0 6,e7e6,100,1,590,671,369,121,762,LOWER,true,true,true,true,static,762,ordinary-nonchecking-capture,2
benchmark:kiwipete:3,kiwipete,43036,14,17,7r/p1pnk1b1/4P1p1/8/8/2p4p/PPP2PPP/R3K2R b - - 0 9,e7e6,100,1,-290,-273,-511,121,-178,LOWER,true,true,true,true,static,-178,same-target-q-recapture,1
benchmark:kiwipete:3,kiwipete,43367,18,21,3k3N/p1pn2b1/4P1p1/8/8/3K3p/P1P2PPP/R7 b - - 0 11,g7a1,500,1,-290,-273,-911,121,-242,LOWER,true,true,true,true,static,-242,same-target-q-recapture,1
benchmark:middlegame:3,middlegame,6576,5,8,r4r1k/1pp1Bppp/p1np4/2bBp3/4P3/P1NP4/1PP2PPP/2R2bK1 w - - 0 14,e7f8,500,1,10,11,-611,121,13,LOWER,true,true,true,true,static,13,ordinary-nonchecking-capture,1
benchmark:middlegame:3,middlegame,18167,5,8,r4r2/1pp2kpp/p1np4/2b1q3/4P1b1/P1NP4/1PP1QPPP/R3R1K1 w - - 0 14,e2g4,330,1,10,11,-441,121,17,LOWER,true,true,true,true,static,17,ordinary-nonchecking-capture,1
benchmark:middlegame:3,middlegame,23898,11,14,B4rk1/2p1qppp/p2p4/4p3/8/P1Nn1b2/1PP1Q1PP/R4K2 w - - 0 17,g2f3,330,1,10,13,-441,121,16,LOWER,true,true,true,true,static,16,same-target-q-recapture,1
benchmark:middlegame:3,middlegame,29437,14,17,1r3k2/2p2ppp/2Bp4/3Np3/4P3/P7/1PP3bP/R5K1 b - - 0 18,g2e4,100,1,-38,-23,-259,121,87,LOWER,true,true,true,true,static,87,same-target-q-recapture,2
benchmark:middlegame:3,middlegame,36296,16,19,6k1/2p2ppp/p7/4B3/4B3/P7/2P2PPP/b5K1 b - - 0 19,a1e5,330,1,-19,-10,-470,121,0,LOWER,true,true,true,true,static,0,ordinary-nonchecking-capture,1
benchmark:middlegame:3,middlegame,38366,9,12,r4rk1/1Bp2ppp/3p4/n2Np1N1/4n3/P2PK3/1PP3PP/R4b2 w - - 0 16,b7a8,500,1,50,81,-571,121,60,EXACT,true,false,true,true,static,60,ordinary-nonchecking-capture,1
corpus:tail-kiwipete-e1d1:full,tail-kiwipete-e1d1,2031,15,15,r2k3b/p1pp1q2/1n6/8/4n3/5Q2/PPP2PpP/R1K4R w - - 0 9,f3g2,100,1,-263,-217,-483,120,-188,LOWER,true,true,true,true,static,-188,same-target-q-recapture,1
corpus:tail-evasion-f1f2:full,tail-evasion-f1f2,574,12,12,r3k2r/Pppp1ppp/6bN/nP6/2P5/B4P2/P3K2P/3B4 b kq - 0 7,a8a7,100,1,855,870,635,120,890,LOWER,true,true,true,true,static,890,ordinary-nonchecking-capture,3
corpus:tail-evasion-f1f2:full,tail-evasion-f1f2,609,14,14,r6r/Pppp1kpp/6b1/nP6/2P5/B4P2/P4K1P/3B4 b - - 0 8,a8a7,100,1,855,870,635,120,1242,LOWER,true,true,true,true,static,1242,ordinary-nonchecking-capture,3
benchmark:evasion:2,evasion,612,11,13,4k2r/rppp1ppp/6bN/nP6/BBP5/5Q2/1R4PP/6K1 b k - 0 7,a5c4,100,1,-398,-380,-618,120,-387,EXACT,true,false,true,true,static,-387,ordinary-nonchecking-capture,4
benchmark:kiwipete:3,kiwipete,18548,16,19,r3k2r/p1pp4/8/1B1p4/8/2P5/P1P3PP/R1K4n b kq - 0 10,h8h2,100,1,632,658,412,120,667,LOWER,true,true,true,true,static,667,ordinary-nonchecking-capture,1
benchmark:kiwipete:3,kiwipete,32144,12,15,r2k3r/p1p1q1b1/1n2PN2/6B1/4P3/8/P1P1KPPP/R7 b - - 0 8,e7e6,100,1,663,678,443,120,839,LOWER,true,true,true,true,static,839,ordinary-nonchecking-capture,1
benchmark:kiwipete:3,kiwipete,32178,12,15,r2k3r/p1p1q1b1/1n2PN2/6B1/4P3/8/P1P1KPPP/R7 b - - 0 8,e7e6,100,1,663,673,443,120,839,LOWER,true,true,true,true,static,839,ordinary-nonchecking-capture,1
benchmark:middlegame:3,middlegame,6707,5,8,r4r1k/1pp1Bppp/p1np4/2bNp3/2B1P3/P2P4/1PP2PPP/2R2bK1 w - - 0 14,e7f8,500,1,10,12,-610,120,14,LOWER,true,true,true,true,static,14,ordinary-nonchecking-capture,1
benchmark:kiwipete:2,kiwipete,2070,11,13,r3k3/p1pp1p2/Bn4p1/4b3/1B2N3/8/PPP2P1R/R3K3 b Qq - 0 7,e5h2,500,1,-310,-300,-929,119,-299,LOWER,true,true,true,true,static,-299,same-target-q-recapture,2
benchmark:kiwipete:2,kiwipete,2248,11,13,r3k3/p1pp1p2/Bn4p1/4b3/1B2N3/8/PPP2P1R/R3K3 b Qq - 0 7,e5h2,500,1,-310,-287,-929,119,-299,EXACT,true,false,true,true,static,-299,same-target-q-recapture,2
benchmark:evasion:2,evasion,10523,6,8,r3k2r/bppp1p1p/5pbN/nPP5/BB2P3/8/P2P2PP/Q5K1 w kq - 0 5,a1f6,100,1,219,558,0,119,248,EXACT,true,false,true,true,static,248,same-target-q-recapture,2
benchmark:evasion:2,evasion,10686,6,8,r3k2r/bppp1p1p/5pbN/nPP5/BB2P3/8/P2P2PP/Q5K1 w kq - 0 5,a1f6,100,1,219,248,0,119,248,LOWER,true,true,true,true,static,248,same-target-q-recapture,2
benchmark:kiwipete:3,kiwipete,9660,16,19,r3k2B/p1p5/1n2p1p1/3P4/5K2/8/PP4qP/R6R b q - 1 10,g2d5,100,1,616,648,397,119,622,EXACT,true,false,true,false,static,697,ordinary-nonchecking-capture,2
benchmark:kiwipete:3,kiwipete,26207,12,15,r3k2b/p1p1q3/4P1p1/8/1p6/2n5/PPPK1PPP/R6R b q - 0 8,e7e6,100,1,590,649,371,119,652,LOWER,true,true,true,true,static,652,same-target-q-recapture,1
benchmark:middlegame:3,middlegame,39871,7,10,r4k2/1pp2ppp/B1np4/2bNp2n/4P3/P2P4/1PP2PPP/R4K2 w - - 0 15,a6b7,100,1,10,14,-209,119,49,LOWER,true,true,true,true,static,49,ordinary-nonchecking-capture,1
benchmark:kiwipete:2,kiwipete,8367,14,16,r6r/p1pn2b1/4p1p1/3P2k1/1B2P3/8/PPP1NP1P/2K4R w - - 0 9,d5e6,100,1,61,104,-157,118,202,LOWER,true,true,true,true,static,202,ordinary-nonchecking-capture,1
benchmark:evasion:2,evasion,4182,7,9,r3k2r/Pppp1ppp/5nbN/BP6/B1P1P3/5Q2/P5PP/b4K2 b kq - 0 5,a8a7,100,1,42,122,-176,118,222,LOWER,true,true,true,true,static,222,ordinary-nonchecking-capture,2
benchmark:middlegame:2,middlegame,3440,13,15,r4R2/1pp3pp/p1np4/4p1k1/8/P1NPK3/1PP3PP/3R4 b - - 0 17,a8f8,500,1,-11,6,-629,118,210,LOWER,true,true,true,true,static,210,same-target-q-recapture,1
benchmark:middlegame:2,middlegame,5313,5,7,r4rk1/1pp1qppp/p1np4/4p1B1/4Q3/PBNP4/1PP2KPP/R4R2 b - - 0 13,e7g5,330,1,-3,1,-451,118,28,LOWER,true,true,true,true,static,28,ordinary-nonchecking-capture,1
benchmark:kiwipete:3,kiwipete,26188,12,15,r3k2b/p1p1q3/4P1p1/8/1p6/2n5/PPP2PPP/R4K1R b q - 0 8,e7e6,100,1,590,649,372,118,685,LOWER,true,true,true,true,static,685,same-target-q-recapture,1
benchmark:kiwipete:3,kiwipete,26682,0,3,r3k2r/p1ppqpb1/b3Qnp1/3PN3/1pn1P3/2N5/PPPBBPPP/R3K2R b KQkq - 0 2,f7e6,975,1,664,32769,-429,118,678,EXACT,true,false,true,true,static,678,ordinary-nonchecking-capture,1
benchmark:kiwipete:3,kiwipete,28472,20,23,r1B5/p1pPk3/8/8/4n3/2P5/2r2PP1/4K3 b - - 0 12,c2f2,100,1,659,661,441,118,796,LOWER,true,true,true,true,static,796,ordinary-nonchecking-capture,1
benchmark:kiwipete:3,kiwipete,43250,13,16,r1k4N/p1pnq3/6p1/3p4/1p6/2P2Q2/P1P2PpP/R1K4R w - - 0 9,f3g2,100,1,273,290,55,118,366,LOWER,true,true,true,true,static,366,same-target-q-recapture,1
benchmark:kiwipete:3,kiwipete,45932,16,19,7r/4q1b1/Bn2k1p1/8/8/8/PPPK1P1P/R6Q b - - 0 10,g7b2,100,1,-61,-17,-279,118,-17,LOWER,true,true,true,true,static,-17,ordinary-nonchecking-capture,1
benchmark:middlegame:3,middlegame,7105,12,15,r4R2/1pp3pp/p1np4/4p1k1/8/P1NPK3/1PP3PP/3R4 b - - 0 17,a8f8,500,1,-11,-10,-629,118,210,LOWER,true,true,true,true,static,210,same-target-q-recapture,1
benchmark:middlegame:3,middlegame,10623,12,15,2r2R2/1pp3pp/p1npk3/6q1/4P3/P1NP4/1PP1Q1PK/4R3 b - - 0 17,c8f8,500,1,-22,-10,-640,118,126,LOWER,true,true,true,true,static,126,ordinary-nonchecking-capture,1
benchmark:middlegame:3,middlegame,19654,5,8,1r3r2/1pp2kpp/p1np4/2b1q3/4P1b1/P1NP4/1PP1QPPP/R3R1K1 w - - 0 14,e2g4,330,1,10,11,-438,118,20,LOWER,true,true,true,true,static,20,ordinary-nonchecking-capture,1
benchmark:middlegame:3,middlegame,30352,11,14,3r1k2/1pp2ppp/B1np4/3Np3/4n3/P2P4/1PP3PP/R4K2 w - - 0 17,a6b7,100,1,35,88,-183,118,84,EXACT,true,false,true,true,static,84,ordinary-nonchecking-capture,1
benchmark:middlegame:3,middlegame,39705,5,8,r4rk1/1Bp2ppp/2np4/2bNp1Nn/4P3/P2P4/1PP2PPP/R4bK1 w - - 0 14,b7a8,500,1,10,20,-608,118,14,EXACT,true,false,true,true,static,14,ordinary-nonchecking-capture,1
corpus:tail-kiwipete-e1d1:lower,tail-kiwipete-e1d1,1798,10,10,r2k3r/p1pP1pb1/Bn3np1/4q3/4P3/8/PPPK1PQP/R6R b - - 0 6,d8d7,100,1,299,300,82,117,338,LOWER,true,true,true,true,static,338,ordinary-nonchecking-capture,1
benchmark:kiwipete:2,kiwipete,5809,11,13,r2k4/p1pPq1b1/1n3np1/8/4P3/7Q/PPPK1P1P/R6R b - - 0 7,e7e4,100,1,-385,-355,-602,117,-70,LOWER,true,true,true,true,static,-70,ordinary-nonchecking-capture,2
benchmark:kiwipete:2,kiwipete,6716,11,13,r2k4/p1pPq1b1/1n3np1/8/4P3/7Q/PPPK1P1P/R6R b - - 0 7,e7e4,100,1,-385,-351,-602,117,-70,LOWER,true,true,true,true,static,-70,ordinary-nonchecking-capture,2
benchmark:evasion:2,evasion,6495,16,18,4k2r/1Qpp1p1p/6bp/rP6/2P1n3/5R2/6PP/4K3 w k - 0 10,b7c7,100,1,-63,-59,-280,117,141,LOWER,true,true,true,true,static,141,ordinary-nonchecking-capture,4
benchmark:kiwipete:3,kiwipete,28032,8,11,r1n1k3/p1p1q1b1/5nN1/3p4/4P3/2B5/PPP1bPPP/R3K2R b KQq - 0 6,e7e4,100,1,600,621,383,117,608,EXACT,true,false,true,true,static,608,ordinary-nonchecking-capture,1
benchmark:kiwipete:3,kiwipete,29981,7,10,r3k2r/p1p1qpb1/1n2P1p1/4N3/8/1P6/1PPnNPPP/R3K2R w KQkq - 0 6,e5f7,100,1,-708,-616,-925,117,-560,LOWER,true,true,true,true,static,-560,ordinary-nonchecking-capture,1
benchmark:kiwipete:3,kiwipete,35253,8,11,r3k3/p3q1b1/1n3nN1/2pp4/4P3/2B5/PPP1bPPP/R3K2R b KQq - 0 6,e7e4,100,1,631,641,414,117,641,LOWER,true,true,true,true,static,641,ordinary-nonchecking-capture,1
benchmark:middlegame:3,middlegame,5824,5,8,3r1r2/1pp2kpp/p1np4/2b1q3/4P1b1/P1NP4/1PP1QPPP/R4R1K w - - 0 14,e2g4,330,1,10,12,-437,117,51,LOWER,true,true,true,true,static,51,ordinary-nonchecking-capture,1
corpus:tail-kiwipete-e1d1:full,tail-kiwipete-e1d1,5170,12,12,r2k3r/p1pPq1b1/1n3np1/8/4P3/8/PPPK1PQP/R6R b - - 0 7,d8d7,100,1,268,300,52,116,511,LOWER,true,true,true,true,static,511,ordinary-nonchecking-capture,1
corpus:tail-kiwipete-e1d1:full,tail-kiwipete-e1d1,5327,12,12,r2k3r/p1pP1qb1/1n3np1/8/4P3/8/PPPK1PQP/R6R b - - 0 7,d8d7,100,1,263,300,47,116,503,LOWER,true,true,true,true,static,503,ordinary-nonchecking-capture,1
benchmark:middlegame:2,middlegame,1317,5,7,2r2Bk1/1pp2ppp/p1np4/2b1p3/2B1P3/P1NP4/1PP1bPPP/R4R1K b - - 0 13,e2f1,500,1,-8,-3,-624,116,0,LOWER,true,true,true,true,static,0,ordinary-nonchecking-capture,1
benchmark:middlegame:2,middlegame,1929,13,15,r4R2/1pp3pp/p1np4/4p1k1/8/P1NPK3/1PP3PP/R7 b - - 0 17,a8f8,500,1,1,6,-615,116,224,LOWER,true,true,true,true,static,224,same-target-q-recapture,1
benchmark:kiwipete:3,kiwipete,17999,8,11,r3k3/p1p1q1b1/1n3nN1/3p4/4P3/2B5/PPP1bPPP/R3K2R b KQq - 0 6,e7e4,100,1,624,647,408,116,632,EXACT,true,false,true,true,static,632,ordinary-nonchecking-capture,1
benchmark:kiwipete:3,kiwipete,29908,2,5,r3k2r/p1p1qpb1/Bn2pnp1/3PN3/4P3/1pN5/PPPB1PPP/R3K2R b KQkq - 0 3,b3c2,100,1,590,708,374,116,733,LOWER,true,true,true,true,static,733,ordinary-nonchecking-capture,1
benchmark:kiwipete:3,kiwipete,31913,0,3,r3k2r/p1ppqpb1/bn2Qn2/3PN1p1/1p2P3/2N5/PPPBBPPP/R3K2R b KQkq - 0 2,f7e6,975,1,663,32769,-428,116,686,EXACT,true,false,true,true,static,686,ordinary-nonchecking-capture,1
benchmark:middlegame:3,middlegame,12228,13,16,4r3/1pp3pp/p1npk3/8/4P1K1/P1NP4/1PP3PP/4Rr2 w - - 0 18,e1f1,500,1,10,22,-606,116,189,LOWER,true,true,true,true,static,189,same-target-q-recapture,1
benchmark:middlegame:3,middlegame,12862,13,16,4r3/1pp1q1pk/p1np4/4p3/6Q1/P1NPK3/1PP3PP/4Rr2 w - - 0 18,e1f1,500,1,10,14,-606,116,126,LOWER,true,true,true,true,static,126,ordinary-nonchecking-capture,1
benchmark:middlegame:3,middlegame,19184,5,8,5r2/rpp2kpp/p1np4/2b1q3/4P1b1/P1NP4/1PP1QPPP/R3R1K1 w - - 0 14,e2g4,330,1,10,11,-436,116,23,LOWER,true,true,true,true,static,23,ordinary-nonchecking-capture,1
benchmark:middlegame:3,middlegame,30715,9,12,4rBk1/1pp2ppp/B1np4/3Np3/4n3/P2P4/1PP3PP/R3Kb2 w - - 0 16,a6b7,100,1,17,68,-199,116,45,EXACT,true,false,true,true,static,45,ordinary-nonchecking-capture,1
benchmark:evasion:2,evasion,10413,8,10,4k2r/rp1p1p1p/1p3pbN/nP6/BB2P3/8/P2P2PP/Q5K1 w k - 0 6,a1f6,100,1,549,564,334,115,602,LOWER,true,true,true,true,static,602,same-target-q-recapture,2
benchmark:middlegame:2,middlegame,3887,5,7,r4rk1/1pp1qppp/p1np4/4p1B1/2B1R3/P1NP1Q2/1PP2KPP/5R2 b - - 0 13,e7g5,330,1,-27,6,-472,115,31,LOWER,true,true,true,true,static,31,ordinary-nonchecking-capture,1
benchmark:kiwipete:3,kiwipete,9789,8,11,r3k2b/p1p5/1n2Pnp1/2q5/4P3/2B5/PPP1bPPP/R3K2R b KQq - 0 6,f6e4,100,1,616,661,401,115,684,LOWER,true,true,true,true,static,684,ordinary-nonchecking-capture,1
benchmark:kiwipete:3,kiwipete,12561,8,11,1r2k3/p1p1q1b1/1n3nN1/3p4/4P3/2B5/PPP1bPPP/R3K2R b KQ - 0 6,e7e4,100,1,659,661,444,115,668,LOWER,true,true,true,true,static,668,ordinary-nonchecking-capture,1
benchmark:kiwipete:3,kiwipete,26028,10,13,r3k2b/p1p1q3/4Pnp1/8/4P3/2P5/P1PnKPPP/R6R b q - 0 7,e7e6,100,1,603,649,388,115,782,LOWER,true,true,true,true,static,782,same-target-q-recapture,2
benchmark:kiwipete:3,kiwipete,33180,15,18,7r/p1k3b1/4pq2/3P4/4P3/8/P1P1KPPP/b6R w - - 0 10,d5e6,100,1,-670,-663,-885,115,-479,LOWER,true,true,true,true,static,-479,ordinary-nonchecking-capture,1
benchmark:middlegame:3,middlegame,5575,5,8,2r2r2/1pp2kpp/p1np4/2b1q3/4P1b1/P1NP4/1PP1QPPP/R4R1K w - - 0 14,e2g4,330,1,10,12,-435,115,52,LOWER,true,true,true,true,static,52,ordinary-nonchecking-capture,1
benchmark:middlegame:3,middlegame,7561,4,7,r4rk1/1pp1qppp/p1np4/4p1B1/2B1R3/P1NP1Q2/1PP2KPP/5R2 b - - 0 13,e7g5,330,1,-27,-10,-472,115,31,LOWER,true,true,true,true,static,31,ordinary-nonchecking-capture,1
corpus:tail-evasion-f1f2:full,tail-evasion-f1f2,730,12,12,r3k2r/Pppp1ppp/6bN/nP6/B1P5/B4P2/P6P/3K4 b kq - 0 7,a8a7,100,1,855,870,641,114,897,LOWER,true,true,true,true,static,897,ordinary-nonchecking-capture,2
corpus:tail-middlegame-d3d4:full,tail-middlegame-d3d4,260,14,14,r4R2/1pp3pp/p1npk3/6q1/4P3/P1N5/1PP1Q1PK/R7 b - - 0 17,a8f8,500,1,111,123,-503,114,157,LOWER,true,true,true,true,static,157,ordinary-nonchecking-capture,1
benchmark:evasion:2,evasion,797,5,7,r3k2r/Pppp1ppp/6bN/nP6/BBP1n3/5N2/Rp1P2PP/3QK3 b kq - 1 4,a8a7,100,1,-406,-74,-620,114,-380,EXACT,true,false,true,true,static,-380,ordinary-nonchecking-capture,1
benchmark:middlegame:2,middlegame,6507,17,19,r5k1/2p2p1p/p1pB4/8/8/P1PP4/5P1P/R5K1 b - - 0 19,c7d6,330,1,-13,0,-457,114,0,LOWER,true,true,true,true,static,0,ordinary-nonchecking-capture,1
benchmark:kiwipete:3,kiwipete,28877,18,21,2N1k3/p1pp2b1/4P3/8/8/3K4/nPP2PP1/r7 b - - 0 11,d7e6,100,1,641,661,427,114,663,LOWER,true,true,true,true,static,663,same-target-q-recapture,1
benchmark:kiwipete:3,kiwipete,41620,17,20,7r/p1pnk3/6p1/8/1p6/2P5/P1P2PBP/R5K1 w - - 0 11,c3b4,100,1,273,275,59,114,285,LOWER,true,true,true,true,static,285,ordinary-nonchecking-capture,3
benchmark:kiwipete:3,kiwipete,49043,13,16,B4k1r/p2n1pb1/6p1/8/8/8/PPPn1PpP/R3K2R w KQ - 0 9,a8g2,100,1,32,61,-182,114,88,LOWER,true,true,true,true,static,88,same-target-q-recapture,1
benchmark:kiwipete:3,kiwipete,61116,11,14,r1k4r/p1p3b1/1n4Q1/4q3/1p2P3/8/PPPBKPpP/R6R w - - 0 8,g6g2,100,1,32,95,-182,114,55,EXACT,true,false,true,true,static,55,same-target-q-recapture,1
benchmark:evasion:3,evasion,2552,4,7,r3k2r/Pppp1ppp/6bN/nP6/BBP1n3/5N2/Rp1P2PP/3QK3 b kq - 1 4,a8a7,100,1,-406,543,-620,114,-380,EXACT,true,false,true,true,static,-380,ordinary-nonchecking-capture,1
benchmark:middlegame:3,middlegame,11328,14,17,2r2R2/1pp3pp/p1np4/4p1k1/8/P1NPK3/1PP3PP/4R3 b - - 0 18,c8f8,500,1,-22,-19,-636,114,189,LOWER,true,true,true,true,static,189,same-target-q-recapture,1
benchmark:middlegame:3,middlegame,11421,12,15,3r1R2/1pp3pp/p1npk3/6q1/4P3/P1NP4/1PP1Q1PK/4R3 b - - 0 17,d8f8,500,1,-22,-10,-636,114,126,LOWER,true,true,true,true,static,126,ordinary-nonchecking-capture,1
benchmark:middlegame:3,middlegame,22226,16,19,r5k1/2p2p1p/p1pB4/8/8/P1PP4/5P1P/R5K1 b - - 0 19,c7d6,330,1,-13,-10,-457,114,0,LOWER,true,true,true,true,static,0,ordinary-nonchecking-capture,2
corpus:tail-kiwipete-e1d1:full,tail-kiwipete-e1d1,17193,15,15,r3k3/p1pp1p2/1n2q3/8/4n3/5Q2/PKP2PpP/R6R w q - 0 9,f3g2,100,1,-291,-282,-504,113,-195,LOWER,true,true,true,true,static,-195,same-target-q-recapture,1
benchmark:kiwipete:2,kiwipete,10337,5,7,r4k1r/p1pp1pb1/1n2pQp1/3P4/1p2P3/2N4p/PPPBKPPP/R6R b - - 0 4,g7f6,975,1,-98,-85,-1186,113,-80,LOWER,true,true,true,true,static,-80,same-target-q-recapture,2
benchmark:evasion:2,evasion,1840,4,6,4k2r/rppp1ppp/5nbN/nPb5/B1PPP3/5N2/Rp4PP/3Q1RK1 w k - 0 4,a2b2,100,1,559,718,346,113,565,EXACT,true,false,true,true,static,565,ordinary-nonchecking-capture,2
benchmark:middlegame:2,middlegame,3230,5,7,r4rk1/1pp1qppp/p1np4/4p1B1/2B1Q3/P1NP4/1PP2KPP/3R1R2 b - - 0 13,e7g5,330,1,-11,6,-454,113,23,LOWER,true,true,true,true,static,23,ordinary-nonchecking-capture,1
benchmark:kiwipete:3,kiwipete,4069,18,21,r3k3/p1p5/1n2P1q1/8/8/5K2/P5PP/7R b q - 0 11,g6e6,100,1,771,796,558,113,1077,LOWER,true,true,true,true,static,1077,same-target-q-recapture,1
benchmark:kiwipete:3,kiwipete,5392,10,13,r3k3/p1pp1q2/1n6/3P4/8/2p5/PPP1bPPP/R3K2R b KQq - 0 7,c3b2,100,1,710,714,497,113,864,LOWER,true,true,true,true,static,864,ordinary-nonchecking-capture,1
benchmark:kiwipete:3,kiwipete,6135,14,17,r3k3/p1pp4/1n6/8/1p6/2P1K3/P1q2PPP/R6R b q - 0 9,b4c3,100,1,793,854,580,113,1026,LOWER,true,true,true,true,static,1026,ordinary-nonchecking-capture,2
benchmark:kiwipete:3,kiwipete,12745,16,19,1r2k2r/p1pp4/B7/3p4/8/2P5/P1P1K1PP/R6n b k - 0 10,h8h2,100,1,661,668,448,113,721,LOWER,true,true,true,true,static,721,ordinary-nonchecking-capture,1
benchmark:kiwipete:3,kiwipete,28292,17,20,r1B5/p1ppk3/4P3/8/4n3/2P5/r1P1KPP1/8 w - - 0 11,c8d7,100,1,-661,-641,-874,113,-622,LOWER,true,true,true,true,static,-622,ordinary-nonchecking-capture,1
benchmark:kiwipete:3,kiwipete,28444,17,20,r1B5/p1ppk3/4P3/8/4n3/2P5/r1P1KPP1/8 w - - 0 11,c8d7,100,1,-661,-659,-874,113,-622,LOWER,true,true,true,true,static,-622,ordinary-nonchecking-capture,1
benchmark:kiwipete:3,kiwipete,36429,8,11,N2k3r/p2p1pb1/B3p1p1/8/1p2q3/7p/PPPB1PPP/R2K3R b - - 1 6,h3g2,100,1,225,293,12,113,335,LOWER,true,true,true,true,static,335,ordinary-nonchecking-capture,1
benchmark:kiwipete:3,kiwipete,43197,15,18,r1k2q1Q/p1pn4/4p1p1/3P4/8/4K3/PpP2PPP/R6R w - - 1 10,h8b2,100,1,273,290,60,113,368,LOWER,true,true,true,true,static,368,ordinary-nonchecking-capture,1
benchmark:middlegame:3,middlegame,6918,4,7,r4rk1/1pp1qppp/p1np4/4p1B1/2B1Q3/P1NP4/1PP2KPP/3R1R2 b - - 0 13,e7g5,330,1,-11,-10,-454,113,23,LOWER,true,true,true,true,static,23,ordinary-nonchecking-capture,1
benchmark:middlegame:3,middlegame,36836,16,19,B5k1/2p2p1p/p7/4p3/4P3/P7/1bP2P1P/R5K1 b - - 0 19,b2a1,500,1,-23,-10,-636,113,0,LOWER,true,true,true,true,static,0,ordinary-nonchecking-capture,1
corpus:promotion-stalemate-resource:full,promotion-stalemate-resource,6,2,2,1R1r4/8/8/8/8/8/p1k5/K7 w - - 1 2,b8d8,500,1,0,32769,-612,112,108,EXACT,true,false,true,true,static,108,promotion-context-not-promotion-move,1
corpus:promotion-stalemate-resource:upper,promotion-stalemate-resource,5,2,2,1R1r4/8/8/8/8/8/p1k5/K7 w - - 1 2,b8d8,500,1,0,1,-612,112,108,LOWER,true,true,true,true,static,108,promotion-context-not-promotion-move,1
benchmark:middlegame:2,middlegame,1049,4,6,r4r2/1pp2kpp/p1np4/2b1q3/4P1b1/P1NP4/1PP1QPPP/R4RK1 w - - 0 13,e2g4,330,1,-6,241,-448,112,46,EXACT,true,false,true,true,static,46,ordinary-nonchecking-capture,1
benchmark:middlegame:2,middlegame,1677,5,7,r4rk1/1pp1qppp/p1np4/4p1B1/2B1Q3/P1NP4/1PP2KPP/R4R2 b - - 0 13,e7g5,330,1,-6,6,-448,112,28,LOWER,true,true,true,true,static,28,ordinary-nonchecking-capture,2
benchmark:middlegame:2,middlegame,2823,13,15,r4R2/1pp3pp/p1np4/4p1k1/8/P1NPK3/1PP3PP/2R5 b - - 0 17,a8f8,500,1,-12,6,-624,112,214,LOWER,true,true,true,true,static,214,same-target-q-recapture,1
benchmark:middlegame:2,middlegame,4629,5,7,r4rk1/1pp1qppp/p1np4/4p1B1/2B1Q3/P1NP4/RPP2KPP/5R2 b - - 0 13,e7g5,330,1,-1,1,-443,112,34,LOWER,true,true,true,true,static,34,ordinary-nonchecking-capture,1
benchmark:middlegame:2,middlegame,5496,13,15,r4R2/1pp3pp/p1np4/4p1k1/8/P1NPK3/1PP3PP/R7 b - - 0 17,a8f8,500,1,-3,1,-615,112,224,LOWER,true,true,true,true,static,224,same-target-q-recapture,1
benchmark:kiwipete:3,kiwipete,3077,14,17,r3k3/p1p3b1/1n6/8/8/2p2K2/PPq2PPP/R6R b q - 1 9,c2b2,100,1,825,842,613,112,992,LOWER,true,true,true,true,static,992,ordinary-nonchecking-capture,1
benchmark:kiwipete:3,kiwipete,5330,14,17,r3k3/p1pp1N2/1n2P3/8/8/8/P1P1KPPP/7r b q - 0 9,h1h2,100,1,714,752,502,112,764,LOWER,true,true,true,true,static,764,ordinary-nonchecking-capture,1
benchmark:kiwipete:3,kiwipete,50579,10,13,r5k1/p1pPqpb1/Bn4p1/8/4P3/7P/PPPK1P1P/R6R b - - 0 7,e7e4,100,1,219,223,7,112,409,LOWER,true,true,true,true,static,409,ordinary-nonchecking-capture,1
benchmark:evasion:3,evasion,7788,7,10,r6r/Pppp1kpp/1P3n2/nP6/B2Nb3/8/P2q2PP/Q4RK1 w - - 0 6,b6c7,100,1,-414,-387,-626,112,-32756,UPPER,false,false,false,false,mate,-423,mate,1
benchmark:middlegame:3,middlegame,6390,12,15,r4R2/1pp3pp/p1np4/4p1k1/8/P1NPK3/1PP3PP/2R5 b - - 0 17,a8f8,500,1,-12,-10,-624,112,214,LOWER,true,true,true,true,static,214,same-target-q-recapture,1
corpus:tail-kiwipete-e1d1:full,tail-kiwipete-e1d1,13614,18,18,r7/p1pk2b1/1n4N1/8/8/7p/PPPK2PP/7R b - - 0 10,h3g2,100,1,282,291,71,111,419,LOWER,true,true,true,true,static,419,ordinary-nonchecking-capture,1
corpus:tail-kiwipete-e1d1:full,tail-kiwipete-e1d1,15232,15,15,r2k3N/p1pp1Pb1/1n6/8/4n3/8/PPPpKP1P/R6r w - - 0 9,a1h1,500,1,-283,-282,-894,111,-232,LOWER,true,true,true,true,static,-232,ordinary-nonchecking-capture,1
corpus:tail-evasion-:full,tail-evasion-,868,7,7,r3k2r/Pppp1ppp/5nbN/nP6/2PbP3/B4N2/P5PP/3B1R1K b kq - 1 4,d4a7,100,1,405,410,194,111,424,LOWER,true,true,true,true,static,424,ordinary-nonchecking-capture,2
corpus:tail-evasion-:full,tail-evasion-,905,7,7,r3k2r/Pppp1ppp/5nbN/nP6/2PbP3/B4N2/P5PP/3B1R1K b kq - 0 4,d4a7,100,1,405,410,194,111,424,LOWER,true,true,true,true,static,424,ordinary-nonchecking-capture,2
benchmark:middlegame:2,middlegame,2232,5,7,r4rk1/1pp1qppp/p1np4/4p1B1/2B1Q3/P1NP4/1PP2KPP/1R3R2 b - - 0 13,e7g5,330,1,-4,6,-445,111,31,LOWER,true,true,true,true,static,31,ordinary-nonchecking-capture,1
benchmark:kiwipete:3,kiwipete,5720,6,9,r3k2N/p1pp1pb1/4q3/3n4/1p2P3/8/PPPBbPPP/R3K2R b KQq - 0 5,e6e4,100,1,703,810,492,111,714,EXACT,true,false,true,true,static,714,ordinary-nonchecking-capture,1
benchmark:kiwipete:3,kiwipete,41612,16,19,7r/p1pPk3/1n4p1/8/1p6/2P5/P1P2PKP/R4B2 b - - 0 10,e7d7,100,1,-275,-273,-486,111,-239,LOWER,true,true,true,true,static,-239,ordinary-nonchecking-capture,3
benchmark:middlegame:3,middlegame,12118,13,16,3r4/1pp1q1pk/p1np4/4p3/6Q1/P1NPK3/1PP3PP/4Rr2 w - - 0 18,e1f1,500,1,20,22,-591,111,142,LOWER,true,true,true,true,static,142,ordinary-nonchecking-capture,1
benchmark:evasion:2,evasion,2278,7,9,r3k2r/Pppp1ppp/5n1N/BP6/B1P5/5b2/P2P2PP/R5K1 b kq - 0 5,a8a7,100,1,107,154,-103,110,159,LOWER,true,true,true,true,static,159,ordinary-nonchecking-capture,4
benchmark:evasion:2,evasion,3119,7,9,r3k2r/Pppp1ppp/5n1N/BP6/B1P5/5b2/P2P2PP/R5K1 b kq - 0 5,a8a7,100,1,107,146,-103,110,159,LOWER,true,true,true,true,static,159,ordinary-nonchecking-capture,4
benchmark:middlegame:2,middlegame,2469,13,15,r4R2/1pp3pp/p1np4/4p1k1/8/P1NPK3/1PP3PP/1R6 b - - 0 17,a8f8,500,1,-4,6,-614,110,226,LOWER,true,true,true,true,static,226,same-target-q-recapture,1
benchmark:middlegame:2,middlegame,2621,5,7,r4rk1/1pp1qppp/p1np4/4p1B1/2B1Q3/P1NP4/1PP2KPP/2R2R2 b - - 0 13,e7g5,330,1,-12,6,-452,110,21,LOWER,true,true,true,true,static,21,ordinary-nonchecking-capture,1
benchmark:middlegame:2,middlegame,2819,12,14,r7/1pp1q1pk/p1np4/4p3/6Q1/P1NPK3/1PP3PP/2R2r2 w - - 0 17,c1f1,500,1,-6,12,-616,110,151,LOWER,true,true,true,true,static,151,ordinary-nonchecking-capture,1
benchmark:middlegame:2,middlegame,5003,5,7,r4rk1/1pp1qppp/p1np4/4p1B1/2B1Q3/P1NP4/1PP2KPP/R3R3 b - - 0 13,e7g5,330,1,-16,1,-456,110,19,LOWER,true,true,true,true,static,19,ordinary-nonchecking-capture,1
benchmark:kiwipete:3,kiwipete,27978,10,13,r1n1k2b/p1p5/4Pqp1/8/4P3/8/PPP1bPPP/R3K2R b KQq - 0 7,f6e6,100,1,590,600,380,110,724,LOWER,true,true,true,true,static,724,same-target-q-recapture,1
benchmark:kiwipete:3,kiwipete,47973,17,20,5k2/3p1pb1/Np4p1/8/1p2n3/8/PPP2PK1/R6r w - - 0 11,a1h1,500,1,32,35,-578,110,75,LOWER,true,true,true,true,static,75,ordinary-nonchecking-capture,1
benchmark:evasion:3,evasion,16983,10,13,r3k2N/Pppp2pp/5nb1/nP6/3bP3/5N2/P5PP/5R1K b q - 1 7,d4a7,100,1,466,543,256,110,510,EXACT,true,false,true,true,static,510,ordinary-nonchecking-capture,1
benchmark:middlegame:3,middlegame,6212,4,7,r4rk1/1pp1qppp/p1np4/4p1B1/2B1Q3/P1NP4/1PP2KPP/2R2R2 b - - 0 13,e7g5,330,1,-12,-10,-452,110,21,LOWER,true,true,true,true,static,21,ordinary-nonchecking-capture,1
benchmark:middlegame:3,middlegame,11322,13,16,2r5/1pp1q1pk/p1np4/4p3/6Q1/P1NPK3/1PP3PP/4Rr2 w - - 0 18,e1f1,500,1,19,22,-591,110,142,LOWER,true,true,true,true,static,142,ordinary-nonchecking-capture,1
benchmark:middlegame:3,middlegame,17003,4,7,r4rk1/1pp1qppp/p1np4/4p1B1/2B1Q3/P1NP4/1PP2KPP/R3R3 b - - 0 13,e7g5,330,1,-16,-10,-456,110,19,LOWER,true,true,true,true,static,19,ordinary-nonchecking-capture,1
benchmark:middlegame:3,middlegame,30766,14,17,4rk2/2p2ppp/2Bp4/3Np3/4P3/P7/1PP3bP/R3K3 b - - 0 18,g2e4,100,1,-47,-17,-257,110,-28,EXACT,true,false,true,true,static,-28,ordinary-nonchecking-capture,1
corpus:tail-kiwipete-e1d1:full,tail-kiwipete-e1d1,19984,10,10,r2k3r/p1pP1pb1/Bn3np1/4q3/4P3/8/PPPK1PQP/R6R b - - 0 6,d8d7,100,1,291,300,82,109,338,LOWER,true,true,true,true,static,338,ordinary-nonchecking-capture,1
benchmark:middlegame:2,middlegame,6917,13,15,r4R2/1pp3pp/p1npk3/6q1/4P3/P1NP4/1PP1Q1PK/R7 b - - 0 17,a8f8,500,1,-19,-13,-628,109,151,LOWER,true,true,true,true,static,151,ordinary-nonchecking-capture,2
benchmark:kiwipete:3,kiwipete,3812,8,11,r3k2b/p1p1q3/1n2P1p1/8/1p6/2P5/P1PBbPPP/R3K2R b KQq - 0 6,e7e6,100,1,744,758,535,109,949,LOWER,true,true,true,true,static,949,same-target-q-recapture,1
benchmark:middlegame:3,middlegame,36477,18,21,B5k1/2p2p1p/p7/8/8/P7/1bP2P1P/R5K1 b - - 0 20,b2a1,500,1,-28,-18,-637,109,0,LOWER,true,true,true,true,static,0,ordinary-nonchecking-capture,1
benchmark:middlegame:3,middlegame,36866,16,19,B5k1/2p2p1p/p7/4p3/4P3/P7/1bP2P1P/R5K1 b - - 0 19,b2a1,500,1,-27,-16,-636,109,0,LOWER,true,true,true,true,static,0,ordinary-nonchecking-capture,1
corpus:tactical:full,tactical,5,2,2,4k3/8/4p3/3p4/2P1P3/8/8/4K3 w - - 0 2,e4d5,100,1,174,1142,-34,108,413,EXACT,true,false,true,true,static,413,same-target-q-recapture,1
corpus:tail-kiwipete-e1d1:full,tail-kiwipete-e1d1,15482,22,22,r2k3N/p1pp1Pb1/1n6/8/4n3/8/PPb4P/R3K2R b - - 1 12,g7b2,100,1,282,283,74,108,-32744,UPPER,false,false,false,false,mate,74,mate,1
benchmark:tactical:2,tactical,3,0,2,4k3/8/4p3/3p4/2P1P3/8/8/4K3 w - - 0 2,e4d5,100,1,174,32769,-34,108,413,EXACT,true,false,true,true,static,413,ordinary-nonchecking-capture,1
benchmark:evasion:2,evasion,1319,11,13,r3k2r/Pppp1ppp/7N/nP6/BBP5/8/R5PP/1N3K2 b kq - 0 7,a8a7,100,1,-401,-380,-609,108,-329,LOWER,true,true,true,true,static,-329,ordinary-nonchecking-capture,2
benchmark:kiwipete:3,kiwipete,3952,7,10,r3k2N/p1p1q1b1/1n2p1p1/3P4/8/2n5/PPP1bPPP/R3K2R w KQq - 0 6,h8g6,100,1,-819,-744,-1027,108,-771,EXACT,true,false,true,true,static,-771,ordinary-nonchecking-capture,1
benchmark:kiwipete:3,kiwipete,28497,20,23,r1B1k3/p1ppN3/4P3/8/4K3/2r5/5PP1/8 b q - 0 12,d7e6,100,1,659,661,451,108,662,LOWER,true,true,true,true,static,662,ordinary-nonchecking-capture,2
benchmark:kiwipete:3,kiwipete,32031,8,11,r3k2r/p1pnq1b1/4Pn2/6B1/4P3/2p5/PPP1KPPP/R6R b kq - 0 6,e7e6,100,1,663,686,455,108,837,LOWER,true,true,true,true,static,837,ordinary-nonchecking-capture,6
benchmark:middlegame:3,middlegame,36145,18,21,6k1/2p2pBp/p7/8/8/P7/2P2PBP/b5K1 b - - 0 20,a1g7,330,1,-38,-10,-476,108,0,LOWER,true,true,true,true,static,0,ordinary-nonchecking-capture,2
benchmark:middlegame:3,middlegame,36878,16,19,B5k1/2p2p1p/p2p4/4B3/4P3/P7/2P2P1P/b5K1 b - - 0 19,a1e5,330,1,-16,-10,-454,108,27,LOWER,true,true,true,true,static,27,ordinary-nonchecking-capture,2
benchmark:middlegame:3,middlegame,40079,5,8,r3nrk1/1Bp2ppp/2np4/2bNp1N1/4P3/P2P4/1PP2PPP/R4bK1 w - - 0 14,b7a8,500,1,10,26,-598,108,23,EXACT,true,false,true,true,static,23,ordinary-nonchecking-capture,1
corpus:promotion-stalemate-resource:full,promotion-stalemate-resource,11,2,2,1R1r4/8/8/8/2k5/8/p7/K7 w - - 1 2,b8d8,500,1,0,20,-607,107,109,LOWER,true,true,true,true,static,109,promotion-context-not-promotion-move,1
corpus:promotion-stalemate-resource:upper,promotion-stalemate-resource,9,2,2,1R1r4/8/8/8/2k5/8/p7/K7 w - - 1 2,b8d8,500,1,0,1,-607,107,109,LOWER,true,true,true,true,static,109,promotion-context-not-promotion-move,1
corpus:tail-kiwipete-e1d1:full,tail-kiwipete-e1d1,4372,9,9,r3k2b/p1ppq3/1n2pnp1/3P4/4P3/5Q2/PPPK1PpP/R6R w q - 0 6,f3g2,100,1,-263,-217,-470,107,-126,LOWER,true,true,true,true,static,-126,same-target-q-recapture,1
benchmark:kiwipete:3,kiwipete,2814,5,8,r3k2r/p1p1qpb1/1n2P1p1/4N3/1p6/8/PPPnNPPP/R3K2R w KQkq - 0 5,e5f7,100,1,-842,-748,-1049,107,-715,LOWER,true,true,true,true,static,-715,ordinary-nonchecking-capture,1
benchmark:kiwipete:3,kiwipete,14410,10,13,3rk2N/p1p1qp2/1n2p3/3P4/4n3/2P5/P1P1KPPP/R6R b - - 0 7,d8d5,100,1,598,602,391,107,614,LOWER,true,true,true,true,static,614,ordinary-nonchecking-capture,1
benchmark:kiwipete:3,kiwipete,31681,10,13,r3k2b/p1p5/1n2pq2/3P4/4P3/2p5/PPP1KPPP/R6R b q - 0 7,c3b2,100,1,590,657,383,107,664,LOWER,true,true,true,true,static,664,ordinary-nonchecking-capture,1
benchmark:kiwipete:3,kiwipete,38972,11,14,r6r/p1pk1p2/Bn4p1/8/1p6/2P2Q2/P1P1KP1P/R6r w - - 0 8,a1h1,500,1,256,310,-351,107,294,EXACT,true,false,true,false,static,396,same-target-q-recapture,1
benchmark:kiwipete:3,kiwipete,43680,13,16,r2k3r/p1pn2Q1/4p1p1/3P4/8/2p5/PPP1KP1P/R6q w - - 0 9,a1h1,975,1,273,290,-809,107,291,LOWER,true,true,true,true,static,291,same-target-q-recapture,1
benchmark:evasion:3,evasion,694,9,12,r3k2r/Pp1p2pp/1p4b1/nP6/q1P1P3/8/P2P2PP/Q5NK w - - 0 7,a1g7,100,1,-558,-556,-765,107,-491,LOWER,true,true,true,true,static,-491,ordinary-nonchecking-capture,1
benchmark:middlegame:3,middlegame,30788,14,17,5rk1/2p2ppp/2Bp4/3Np3/4P3/P7/1PP3bP/R3K3 b - - 0 18,g2e4,100,1,-28,-17,-235,107,115,LOWER,true,true,true,true,static,115,ordinary-nonchecking-capture,1
benchmark:middlegame:3,middlegame,33746,11,14,r4Bk1/1pp3pp/p7/4n3/4P1b1/P2P4/1PP2PPP/R4nK1 w - - 0 17,f8g7,100,-1,74,111,-133,107,113,LOWER,true,true,true,true,static,113,SEE-negative,1
corpus:tail-kiwipete-e1d1:full,tail-kiwipete-e1d1,17140,9,9,r3k2b/p1pp1p2/1n2qn2/8/4P3/5Q1p/PPPpKPPP/R6R w q - 0 6,e2d2,100,1,-291,-282,-497,106,-290,EXACT,true,false,true,true,static,-290,ordinary-nonchecking-capture,1
benchmark:kiwipete:2,kiwipete,8386,17,19,7r/p2p2b1/1n1kP3/8/1p2P3/8/PPP1NP1P/2K4R b - - 0 10,d7e6,100,1,-104,-96,-310,106,-86,LOWER,true,true,true,true,static,-86,same-target-q-recapture,2
benchmark:middlegame:2,middlegame,3436,12,14,r7/1pp1q1pk/p1np4/4p3/6Q1/P1NPK3/1PP3PP/3R1r2 w - - 0 17,d1f1,500,1,-6,11,-612,106,151,LOWER,true,true,true,true,static,151,ordinary-nonchecking-capture,1
benchmark:middlegame:2,middlegame,4327,14,16,4r3/1pp3pp/p1npk3/8/4P1K1/P1NP4/1PP3PP/4Rr2 w - - 0 18,e1f1,500,1,0,7,-606,106,189,LOWER,true,true,true,true,static,189,same-target-q-recapture,1
benchmark:kiwipete:3,kiwipete,43029,14,17,7r/p1pnk1b1/4P1p1/8/8/2p4p/PPP2PPP/R2K3R b - - 0 9,e7e6,100,1,-290,-273,-496,106,-163,LOWER,true,true,true,true,static,-163,same-target-q-recapture,1
benchmark:kiwipete:3,kiwipete,61210,12,15,r1k4r/p1p3b1/1n4Q1/8/1p2P3/7P/PqPBKP1P/R6R b - - 0 8,b2c2,100,1,-76,-55,-282,106,-70,EXACT,true,false,true,true,static,-70,ordinary-nonchecking-capture,1
benchmark:middlegame:3,middlegame,12122,14,17,3r1R2/1pp3pp/p1np4/4p1k1/8/P1NPK3/1PP3PP/4R3 b - - 0 18,d8f8,500,1,-22,-20,-628,106,189,LOWER,true,true,true,true,static,189,same-target-q-recapture,1
corpus:tail-kiwipete-e1d1:full,tail-kiwipete-e1d1,4854,18,18,r2k3b/p1pp4/1n2P3/8/8/8/PPPK1P1P/7R b - - 0 10,d7e6,100,1,238,263,33,105,256,EXACT,true,false,true,true,static,256,same-target-q-recapture,2
corpus:tail-kiwipete-e1d1:full,tail-kiwipete-e1d1,18368,18,18,r2k3b/p1pp4/1n2P3/8/8/8/PPPK1P1P/7R b - - 0 10,d7e6,100,1,238,291,33,105,256,EXACT,true,false,true,true,static,256,same-target-q-recapture,2
benchmark:middlegame:2,middlegame,231,12,14,r7/1pp3pp/p1npk3/8/4P1K1/P1NP4/1PP3PP/R4r2 w - - 0 17,a1f1,500,1,-10,96,-615,105,224,LOWER,true,true,true,true,static,224,same-target-q-recapture,2
benchmark:kiwipete:3,kiwipete,5375,10,13,r3k3/p1pp1q2/1n6/3n4/4P3/2p5/PPP1KPPP/R6R b q - 0 7,c3b2,100,1,710,714,505,105,864,LOWER,true,true,true,true,static,864,ordinary-nonchecking-capture,1
benchmark:kiwipete:3,kiwipete,9636,16,19,r3k2B/p1p5/1n2p1p1/3P4/8/3K4/PP4qP/R6R b q - 1 10,e6d5,100,1,617,648,412,105,674,LOWER,true,true,true,true,static,674,ordinary-nonchecking-capture,2
benchmark:middlegame:3,middlegame,26771,9,12,r4r1k/1pp2ppp/B1np4/3Np1n1/8/P2P4/1PP1K1PP/R4R2 w - - 0 16,a6b7,100,1,10,96,-195,105,61,EXACT,true,false,true,true,static,61,ordinary-nonchecking-capture,1
corpus:promotion-stalemate-resource:full,promotion-stalemate-resource,9,2,2,1R1r4/8/8/8/8/2k5/p7/K7 w - - 1 2,b8d8,500,1,0,20,-604,104,115,LOWER,true,true,true,true,static,115,promotion-context-not-promotion-move,1
corpus:promotion-stalemate-resource:upper,promotion-stalemate-resource,7,2,2,1R1r4/8/8/8/8/2k5/p7/K7 w - - 1 2,b8d8,500,1,0,1,-604,104,115,LOWER,true,true,true,true,static,115,promotion-context-not-promotion-move,1
benchmark:kiwipete:2,kiwipete,4179,10,12,r6r/p1pk1pb1/Bn4p1/8/4Q3/8/PPPp1PpP/R2K3R w - - 0 7,e4g2,100,1,283,310,79,104,321,LOWER,true,true,true,true,static,321,same-target-q-recapture,2
benchmark:evasion:2,evasion,9089,14,16,4k2r/1Qpp1p1p/5R1p/1Pb5/r7/8/1R1P2PP/7K w k - 0 9,b7c7,100,1,880,889,676,104,1088,LOWER,true,true,true,true,static,1088,ordinary-nonchecking-capture,2
benchmark:kiwipete:3,kiwipete,9635,16,19,r3k2B/p1p5/1n2p1p1/3P4/8/3K4/PP4qP/R6R b q - 1 10,b6d5,100,1,616,648,412,104,617,EXACT,true,false,true,false,static,674,ordinary-nonchecking-capture,2
benchmark:kiwipete:3,kiwipete,12488,8,11,1r2k2b/p1p1q3/1n2Pnp1/8/4P3/2B5/PPP1bPPP/R3K2R b KQ - 0 6,e7e6,100,1,590,659,386,104,765,LOWER,true,true,true,true,static,765,same-target-q-recapture,1
benchmark:kiwipete:3,kiwipete,20159,6,9,r3k2r/p1p1qN2/1n2PnpB/8/4P3/2p5/PPP1bPPP/R3K2R b KQkq - 0 5,e7e6,100,1,599,671,395,104,714,LOWER,true,true,true,true,static,714,ordinary-nonchecking-capture,1
benchmark:kiwipete:3,kiwipete,22012,20,23,r3k3/p1pp1p2/B7/3K4/8/8/PPP4q/R7 b q - 0 12,h2c2,100,1,1000,1048,796,104,1040,EXACT,true,false,true,true,static,1040,ordinary-nonchecking-capture,1
benchmark:kiwipete:3,kiwipete,22431,10,13,r3k2r/p1p1q3/Bn2P1p1/8/4n3/2p5/PPP2PPP/R1K4R b kq - 0 7,e7e6,100,1,899,919,695,104,1081,LOWER,true,true,true,true,static,1081,same-target-q-recapture,1
benchmark:kiwipete:3,kiwipete,32389,6,9,r3k2r/p1pnq1b1/4Pn2/6p1/1p2P3/8/PPPBNPPP/R3K2R b KQkq - 0 5,e7e6,100,1,663,686,459,104,701,LOWER,true,true,true,true,static,701,ordinary-nonchecking-capture,2
benchmark:kiwipete:3,kiwipete,43166,20,23,r1k2n2/p1p5/4P1p1/8/8/3K4/P1P2PPP/R7 b - - 0 12,f8e6,100,1,-282,-273,-486,104,67,LOWER,true,true,true,true,static,67,ordinary-nonchecking-capture,1
benchmark:middlegame:3,middlegame,8263,7,10,r4r1k/1pp2ppp/p1np4/3Np1q1/2B1n3/P2P1Q2/1PP1K1PP/4RR2 w - - 0 15,f3e4,320,1,20,22,-404,104,23,LOWER,true,true,true,true,static,23,ordinary-nonchecking-capture,1
benchmark:middlegame:3,middlegame,15990,5,8,r4r2/1pp2kpp/pbnp4/4q3/4P1b1/P1NP4/1PP1QPPP/4RRK1 w - - 0 14,e2g4,330,1,10,17,-424,104,51,LOWER,true,true,true,true,static,51,ordinary-nonchecking-capture,1
benchmark:middlegame:3,middlegame,16213,6,9,r4r2/bpp1k1pp/p1np1q2/4N3/4P1Q1/P1NP4/1PP2PPP/4RRK1 b - - 0 14,f6e5,320,1,-17,-13,-441,104,-2,LOWER,true,true,true,true,static,-2,ordinary-nonchecking-capture,1
benchmark:middlegame:3,middlegame,30280,11,14,3n1rk1/1pp2ppp/B2p4/3Np3/4n3/P2P4/1PP3PP/R4K2 w - - 0 17,a6b7,100,-1,10,77,-194,104,64,EXACT,true,false,true,true,static,64,SEE-negative,1
benchmark:middlegame:3,middlegame,36471,18,21,B5k1/2p2p1p/p7/8/8/P7/1bP2PKP/R7 b - - 0 20,b2a1,500,1,-28,-10,-632,104,6,LOWER,true,true,true,true,static,6,ordinary-nonchecking-capture,1
corpus:tail-kiwipete-e1d1:full,tail-kiwipete-e1d1,6074,12,12,r6N/p1pk2b1/1n3np1/8/4Q3/7p/PPPp1PPP/R2K3R b - - 0 7,f6e4,975,1,210,263,-868,103,272,LOWER,true,true,true,true,static,272,same-target-q-recapture,1
corpus:tail-kiwipete-e1d1:full,tail-kiwipete-e1d1,12984,12,12,r6N/p1pk2b1/1n3np1/8/4Q3/7p/PPPp1PPP/R2K3R b - - 0 7,f6e4,975,1,210,282,-868,103,340,LOWER,true,true,true,true,static,340,same-target-q-recapture,1
corpus:tail-kiwipete-e1d1:full,tail-kiwipete-e1d1,14152,14,14,r6r/p1pp2b1/Bn3kp1/8/4P3/7p/PPPK1PPP/R6R b - - 0 8,h3g2,100,1,282,291,79,103,480,LOWER,true,true,true,true,static,480,ordinary-nonchecking-capture,1
benchmark:kiwipete:3,kiwipete,35283,12,15,r3k3/p5b1/1n4q1/2pP4/8/8/PPP1bPPP/R3K2R b KQq - 0 8,g6g2,100,1,631,641,428,103,738,LOWER,true,true,true,true,static,738,ordinary-nonchecking-capture,1
benchmark:kiwipete:3,kiwipete,44617,9,12,r6r/p1ppkp2/Bn2p1p1/4b3/8/8/PPPp1PQP/R2K3R w - - 0 7,d1d2,100,1,273,292,70,103,366,LOWER,true,true,true,true,static,366,ordinary-nonchecking-capture,1
benchmark:kiwipete:3,kiwipete,51947,15,18,2k5/p1pn4/1n2p1p1/3P4/4P3/2P4P/P1P2q1P/R2K3R w - - 0 10,d5e6,100,1,-76,-29,-279,103,146,LOWER,true,true,true,true,static,146,ordinary-nonchecking-capture,1
benchmark:middlegame:3,middlegame,14267,7,10,r4rk1/1pp2ppp/B1np4/4pbq1/8/P1NP4/1PP1Q1PP/4RRK1 w - - 0 15,a6b7,100,1,10,17,-193,103,45,LOWER,true,true,true,true,static,45,ordinary-nonchecking-capture,1
benchmark:middlegame:3,middlegame,14326,10,13,r4Bk1/1pp2ppp/B1np4/4p3/8/P2b1N2/1PP1R1PP/5RK1 b - - 0 16,d3e2,500,1,-17,-10,-620,103,32,LOWER,true,true,true,true,static,32,ordinary-nonchecking-capture,1
benchmark:middlegame:3,middlegame,14704,18,21,r5k1/2p3pp/p1pB4/8/4P3/P1N5/1PP3KP/8 b - - 0 20,c7d6,330,1,-17,-10,-450,103,338,LOWER,true,true,true,true,static,338,same-target-q-recapture,1
benchmark:middlegame:3,middlegame,30600,9,12,4rrk1/1pp2ppp/B1np4/3Np1n1/8/P2P4/1PP1K1PP/R4R2 w - - 0 16,a6b7,100,1,10,103,-193,103,68,EXACT,true,false,true,true,static,68,ordinary-nonchecking-capture,1
benchmark:middlegame:3,middlegame,36906,16,19,B5k1/2p2p1p/p2p4/4b3/4P3/P7/2P2P1P/R5K1 b - - 0 19,e5a1,500,1,-16,-10,-619,103,-10,LOWER,true,true,true,true,static,-10,ordinary-nonchecking-capture,1
benchmark:evasion:2,evasion,9632,2,4,r3k2r/bppp1ppp/5nbN/nPP5/BB2P3/5N2/Rp1P2PP/3Q1RK1 w kq - 0 3,a2b2,100,1,860,1065,658,102,936,EXACT,true,false,true,true,static,936,ordinary-nonchecking-capture,2
benchmark:kiwipete:3,kiwipete,22687,10,13,r3k2r/p1p1q3/Bn2P1p1/8/4n3/2p5/PPP2PPP/R3K2R b kq - 0 7,e7e6,100,1,903,919,701,102,1077,LOWER,true,true,true,true,static,1077,same-target-q-recapture,1
benchmark:kiwipete:3,kiwipete,26013,6,9,r3k3/p1p1q1b1/b3pnN1/3P4/4P3/2p5/PPPnBPPP/R3K2R b KQq - 0 5,c3b2,100,1,590,649,388,102,685,LOWER,true,true,true,true,static,685,ordinary-nonchecking-capture,1
benchmark:kiwipete:3,kiwipete,26234,12,15,r3k2b/p1p1q3/4P1p1/8/1p6/2n2K2/PPP2PPP/R6R b q - 0 8,e7e6,100,1,590,649,388,102,697,LOWER,true,true,true,true,static,697,same-target-q-recapture,1
benchmark:kiwipete:3,kiwipete,26387,12,15,r3k2b/p1p1q3/4P1p1/8/1p2n3/8/PPP1KPPP/R6R b q - 0 8,e7e6,100,1,590,649,388,102,787,LOWER,true,true,true,true,static,787,same-target-q-recapture,2
benchmark:middlegame:3,middlegame,40225,7,10,r3nk2/1pp2ppp/B1np4/2bNp3/4P3/P2P4/1PP2PPP/5RK1 w - - 0 15,a6b7,100,1,10,23,-192,102,65,LOWER,true,true,true,true,static,65,ordinary-nonchecking-capture,1
corpus:tail-kiwipete-e1d1:full,tail-kiwipete-e1d1,12992,18,18,r7/p1pk2b1/1n4N1/8/8/7p/PPPK2PP/7R b - - 0 10,h3g2,100,1,272,282,71,101,419,LOWER,true,true,true,true,static,419,ordinary-nonchecking-capture,1
corpus:tail-kiwipete-e1d1:lower,tail-kiwipete-e1d1,288,20,20,r6R/p1ppk1b1/1n6/8/4P3/8/P1PK1P1P/R7 b - - 0 11,a8h8,500,1,299,300,-302,101,322,LOWER,true,true,true,true,static,322,ordinary-nonchecking-capture,3
benchmark:evasion:2,evasion,6814,11,13,r3k2N/Pppp2pp/5nb1/nP6/2PQP3/5R2/q5PP/R3K3 b q - 1 7,a2g2,100,1,-242,-99,-443,101,-227,EXACT,true,false,true,true,static,-227,ordinary-nonchecking-capture,2
benchmark:kiwipete:3,kiwipete,1230,6,9,r3k2N/p1pp1pb1/4q3/3n4/1p2P3/8/PPPBbPPP/R3K2R b KQq - 0 5,e6e4,100,1,693,797,492,101,714,EXACT,true,false,true,true,static,714,ordinary-nonchecking-capture,1
benchmark:kiwipete:3,kiwipete,3929,13,16,r3k2N/p1p1q3/4p1p1/3n4/8/2P5/P1P1K1PP/7R w q - 0 9,h8g6,100,1,-819,-744,-1020,101,-683,LOWER,true,true,true,true,static,-683,ordinary-nonchecking-capture,1
benchmark:kiwipete:3,kiwipete,13993,14,17,4k2N/p1p3b1/1n3np1/8/4P3/8/P1PK1PPP/r6R b - - 0 9,a1h1,500,1,646,673,45,101,681,LOWER,true,true,true,true,static,681,ordinary-nonchecking-capture,1
benchmark:kiwipete:3,kiwipete,31860,8,11,r6r/p1p1q1b1/Bn2kn2/6B1/4P3/2p5/PPP2PPP/R3K2R b KQ - 0 6,c3b2,100,1,657,663,456,101,804,LOWER,true,true,true,true,static,804,ordinary-nonchecking-capture,3
benchmark:evasion:3,evasion,6359,6,9,r3k2r/Pppp1ppp/5nbN/BP6/Q1P1P3/8/P2P2PP/b6K b kq - 0 5,a8a7,100,1,282,302,81,101,351,LOWER,true,true,true,true,static,351,ordinary-nonchecking-capture,1
benchmark:middlegame:3,middlegame,30273,11,14,3r2k1/1pp2ppp/B1np4/3Np3/4n3/P2P4/1PP3PP/R4K2 w - - 0 17,a6b7,100,1,10,88,-191,101,77,EXACT,true,false,true,true,static,77,ordinary-nonchecking-capture,1
benchmark:middlegame:3,middlegame,30993,9,12,4rrk1/2p2ppp/p1np4/3Np1q1/4P3/P4R2/1PP1Q1PP/R5K1 w - - 0 16,e2a6,100,1,68,75,-133,101,75,LOWER,true,true,true,true,static,75,same-target-q-recapture,1
corpus:tail-kiwipete-e1d1:full,tail-kiwipete-e1d1,20344,9,9,r2k3r/p1pp1Pb1/Bn3np1/4q3/4P3/8/PPPp1PQP/R2K3R w - - 0 6,d1d2,100,1,-300,-291,-500,100,-288,LOWER,true,true,true,true,static,-288,ordinary-nonchecking-capture,1
corpus:tail-kiwipete-e1d1:lower,tail-kiwipete-e1d1,1981,9,9,r2k3r/p1pp1Pb1/Bn3np1/4q3/4P3/8/PPPp1PQP/R2K3R w - - 0 6,d1d2,100,1,-300,-299,-500,100,-299,LOWER,true,true,true,true,static,-299,ordinary-nonchecking-capture,1
benchmark:kiwipete:3,kiwipete,12856,20,23,4k3/p1pp4/B3p3/8/8/2N1K3/PrP3r1/7R b - - 0 12,b2c2,100,1,662,668,462,100,712,LOWER,true,true,true,true,static,712,ordinary-nonchecking-capture,1
benchmark:kiwipete:3,kiwipete,20318,8,11,r3k2N/p1p5/1n2qnpb/8/4P3/2B5/PPP1bPPP/R3K2R b KQq - 0 6,f6e4,100,1,650,671,450,100,731,LOWER,true,true,true,true,static,731,ordinary-nonchecking-capture,1
benchmark:kiwipete:3,kiwipete,28320,20,23,r1B5/p1pPk3/8/8/4n3/2P5/2r2PP1/4K3 b - - 0 12,c2f2,100,1,641,661,441,100,796,LOWER,true,true,true,true,static,796,ordinary-nonchecking-capture,1
benchmark:kiwipete:3,kiwipete,41596,15,18,7r/p1pk4/1n4p1/8/1p6/2P4p/P1P2PPP/R4BK1 w - - 0 10,c3b4,100,1,273,296,73,100,275,EXACT,true,false,true,true,static,275,ordinary-nonchecking-capture,3
benchmark:kiwipete:3,kiwipete,43196,20,23,r1k2n2/p1p5/4P1p1/8/8/4K3/P1P2PPP/R7 b - - 0 12,f8e6,100,1,-290,-273,-490,100,64,LOWER,true,true,true,true,static,64,ordinary-nonchecking-capture,1
benchmark:kiwipete:3,kiwipete,44356,18,21,7r/p3k1b1/Bn2P3/8/1p6/8/PPPK1P1P/7R b - - 0 11,e7e6,100,1,-280,-277,-480,100,-87,LOWER,true,true,true,true,static,-87,same-target-q-recapture,1
benchmark:kiwipete:3,kiwipete,51875,16,19,2k5/p1pn1qb1/4P1p1/8/4K3/7P/PPP2P1P/R6R b - - 0 10,f7f2,100,1,73,76,-127,100,94,LOWER,true,true,true,true,static,94,ordinary-nonchecking-capture,2
benchmark:middlegame:3,middlegame,36502,18,21,B5k1/2p2pBp/p7/8/8/P7/2P2P1P/b5K1 b - - 0 20,g8g7,330,1,-18,-10,-448,100,-6,LOWER,true,true,true,true,static,-6,ordinary-nonchecking-capture,1
benchmark:middlegame:3,middlegame,36507,18,21,B5k1/2p2pbp/p7/8/8/P7/2P2P1P/R5K1 b - - 0 20,g7a1,500,1,-18,-10,-618,100,0,LOWER,true,true,true,true,static,0,ordinary-nonchecking-capture,1
benchmark:middlegame:3,middlegame,39888,7,10,r4k2/1pp2ppp/B1np4/2bNp2n/4P3/P2P4/1PP2PPP/5RK1 w - - 0 15,a6b7,100,1,10,14,-190,100,16,LOWER,true,true,true,true,static,16,ordinary-nonchecking-capture,1
corpus:promotion-stalemate-resource:full,promotion-stalemate-resource,10,2,2,1R1r4/8/8/8/k7/8/p7/K7 w - - 1 2,b8d8,500,1,0,20,-599,99,92,LOWER,true,true,true,true,static,92,promotion-context-not-promotion-move,1
corpus:promotion-stalemate-resource:upper,promotion-stalemate-resource,8,2,2,1R1r4/8/8/8/k7/8/p7/K7 w - - 1 2,b8d8,500,1,0,1,-599,99,92,LOWER,true,true,true,true,static,92,promotion-context-not-promotion-move,1
corpus:tail-kiwipete-e1d1:full,tail-kiwipete-e1d1,4152,16,16,r2k3b/p1pp1p2/1n2Q3/8/4P3/8/PPPK1P1P/7R b - - 0 9,f7e6,975,1,261,263,-813,99,281,LOWER,true,true,true,true,static,281,ordinary-nonchecking-capture,1
corpus:tail-kiwipete-e1d1:full,tail-kiwipete-e1d1,11279,16,16,r2k3b/p1pp1p2/1n2Q3/8/4P3/8/PPPK1P1P/7R b - - 0 9,f7e6,975,1,261,282,-813,99,281,EXACT,true,false,true,true,static,281,ordinary-nonchecking-capture,1
corpus:tail-kiwipete-e1d1:full,tail-kiwipete-e1d1,16562,8,8,r4k1r/p1pp1Pb1/Bn3np1/4q3/4P3/5Q1p/PPPK1PPP/R6R b - - 0 5,f8f7,100,1,282,291,83,99,385,LOWER,true,true,true,true,static,385,ordinary-nonchecking-capture,2
benchmark:evasion:2,evasion,3566,7,9,r3k2r/Pppp1p1p/5nbp/nP6/BBP1P3/8/1R1P1KPP/3Q4 b kq - 0 5,a8a7,100,1,-415,-319,-614,99,-202,LOWER,true,true,true,true,static,-202,ordinary-nonchecking-capture,2
benchmark:middlegame:2,middlegame,4323,13,15,4rR2/1pp3pp/p1npk3/6q1/4P3/P1NP4/1PP1Q1PK/4R3 b - - 0 17,e8f8,500,1,-7,0,-606,99,126,LOWER,true,true,true,true,static,126,ordinary-nonchecking-capture,1
benchmark:middlegame:2,middlegame,5035,5,7,r4rk1/1pp1qppp/p1np4/4p1B1/2B1R3/P1NP1Q2/1PP2KPP/R7 b - - 0 13,e7g5,330,1,-16,1,-445,99,59,LOWER,true,true,true,true,static,59,ordinary-nonchecking-capture,1
benchmark:middlegame:2,middlegame,5087,11,13,r4r2/1pp1Q1pp/p1np4/5kn1/6b1/P1NP1N2/1PP3PP/R3RK2 b - - 0 16,c6e7,975,1,-16,1,-1090,99,19,LOWER,true,true,true,true,static,19,same-target-q-recapture,1
benchmark:kiwipete:3,kiwipete,1280,8,11,r6r/p1pN1kb1/4q1p1/8/1p2P3/8/PPPBbPPP/R3K2R b KQ - 0 6,e6e4,100,1,771,797,572,99,801,LOWER,true,true,true,true,static,801,ordinary-nonchecking-capture,1
benchmark:kiwipete:3,kiwipete,5358,10,13,r7/p1pp1k2/1n2q3/3P4/8/2p5/PPP1bPPP/R3K2R b KQ - 0 7,e6d5,100,1,703,714,504,99,710,EXACT,true,false,true,true,static,710,same-target-q-recapture,1
benchmark:kiwipete:3,kiwipete,5526,6,9,r3k2N/p1pp1pb1/1n2q3/8/1p2P3/2P5/P1PBbPPP/R3K2R b KQq - 0 5,e6e4,100,1,771,833,572,99,792,EXACT,true,false,true,true,static,792,ordinary-nonchecking-capture,1
benchmark:kiwipete:3,kiwipete,7630,14,17,r3k2b/p1pn4/6p1/3P4/8/8/P1P1KPPP/R7 b q - 0 9,h8a1,500,1,839,851,240,99,849,EXACT,true,false,true,true,static,849,same-target-q-recapture,1
benchmark:kiwipete:3,kiwipete,17320,10,13,r3k2b/p1p1q3/4Pnp1/8/4P3/2P5/P1Pn1PPP/R3K2R b KQq - 0 7,e7e6,100,1,590,613,391,99,772,LOWER,true,true,true,true,static,772,same-target-q-recapture,1
benchmark:kiwipete:3,kiwipete,28919,18,21,2N1k3/p1pp2b1/4P3/8/8/2n2K2/rPP2PP1/8 b - - 0 11,a2b2,100,1,641,643,442,99,683,LOWER,true,true,true,true,static,683,ordinary-nonchecking-capture,2
benchmark:kiwipete:3,kiwipete,31934,4,7,r3k2r/p1ppq1b1/Bn2pn2/3PN1B1/4P3/2p5/PPP2PPP/R3K2R b KQkq - 0 4,c3b2,100,1,663,686,464,99,789,LOWER,true,true,true,true,static,789,ordinary-nonchecking-capture,2
benchmark:kiwipete:3,kiwipete,44029,16,19,2rk3N/p1pp4/1n2P3/8/1p6/7P/P1PK1P1P/R7 b - - 0 10,d7e6,100,1,-281,-273,-480,99,-237,LOWER,true,true,true,true,static,-237,ordinary-nonchecking-capture,1
benchmark:kiwipete:3,kiwipete,55152,10,13,r6r/p1p2Pb1/3k1qp1/8/2B1P3/7p/PPPK1PPP/R6R b - - 0 7,f6b2,100,1,279,289,80,99,292,LOWER,true,true,true,true,static,292,ordinary-nonchecking-capture,1
benchmark:middlegame:3,middlegame,17035,4,7,r4rk1/1pp1qppp/p1np4/4p1B1/2B1R3/P1NP1Q2/1PP2KPP/R7 b - - 0 13,e7g5,330,1,-16,-10,-445,99,59,LOWER,true,true,true,true,static,59,ordinary-nonchecking-capture,1
benchmark:middlegame:3,middlegame,17079,10,13,r4r2/1pp1Q1pp/p1np4/5kn1/6b1/P1NP1N2/1PP3PP/R3RK2 b - - 0 16,c6e7,975,1,-16,-10,-1090,99,19,LOWER,true,true,true,true,static,19,same-target-q-recapture,1
benchmark:middlegame:3,middlegame,36862,16,19,B5k1/2p2p1p/p7/4p3/8/P2P4/1bP2P1P/R5K1 b - - 0 19,b2a1,500,1,-27,-16,-626,99,10,LOWER,true,true,true,true,static,10,ordinary-nonchecking-capture,1
corpus:tail-kiwipete-e1d1:lower,tail-kiwipete-e1d1,2072,10,10,r4k1r/p1pp1Pb1/Bn3np1/4q3/4P3/8/PPPK1PQP/R6R b - - 0 6,f8f7,100,1,299,300,101,98,525,LOWER,true,true,true,true,static,525,ordinary-nonchecking-capture,2
corpus:tail-evasion-:full,tail-evasion-,1650,9,9,r3k2r/Pppp1ppp/5nbN/qPP5/4P3/5N2/P5PP/Q4RK1 b kq - 0 5,a5a7,100,1,326,342,128,98,378,LOWER,true,true,true,true,static,378,ordinary-nonchecking-capture,3
benchmark:kiwipete:2,kiwipete,10936,15,17,r7/p1pP1p2/1n4p1/6k1/4P3/2P4r/P1P1KP1P/R6R b - - 0 9,b6d7,100,1,-90,-61,-288,98,167,LOWER,true,true,true,true,static,167,ordinary-nonchecking-capture,1
benchmark:middlegame:2,middlegame,5935,13,15,r4R2/1pp3pp/p1np4/4p1k1/8/P1NPK3/1PP3PP/R7 b - - 0 17,a8f8,500,1,-17,1,-615,98,224,LOWER,true,true,true,true,static,224,same-target-q-recapture,1
benchmark:middlegame:2,middlegame,6476,13,15,r5k1/2p2ppp/p1pB4/4p3/4P3/P1PP4/5PPP/R5K1 b - - 0 17,c7d6,330,1,-13,0,-441,98,0,LOWER,true,true,true,true,static,0,ordinary-nonchecking-capture,1
benchmark:kiwipete:3,kiwipete,10970,10,13,r2qk3/p1p2N2/1n2p3/3P4/4n3/2b5/PPP1KPPP/R6R b q - 0 7,d8d5,100,1,590,605,392,98,658,LOWER,true,true,true,true,static,658,ordinary-nonchecking-capture,2
benchmark:kiwipete:3,kiwipete,28425,16,19,r1n5/p1pPk3/B7/8/4n3/2P5/P1P1KPP1/r7 b - - 0 10,e7d7,100,1,659,661,461,98,989,LOWER,true,true,true,true,static,989,same-target-q-recapture,1
benchmark:kiwipete:3,kiwipete,43993,8,11,2rk3r/p1pp2b1/1n2p1N1/3P4/1p2N3/7p/PPPB1PPP/R3K2R b KQ - 0 6,h3g2,100,1,-286,-273,-484,98,-233,LOWER,true,true,true,true,static,-233,ordinary-nonchecking-capture,1
benchmark:kiwipete:3,kiwipete,66439,14,17,r7/p1pP1p2/1n4p1/6k1/4P3/2P4r/P1P1KP1P/R6R b - - 0 9,b6d7,100,1,-90,-49,-288,98,167,LOWER,true,true,true,true,static,167,ordinary-nonchecking-capture,1
benchmark:middlegame:3,middlegame,4787,12,15,5r2/1pp3kp/p1np4/2b5/4P3/P1NP4/1PP2PPP/5R1K b - - 0 17,f8f2,100,1,-12,-10,-210,98,82,LOWER,true,true,true,true,static,82,ordinary-nonchecking-capture,3
benchmark:middlegame:3,middlegame,8011,7,10,r4r1k/1pp2ppp/p1np4/3Bp1q1/4n3/P1NP1Q2/1PP1K1PP/4RR2 w - - 0 15,f3e4,320,1,13,20,-405,98,27,LOWER,true,true,true,true,static,27,ordinary-nonchecking-capture,1
benchmark:middlegame:3,middlegame,21501,12,15,r4R2/1pp3pp/p1np4/4p1k1/8/P1NPK3/1PP3PP/R7 b - - 0 17,a8f8,500,1,-17,-10,-615,98,224,LOWER,true,true,true,true,static,224,same-target-q-recapture,1
benchmark:middlegame:3,middlegame,22195,12,15,r5k1/2p2ppp/p1pB4/4p3/4P3/P1PP4/5PPP/R5K1 b - - 0 17,c7d6,330,1,-13,-10,-441,98,0,LOWER,true,true,true,true,static,0,ordinary-nonchecking-capture,2
benchmark:middlegame:3,middlegame,32591,7,10,r4rk1/1pp2ppp/B1np4/3Np2b/4Q3/P2P1N2/1PP3qP/R3KR2 w - - 0 15,a6b7,100,1,72,111,-126,98,112,LOWER,true,true,true,true,static,112,ordinary-nonchecking-capture,1
benchmark:middlegame:3,middlegame,32738,11,14,r4k2/1pp2ppp/B1np4/3Np3/4n3/P2P4/1PP3PP/R4K2 w - - 0 17,a6b7,100,1,10,72,-188,98,73,LOWER,true,true,true,true,static,73,ordinary-nonchecking-capture,4
benchmark:middlegame:3,middlegame,36894,16,19,B5k1/2p2p1p/p2p4/4B3/8/P2P4/2P2P1P/b5K1 b - - 0 19,a1e5,330,1,-16,-10,-444,98,37,LOWER,true,true,true,true,static,37,ordinary-nonchecking-capture,1
benchmark:middlegame:3,middlegame,38169,5,8,r4rk1/1pp2ppp/B2p4/n2Np1q1/4n1b1/P2P1N2/1PP1Q1PP/R4RK1 w - - 0 14,a6b7,100,-1,38,111,-160,98,50,EXACT,true,false,true,true,static,50,SEE-negative,1
benchmark:middlegame:3,middlegame,38259,11,14,5rk1/1pp2ppp/B2p4/n2Np3/4n3/P2P4/1PP3PP/R4K2 w - - 0 17,a6b7,100,-1,10,45,-188,98,69,LOWER,true,true,true,true,static,69,SEE-negative,1
corpus:tail-evasion-:full,tail-evasion-,1100,7,7,r3k2r/Pppp1ppp/5nbN/nP6/2PbP3/B4N2/P5PP/3B1R1K b kq - 0 4,d4a7,100,1,391,410,194,97,424,LOWER,true,true,true,true,static,424,ordinary-nonchecking-capture,1
corpus:tail-evasion-:lower,tail-evasion-,488,7,7,r3k2r/Pppp1ppp/5nbN/nP6/2PbP3/B4N2/P5PP/3B1R1K b kq - 0 4,d4a7,100,1,391,392,194,97,424,LOWER,true,true,true,true,static,424,ordinary-nonchecking-capture,1
benchmark:kiwipete:2,kiwipete,11052,18,20,r6r/p1B2pB1/1n4p1/8/4k3/8/PPP1KP1P/R6q w - - 0 11,a1h1,975,1,61,115,-1011,97,81,EXACT,true,false,true,true,static,81,ordinary-nonchecking-capture,4
benchmark:kiwipete:3,kiwipete,16289,12,15,r4k2/p1p2qb1/1n3n2/8/4P3/8/PPP1KPPP/R6R b - - 0 8,f6e4,100,1,590,608,393,97,760,LOWER,true,true,true,true,static,760,ordinary-nonchecking-capture,1
benchmark:kiwipete:3,kiwipete,27328,8,11,r3k2r/p1p3b1/B3Pqp1/8/4P3/2p5/PPPn1PPP/R3K2R b KQkq - 0 6,f6e6,100,1,664,678,467,97,799,LOWER,true,true,true,true,static,799,same-target-q-recapture,1
benchmark:middlegame:3,middlegame,20372,12,15,2r2r2/1pp1Q1pp/p1np4/5kn1/6b1/P1NP1N2/1PP3PP/R3RK2 b - - 0 17,c6e7,975,1,-11,-10,-1083,97,27,LOWER,true,true,true,true,static,27,same-target-q-recapture,1
benchmark:middlegame:3,middlegame,30298,9,12,3B1rk1/1pp2ppp/B1np4/3Np3/4n3/P2P4/1PP3PP/R3Kb2 w - - 0 16,a6b7,100,1,10,88,-187,97,35,EXACT,true,false,true,true,static,35,ordinary-nonchecking-capture,1
benchmark:middlegame:3,middlegame,32102,9,12,r3r1k1/1pp2ppp/B1np4/3Np1n1/8/P2P4/1PP1K1PP/R4R2 w - - 0 16,a6b7,100,1,10,101,-187,97,67,EXACT,true,false,true,true,static,67,ordinary-nonchecking-capture,1
benchmark:middlegame:3,middlegame,36329,16,19,B5k1/2p2ppp/p7/4b3/8/P7/2P2PPP/R5K1 b - - 0 19,e5a1,500,1,-19,-10,-616,97,0,LOWER,true,true,true,true,static,0,ordinary-nonchecking-capture,1
benchmark:middlegame:3,middlegame,36483,18,21,B5k1/2p2pBp/p7/8/8/P7/2P2PKP/b7 b - - 0 20,g8g7,330,1,-18,-10,-445,97,0,LOWER,true,true,true,true,static,0,ordinary-nonchecking-capture,2
corpus:promotion-positional-resource:lower,promotion-positional-resource,4,2,2,1Q1r4/8/8/7q/2k5/8/p7/K7 w - - 1 2,b8d8,500,1,-390,-389,-986,96,-321,LOWER,true,true,true,true,static,-321,promotion-context-not-promotion-move,1
corpus:tail-kiwipete-e1d1:full,tail-kiwipete-e1d1,740,16,16,r4k2/p2P1p2/1n4p1/4b3/8/7r/PPPK1P1P/R6R b - - 0 9,b6d7,100,1,222,253,26,96,462,LOWER,true,true,true,true,static,462,ordinary-nonchecking-capture,2
corpus:tail-evasion-:upper,tail-evasion-,322,7,7,r3k2r/Pppp1ppp/5nbN/nPq5/B3P3/5N2/P2P2PP/Q4R1K b kq - 1 4,c5a7,100,1,390,391,194,96,402,LOWER,true,true,true,true,static,402,ordinary-nonchecking-capture,1
benchmark:kiwipete:3,kiwipete,10168,6,9,r3k2r/p1pn2b1/4Pnp1/2q5/1p2P3/8/PPPBNPPP/R3K2R b KQkq - 0 5,f6e4,100,1,697,722,501,96,793,LOWER,true,true,true,true,static,793,ordinary-nonchecking-capture,1
benchmark:kiwipete:3,kiwipete,23950,8,11,r3kb1N/p1p1q3/1n2Pnp1/8/4P3/8/PPPKbPPP/R6R b q - 0 6,e7e6,100,1,590,649,394,96,807,LOWER,true,true,true,true,static,807,ordinary-nonchecking-capture,2
benchmark:kiwipete:3,kiwipete,30342,10,13,r3k3/p1p1q1b1/1n2PnN1/8/4P3/2N5/Pq1BKPPP/R6R b q - 0 7,e7e6,100,1,615,708,419,96,809,LOWER,true,true,true,true,static,809,ordinary-nonchecking-capture,1
benchmark:kiwipete:3,kiwipete,30805,10,13,r3k2r/p1p1q1b1/Bn2P1p1/8/8/8/NPPK1PPP/R6R b kq - 0 7,e7e6,100,1,594,708,398,96,917,LOWER,true,true,true,true,static,917,ordinary-nonchecking-capture,1
benchmark:kiwipete:3,kiwipete,43440,15,18,r3kq1Q/p1pn4/4p1p1/3P4/8/4K3/PpP2PPP/R6R w - - 1 10,h8b2,100,1,273,289,77,96,319,LOWER,true,true,true,true,static,319,ordinary-nonchecking-capture,1
benchmark:evasion:3,evasion,6321,6,9,r3k2r/Pppp1ppp/5nbN/BP6/Q1P1P3/8/P2P2PP/b4K2 b kq - 0 5,a8a7,100,1,285,304,89,96,353,LOWER,true,true,true,true,static,353,ordinary-nonchecking-capture,1
benchmark:middlegame:3,middlegame,11425,13,16,3r4/1pp3pp/p1npk3/8/4P1K1/P1NP4/1PP3PP/4Rr2 w - - 0 18,e1f1,500,1,10,22,-586,96,210,LOWER,true,true,true,true,static,210,same-target-q-recapture,1
benchmark:middlegame:3,middlegame,16284,5,8,r4r2/bpp2kpp/p1np4/4q3/4P1b1/P1NP4/1PP1QPPP/4RRK1 w - - 0 14,e2g4,330,1,13,17,-413,96,51,LOWER,true,true,true,true,static,51,ordinary-nonchecking-capture,1
benchmark:middlegame:3,middlegame,30722,14,17,4rk2/2p2ppp/2Bp4/3Np3/4P3/P7/1PP3bP/R3K3 b - - 0 18,g2e4,100,1,-61,-51,-257,96,-42,LOWER,true,true,true,true,static,-42,ordinary-nonchecking-capture,2
benchmark:middlegame:3,middlegame,36312,18,21,B5k1/2p2pBp/p7/8/8/P7/2P2PKP/b7 b - - 0 20,g8g7,330,1,-19,-10,-445,96,0,LOWER,true,true,true,true,static,0,ordinary-nonchecking-capture,2
corpus:tail-kiwipete-e1d1:full,tail-kiwipete-e1d1,13800,8,8,r2k3r/p1pp1Pb1/Bn3np1/4q3/4P3/5Q1p/PPPK1PPP/R6R b - - 0 5,e5e4,100,1,282,291,87,95,292,LOWER,true,true,true,true,static,292,ordinary-nonchecking-capture,1
corpus:tail-kiwipete-e1d1:full,tail-kiwipete-e1d1,17243,16,16,r4k1b/p1pp1p2/1n2Q3/8/4P3/8/PPPK1P1P/7R b - - 0 9,f7e6,975,1,282,290,-788,95,295,LOWER,true,true,true,true,static,295,ordinary-nonchecking-capture,1
benchmark:middlegame:2,middlegame,3696,13,15,4rR2/1pp3pp/p1npk3/6q1/4P3/P1NP4/1PP1Q1PK/3R4 b - - 0 17,e8f8,500,1,4,6,-591,95,142,LOWER,true,true,true,true,static,142,ordinary-nonchecking-capture,1
benchmark:kiwipete:3,kiwipete,27091,10,13,r3k2r/p1p3b1/4Pqp1/8/4P3/2p5/PPP1KPPP/R6R b kq - 0 7,f6e6,100,1,664,678,469,95,791,LOWER,true,true,true,true,static,791,ordinary-nonchecking-capture,7
benchmark:kiwipete:3,kiwipete,32225,12,15,r4k1r/p1p5/1n2Pq2/8/4P3/2P5/P1P1bPPP/R3K2R b KQ - 0 8,f6e6,100,1,673,677,478,95,822,LOWER,true,true,true,true,static,822,same-target-q-recapture,1
benchmark:kiwipete:3,kiwipete,42524,21,24,8/p1pp4/Bn2p3/3k4/1P6/5K2/P1P5/R6r w - - 0 13,a1h1,500,1,273,282,-322,95,404,LOWER,true,true,true,true,static,404,same-target-q-recapture,2
benchmark:evasion:3,evasion,16972,12,15,4k2N/rppp2pp/5nb1/nP6/3NP3/8/P5PP/5R1K b - - 0 8,g6e4,100,1,466,543,271,95,475,EXACT,true,false,true,true,static,475,ordinary-nonchecking-capture,1
benchmark:middlegame:3,middlegame,33683,11,14,r4B2/1pp3pp/p3k3/4n3/4P1b1/P2P4/1PP2PPP/R4nK1 w - - 0 17,f8g7,100,1,74,111,-121,95,111,LOWER,true,true,true,true,static,111,ordinary-nonchecking-capture,1
corpus:promotion-positional-resource:lower,promotion-positional-resource,3,2,2,1Q1r4/8/8/7q/k7/8/p7/K7 w - - 1 2,b8d8,500,1,-390,-389,-984,94,-386,LOWER,true,true,true,true,static,-386,promotion-context-not-promotion-move,1
corpus:tail-kiwipete-e1d1:full,tail-kiwipete-e1d1,1046,14,14,r3k2r/p2nNpb1/4P3/8/8/7p/PPPnKPPP/R6R b - - 0 8,h3g2,100,1,261,263,67,94,291,LOWER,true,true,true,true,static,291,ordinary-nonchecking-capture,1
corpus:tail-kiwipete-e1d1:full,tail-kiwipete-e1d1,8042,14,14,r3k2r/p2nNpb1/4P3/8/8/7p/PPPnKPPP/R6R b - - 0 8,h3g2,100,1,261,266,67,94,291,LOWER,true,true,true,true,static,291,ordinary-nonchecking-capture,1
corpus:tail-kiwipete-e1d1:full,tail-kiwipete-e1d1,11297,16,16,r4k1b/p1pp1p2/1n2Q3/8/4P3/8/PPPK1P1P/7R b - - 0 9,f7e6,975,1,281,282,-788,94,295,LOWER,true,true,true,true,static,295,ordinary-nonchecking-capture,1
benchmark:kiwipete:2,kiwipete,3563,9,11,r6r/p1ppk3/Bn2P1p1/4B3/1p6/7p/PPP2PPP/R3K2R b KQ - 0 6,h3g2,100,1,-310,-301,-504,94,-236,LOWER,true,true,true,true,static,-236,ordinary-nonchecking-capture,2
benchmark:evasion:2,evasion,7878,7,9,r3k2r/Pppp1ppp/5nbN/BP6/Q1P1P3/5N2/P5PP/b6K b kq - 0 5,a8a7,100,1,44,75,-150,94,123,LOWER,true,true,true,true,static,123,ordinary-nonchecking-capture,4
benchmark:middlegame:2,middlegame,3078,13,15,4rR2/1pp3pp/p1npk3/6q1/4P3/P1NP4/1PP1Q1PK/2R5 b - - 0 17,e8f8,500,1,3,6,-591,94,142,LOWER,true,true,true,true,static,142,ordinary-nonchecking-capture,1
benchmark:kiwipete:3,kiwipete,10202,14,17,r3k2b/p1pn4/5n2/8/4P3/8/PPq2PPP/R4K1R b q - 1 9,c2e4,100,1,705,722,511,94,898,LOWER,true,true,true,true,static,898,ordinary-nonchecking-capture,1
benchmark:middlegame:3,middlegame,32200,7,10,r3r1k1/1pp1Bppp/B1np4/3Np3/4n3/P2P4/1PP1b1PP/R3KR2 w - - 0 15,a6b7,100,1,10,101,-184,94,57,EXACT,true,false,true,true,static,57,ordinary-nonchecking-capture,1
benchmark:middlegame:3,middlegame,32557,9,12,r4rk1/1pp2ppp/B1np4/3Np1n1/8/P2P4/1PP1K1PP/R4R2 w - - 0 16,a6b7,100,1,10,111,-184,94,72,EXACT,true,false,true,true,static,72,ordinary-nonchecking-capture,2
benchmark:middlegame:3,middlegame,33916,9,12,r4rk1/1pp2ppp/B1np4/3Np1n1/8/P2P4/1PP1K1PP/R4R2 w - - 0 16,a6b7,100,1,10,92,-184,94,72,EXACT,true,false,true,true,static,72,ordinary-nonchecking-capture,1
benchmark:middlegame:3,middlegame,34623,9,12,r4rk1/1pp2ppp/B1np4/3Np1n1/8/P2P4/1PP1K1PP/R4R2 w - - 0 16,a6b7,100,1,10,110,-184,94,72,EXACT,true,false,true,true,static,72,ordinary-nonchecking-capture,1
corpus:promotion-positional-resource:lower,promotion-positional-resource,1,2,2,1Q1r4/8/8/7q/8/k7/p7/K7 w - - 1 2,b8d8,500,1,-390,-389,-983,93,-389,LOWER,true,true,true,true,static,-389,promotion-context-not-promotion-move,1
corpus:promotion-positional-resource:lower,promotion-positional-resource,2,2,2,1Q1r4/8/8/7q/8/2k5/p7/K7 w - - 1 2,b8d8,500,1,-390,-389,-983,93,-318,LOWER,true,true,true,true,static,-318,promotion-context-not-promotion-move,1
corpus:tail-kiwipete-e1d1:full,tail-kiwipete-e1d1,13407,12,12,r6r/p1pk1p2/Bn4p1/4b3/4P3/7p/PPPK1PPP/R6R b - - 0 7,h3g2,100,1,282,291,89,93,527,LOWER,true,true,true,true,static,527,ordinary-nonchecking-capture,2
corpus:tail-kiwipete-e1d1:full,tail-kiwipete-e1d1,17391,10,10,r3k2b/p1pp1p2/1n2qn2/8/4P3/7p/PPPQ1PPP/R2K3R b q - 0 6,e6e4,100,1,282,291,89,93,351,LOWER,true,true,true,true,static,351,ordinary-nonchecking-capture,1
corpus:tail-kiwipete-e1d1:full,tail-kiwipete-e1d1,18912,20,20,r6R/p1ppk1b1/1n6/8/4P3/8/P1PK1P1P/R7 b - - 0 11,a8h8,500,1,291,300,-302,93,322,LOWER,true,true,true,true,static,322,ordinary-nonchecking-capture,2
benchmark:kiwipete:3,kiwipete,5230,10,13,r7/p1pp1k2/1n2q3/3n4/1p2P3/8/PPPK1PPP/R6R b - - 0 7,e6e4,100,1,703,772,510,93,896,LOWER,true,true,true,true,static,896,ordinary-nonchecking-capture,1
benchmark:kiwipete:3,kiwipete,9341,12,15,r3k2b/p1p5/1n2Pnp1/8/4P3/8/PPq2PPP/R4K1R b q - 1 8,c2e4,100,1,643,697,450,93,810,LOWER,true,true,true,true,static,810,ordinary-nonchecking-capture,1
benchmark:kiwipete:3,kiwipete,13657,12,15,2B1k3/p1ppq3/1n2p1p1/3Pb3/4K3/8/PPP2PPR/R7 b - - 0 8,e5h2,500,1,590,673,-3,93,596,EXACT,true,false,true,false,static,769,same-target-q-recapture,1
benchmark:kiwipete:3,kiwipete,14580,8,11,3k3r/p1p1q1b1/1n2Pnp1/8/4P3/2B5/PPP1bPPP/R3K2R b KQ - 0 6,e7e6,100,1,590,649,397,93,784,LOWER,true,true,true,true,static,784,same-target-q-recapture,1
benchmark:kiwipete:3,kiwipete,21317,8,11,r3k2r/p1p1qN2/1n2Pnp1/8/4P3/2K5/PPP1bPPP/R6R b kq - 0 6,e7e6,100,1,856,955,663,93,880,EXACT,true,false,true,false,static,981,ordinary-nonchecking-capture,1
benchmark:kiwipete:3,kiwipete,22830,9,12,r3k2N/p1p1q3/1n2pnp1/3P4/4P3/4K3/PpP1bPPP/R6R w q - 0 7,h8g6,100,1,-919,-882,-1112,93,-871,LOWER,true,true,true,true,static,-871,ordinary-nonchecking-capture,1
benchmark:kiwipete:3,kiwipete,23986,8,11,r3kb1N/p1p5/1n2qnp1/8/4P3/2B5/PPP1bPPP/R3K2R b KQq - 0 6,f6e4,100,1,644,649,451,93,654,LOWER,true,true,true,true,static,654,ordinary-nonchecking-capture,2
benchmark:kiwipete:3,kiwipete,26218,12,15,r3k2b/p1p1q3/4P1p1/8/1p6/2nK4/PPP2PPP/R6R b q - 0 8,e7e6,100,1,590,649,397,93,728,LOWER,true,true,true,true,static,728,same-target-q-recapture,1
benchmark:kiwipete:3,kiwipete,43209,11,14,r1k4N/p1pnq1b1/4p1p1/3P4/8/2P2Q2/P1PK1PpP/R6R w - - 0 8,f3g2,100,1,273,290,80,93,332,LOWER,true,true,true,true,static,332,same-target-q-recapture,1
benchmark:evasion:3,evasion,18777,6,9,r3k2r/Pppp1ppp/5nbN/nP6/3bP3/B4N2/P5PP/3B1R1K b kq - 0 5,d4a7,100,1,503,523,310,93,541,LOWER,true,true,true,true,static,541,ordinary-nonchecking-capture,1
benchmark:middlegame:3,middlegame,15919,6,9,r4r2/1pp1k1pp/pbnp1q2/4N3/4P1Q1/P1NP4/1PP2PPP/4RRK1 b - - 0 14,f6e5,320,1,-17,-10,-430,93,11,LOWER,true,true,true,true,static,11,ordinary-nonchecking-capture,1
benchmark:middlegame:3,middlegame,36898,16,19,B5k1/2p2p1p/p2p4/4b3/8/P2P4/2P2P1P/R5K1 b - - 0 19,e5a1,500,1,-16,-10,-609,93,0,LOWER,true,true,true,true,static,0,ordinary-nonchecking-capture,1
corpus:tail-kiwipete-e1d1:full,tail-kiwipete-e1d1,9237,15,15,r2k3b/p1pp1q2/1n6/8/4n3/5Q2/PPP2PpP/R1K4R w - - 0 9,f3g2,100,1,-291,-217,-483,92,-188,LOWER,true,true,true,true,static,-188,same-target-q-recapture,1
corpus:tail-kiwipete-e1d1:full,tail-kiwipete-e1d1,14723,15,15,r2k3b/p1pp1q2/1n6/8/4n3/5Q2/PPP2PpP/R1K4R w - - 0 9,f3g2,100,1,-291,-282,-483,92,-269,LOWER,true,true,true,true,static,-269,same-target-q-recapture,1
benchmark:evasion:2,evasion,7842,7,9,r3k2r/Pppp1ppp/5nbN/BP6/Q1P1P3/5N2/P5PP/b4K2 b kq - 0 5,a8a7,100,1,47,77,-145,92,77,LOWER,true,true,true,true,static,77,ordinary-nonchecking-capture,2
benchmark:kiwipete:3,kiwipete,10348,12,15,r3k2N/p1p2p2/1n1qp3/3P4/8/2n5/P1P2PPP/R3K2R b q - 1 8,d6d5,100,1,614,632,422,92,680,LOWER,true,true,true,true,static,680,ordinary-nonchecking-capture,2
benchmark:kiwipete:3,kiwipete,43618,23,26,3r4/p1p2k2/6p1/8/8/8/P1P1KP1P/Q6r w - - 0 14,a1h1,500,1,274,290,-318,92,424,LOWER,true,true,true,true,static,424,ordinary-nonchecking-capture,1
benchmark:kiwipete:3,kiwipete,54110,2,5,r3k2r/p1ppqp2/Bn2pQp1/3PN3/1p2P3/2N4p/PPPK1PPP/R6R b kq - 0 3,e7f6,975,1,266,492,-801,92,279,EXACT,true,false,true,false,static,494,ordinary-nonchecking-capture,1
benchmark:kiwipete:3,kiwipete,55229,6,9,r6r/p1p1kpb1/4Pqp1/8/1pB1P3/2N4p/PPPB1PPP/R3K2R b KQ - 0 5,h3g2,100,1,279,289,87,92,523,LOWER,true,true,true,true,static,523,ordinary-nonchecking-capture,1
benchmark:evasion:3,evasion,16429,6,9,r3k2N/Pppp2pp/5nb1/nPb5/q3P3/5N2/P2P2PP/Q4R1K b q - 1 5,a8a7,100,1,289,542,97,92,411,EXACT,true,false,true,true,static,411,ordinary-nonchecking-capture,1
benchmark:middlegame:3,middlegame,833,10,13,5rk1/1Bp2ppp/3p1q2/4p3/4P3/P2P1P2/2P1NP1P/5RK1 b - - 0 16,f6f3,100,1,415,456,223,92,424,EXACT,true,false,true,true,static,424,ordinary-nonchecking-capture,1
benchmark:middlegame:3,middlegame,859,10,13,5rk1/1Bp2ppp/3p1q2/4p3/4P3/P2P1P2/2P1NP1P/5RK1 b - - 0 16,f6f3,100,1,415,484,223,92,424,EXACT,true,false,true,true,static,424,same-target-q-recapture,1
benchmark:middlegame:3,middlegame,5543,6,9,2r2r2/1pp1k1pp/p1np1q2/2b1N3/4P1Q1/P1NP4/1PP2PPP/R4R1K b - - 0 14,f6e5,320,1,-12,-10,-424,92,6,LOWER,true,true,true,true,static,6,ordinary-nonchecking-capture,1
benchmark:middlegame:3,middlegame,7679,11,14,r7/1pp1q1pk/p1np4/4p3/6Q1/P1NPK3/1PP3PP/4Rr2 w - - 0 17,e1f1,500,1,10,27,-582,92,151,LOWER,true,true,true,true,static,151,ordinary-nonchecking-capture,1
benchmark:middlegame:3,middlegame,12866,14,17,4rR2/1pp3pp/p1np4/4p1k1/8/P1NPK3/1PP3PP/4R3 b - - 0 18,e8f8,500,1,-14,-10,-606,92,189,LOWER,true,true,true,true,static,189,same-target-q-recapture,1
benchmark:middlegame:3,middlegame,29415,14,17,1r3k2/2p2ppp/2Bp4/3Np3/4P3/P7/1PP3bP/R5K1 b - - 0 18,b8b2,100,1,-67,-23,-259,92,-38,EXACT,true,false,true,false,static,87,ordinary-nonchecking-capture,2
benchmark:middlegame:3,middlegame,36896,14,17,r5k1/2p2p1p/p2p4/4B3/4B3/P2P4/1bP2P1P/R5K1 b - - 0 18,b2e5,330,1,-16,-10,-438,92,0,LOWER,true,true,true,true,static,0,ordinary-nonchecking-capture,1
corpus:tail-kiwipete-e1d1:full,tail-kiwipete-e1d1,4843,18,18,r2k3b/p1pp4/1n2Q3/8/8/8/PPPK1P1P/7R b - - 0 10,d7e6,975,1,238,263,-828,91,256,EXACT,true,false,true,true,static,256,same-target-q-recapture,2
corpus:tail-kiwipete-e1d1:full,tail-kiwipete-e1d1,18357,18,18,r2k3b/p1pp4/1n2Q3/8/8/8/PPPK1P1P/7R b - - 0 10,d7e6,975,1,238,291,-828,91,256,EXACT,true,false,true,true,static,256,same-target-q-recapture,2
benchmark:kiwipete:3,kiwipete,14140,12,15,3r3r/p1p1kPb1/1n6/8/4n3/8/PPP1bPPP/R1K4R b - - 0 8,e7f7,100,1,590,628,399,91,819,LOWER,true,true,true,true,static,819,same-target-q-recapture,1
benchmark:kiwipete:3,kiwipete,25344,6,9,r3k2r/p1p1qNb1/B3Pnp1/8/4P3/2p5/PPPn1PPP/R3K2R b KQkq - 0 5,e7e6,100,1,610,664,419,91,799,LOWER,true,true,true,true,static,799,ordinary-nonchecking-capture,1
benchmark:kiwipete:3,kiwipete,31543,12,15,r3k2N/p1p1q3/1n2p3/3P2p1/8/2n5/P1P2PPP/R4K1R b q - 1 8,e6d5,100,1,628,657,437,91,691,LOWER,true,true,true,true,static,691,ordinary-nonchecking-capture,1
benchmark:kiwipete:3,kiwipete,43512,13,16,r2k3r/p1pn2Q1/4p1p1/3P4/8/7p/P1P1KPPP/q6R w - - 0 9,h1a1,975,1,273,290,-793,91,274,EXACT,true,false,true,true,static,274,same-target-q-recapture,1
benchmark:kiwipete:3,kiwipete,44639,9,12,r6r/p1ppkpb1/Bn2p1p1/4N3/4Q3/8/PPPK1P1P/R6r w - - 0 7,a1h1,500,1,273,292,-318,91,323,LOWER,true,true,true,true,static,323,same-target-q-recapture,1
benchmark:middlegame:3,middlegame,5790,6,9,3r1r2/1pp1k1pp/p1np1q2/2b1N3/4P1Q1/P1NP4/1PP2PPP/R4R1K b - - 0 14,f6e5,320,1,-12,-10,-423,91,6,LOWER,true,true,true,true,static,6,ordinary-nonchecking-capture,1
benchmark:middlegame:3,middlegame,10627,13,16,2r5/1pp3pp/p1npk3/8/4P1K1/P1NP4/1PP3PP/4Rr2 w - - 0 18,e1f1,500,1,10,22,-581,91,214,LOWER,true,true,true,true,static,214,same-target-q-recapture,1
benchmark:middlegame:3,middlegame,31195,10,13,rr4k1/2p2ppp/p1np4/3Np3/4N3/P2P4/1PP1K1PP/R4R2 b - - 0 16,b8b2,100,1,-111,-10,-302,91,-86,EXACT,true,false,true,true,static,-86,ordinary-nonchecking-capture,1
benchmark:middlegame:3,middlegame,42061,11,14,r4k2/1pp2pp1/B1np4/3Np2p/4n3/P2P4/1PP3PP/R4K2 w - - 0 17,a6b7,100,1,10,79,-181,91,80,LOWER,true,true,true,true,static,80,ordinary-nonchecking-capture,1
corpus:tail-kiwipete-e1d1:full,tail-kiwipete-e1d1,20442,10,10,r4k1r/p1pp1Pb1/Bn3np1/4q3/4P3/8/PPPK1PQP/R6R b - - 0 6,f8f7,100,1,291,300,101,90,525,LOWER,true,true,true,true,static,525,ordinary-nonchecking-capture,2
corpus:tail-evasion-f1f2:full,tail-evasion-f1f2,735,14,14,r6r/Pppp1kpp/6b1/nP6/B1P5/B4P2/P6P/3K4 b - - 0 8,a8a7,100,1,855,870,665,90,1242,LOWER,true,true,true,true,static,1242,ordinary-nonchecking-capture,2
benchmark:kiwipete:2,kiwipete,4468,7,9,r3k2N/p1pp4/Bn2p1p1/3P4/1p6/2P4p/P1Pn1PPP/R3K2R b KQq - 0 5,h3g2,100,1,-310,-283,-500,90,-276,LOWER,true,true,true,true,static,-276,ordinary-nonchecking-capture,1
benchmark:evasion:2,evasion,6797,13,15,r3k2N/Pppp2pp/6b1/nP6/2Q1n3/5R2/P5PP/R4K2 b q - 0 8,a5c4,975,1,-242,-240,-1307,90,-215,LOWER,true,true,true,true,static,-215,same-target-q-recapture,2
benchmark:evasion:2,evasion,7276,11,13,r3k2r/Pppp1ppp/6bN/nP6/BBQ1n3/5R2/6PP/R2K4 b kq - 0 7,a5c4,975,1,-44,-2,-1109,90,-14,EXACT,true,false,true,true,static,-14,same-target-q-recapture,2
benchmark:middlegame:2,middlegame,227,11,13,r4R2/1pp3pp/p1npk3/6q1/4P3/P1NP4/1PP1Q1PK/R7 b - - 0 16,a8f8,500,1,-38,10,-628,90,151,LOWER,true,true,true,true,static,151,ordinary-nonchecking-capture,2
benchmark:kiwipete:3,kiwipete,7555,14,17,r3k3/p1pn4/1n6/3p4/8/2P5/P1q2PPP/R4K1R b q - 1 9,c2c3,100,1,839,851,649,90,1003,LOWER,true,true,true,true,static,1003,ordinary-nonchecking-capture,1
benchmark:kiwipete:3,kiwipete,28345,20,23,r1B1k3/p1ppN3/4P3/8/4K3/2r5/5PP1/8 b q - 0 12,d7e6,100,1,641,661,451,90,662,LOWER,true,true,true,true,static,662,ordinary-nonchecking-capture,2
benchmark:kiwipete:3,kiwipete,37957,6,9,r3k2N/p1pp4/Bn2p1p1/3P4/1p6/2P4p/P1Pn1PPP/R3K2R b KQq - 0 5,h3g2,100,1,-310,-221,-500,90,-186,LOWER,true,true,true,true,static,-186,ordinary-nonchecking-capture,1
benchmark:kiwipete:3,kiwipete,44628,7,10,r6r/p1ppkpb1/Bn2p1p1/4N3/4Q3/8/PPPp1PpP/R2K3R w - - 0 6,d1d2,100,1,273,292,83,90,293,LOWER,true,true,true,true,static,293,ordinary-nonchecking-capture,1
benchmark:kiwipete:3,kiwipete,55068,16,19,R7/p1p3b1/2k3p1/8/2B1P3/7p/P1PK1PPP/7q b - - 0 10,h3g2,100,1,199,269,9,90,406,LOWER,true,true,true,true,static,406,ordinary-nonchecking-capture,1
benchmark:middlegame:3,middlegame,12610,7,10,4rrk1/1pp2ppp/p1np4/3Bp1q1/4n3/P1NP1Q2/1PP1K1PP/4RR2 w - - 0 15,f3e4,320,1,10,14,-400,90,34,LOWER,true,true,true,true,static,34,ordinary-nonchecking-capture,1
benchmark:middlegame:3,middlegame,36325,16,19,B5k1/2p2ppp/p7/4B3/8/P7/2P2PPP/b5K1 b - - 0 19,a1e5,330,1,-19,-10,-439,90,30,LOWER,true,true,true,true,static,30,ordinary-nonchecking-capture,1
benchmark:middlegame:3,middlegame,39407,5,8,r2n1rk1/1pp2ppp/B2p4/3Np1q1/4n1b1/P2P1N2/1PP1Q1PP/R4RK1 w - - 0 14,a6b7,100,-1,32,111,-158,90,47,EXACT,true,false,true,true,static,47,SEE-negative,1
corpus:tail-kiwipete-e1d1:full,tail-kiwipete-e1d1,1335,13,13,r6r/p1pp2b1/1n1kp1N1/3P4/4P3/2B5/PPP1KP1P/R6q w - - 1 8,a1h1,975,1,-263,-164,-1327,89,-200,EXACT,true,false,true,true,static,-200,ordinary-nonchecking-capture,1
corpus:tail-kiwipete-e1d1:full,tail-kiwipete-e1d1,3939,15,15,r3k2N/p1pp1p2/1n2q3/8/8/2Q5/PPP2K1P/R6r w q - 0 9,a1h1,500,1,-236,-235,-825,89,-79,LOWER,true,true,true,true,static,-79,same-target-q-recapture,2
corpus:tail-kiwipete-e1d1:full,tail-kiwipete-e1d1,17208,10,10,r3k2b/p1pp1p2/1n2qn2/8/4P3/5Q1p/PPPK1PPP/R6R b q - 0 6,h3g2,100,1,282,291,93,89,290,EXACT,true,false,true,true,static,290,ordinary-nonchecking-capture,1
corpus:tail-kiwipete-e1d1:full,tail-kiwipete-e1d1,17210,12,12,r3k2b/p1pp1p2/1n2qn2/8/4P3/8/PPPK1PQP/R6R b q - 0 7,e6e4,100,1,282,291,93,89,290,EXACT,true,false,true,true,static,290,ordinary-nonchecking-capture,1
corpus:tail-kiwipete-e1d1:full,tail-kiwipete-e1d1,20176,10,10,r6N/p1pkq1b1/bn3np1/8/4P3/8/PPPpBPQP/R2K3R b - - 0 6,e7e4,100,1,291,300,102,89,293,EXACT,true,false,true,true,static,293,ordinary-nonchecking-capture,1
benchmark:kiwipete:3,kiwipete,12734,16,19,1r2k2r/p1pp4/B7/3p4/8/2P5/P1P3PP/R1K4n b k - 0 10,h8h2,100,1,661,668,472,89,745,LOWER,true,true,true,true,static,745,ordinary-nonchecking-capture,1
benchmark:kiwipete:3,kiwipete,16715,0,3,r3k1r1/p1ppqpb1/bn2Qnp1/3PN3/1p2P3/2N5/PPPBBPPP/R3K2R b KQq - 0 2,d7e6,975,1,590,32769,-474,89,622,EXACT,true,false,true,true,static,622,ordinary-nonchecking-capture,1
benchmark:kiwipete:3,kiwipete,25489,12,15,r3k2b/p1p1q3/B3Pnp1/8/4P3/8/P1PK1PPP/R7 b q - 0 8,e7e6,100,1,602,664,413,89,819,LOWER,true,true,true,true,static,819,ordinary-nonchecking-capture,1
benchmark:kiwipete:3,kiwipete,28219,16,19,r1n5/p1pPk3/B7/8/4n3/2P5/P1P1KPP1/r7 b - - 0 10,e7d7,100,1,650,661,461,89,989,LOWER,true,true,true,true,static,989,same-target-q-recapture,1
benchmark:kiwipete:3,kiwipete,28989,18,21,2N1k3/p1pp2b1/4P3/8/8/2n1K3/rPP2PP1/8 b - - 0 11,a2b2,100,1,643,661,454,89,696,LOWER,true,true,true,true,static,696,ordinary-nonchecking-capture,1
benchmark:kiwipete:3,kiwipete,41604,15,18,7r/p1pnk3/6p1/8/1p6/2P4p/P1P2PPP/R4BK1 w - - 0 10,c3b4,100,1,273,275,84,89,285,LOWER,true,true,true,true,static,285,ordinary-nonchecking-capture,3
benchmark:kiwipete:3,kiwipete,53947,11,14,r3k3/p1pp1p2/Bn4q1/8/1p2n3/2P4P/P1P2P1P/R4K1R w q - 0 8,c3b4,100,1,-492,-414,-681,89,-477,EXACT,true,false,true,true,static,-477,ordinary-nonchecking-capture,1
benchmark:kiwipete:3,kiwipete,63959,13,16,r6r/p1pn2b1/4p1p1/3P2k1/1B2P3/8/PPP1NP1P/2K4R w - - 0 9,d5e6,100,1,32,104,-157,89,202,LOWER,true,true,true,true,static,202,ordinary-nonchecking-capture,1
benchmark:middlegame:3,middlegame,9063,13,16,r7/1pp3pp/p1npk3/8/4P1K1/P1NP4/1PP3PP/4Rr2 w - - 0 18,e1f1,500,1,17,22,-572,89,224,LOWER,true,true,true,true,static,224,same-target-q-recapture,1
benchmark:middlegame:3,middlegame,24308,10,13,B4rk1/2p2ppp/p2p4/4p3/1n2N3/P1NP4/1PP3PP/R3Kb2 b - - 0 16,f1g2,100,1,-13,-10,-202,89,-7,LOWER,true,true,true,true,static,-7,ordinary-nonchecking-capture,1
benchmark:middlegame:3,middlegame,29472,14,17,5k2/1rp2ppp/2np4/3Np3/4P3/P7/1PP3PP/5RK1 b - - 0 18,b7b2,100,1,-23,-10,-212,89,17,LOWER,true,true,true,true,static,17,ordinary-nonchecking-capture,4
benchmark:middlegame:3,middlegame,29937,11,14,2r2k2/1pp2ppp/B1np4/3Np3/4n3/P2P4/1PP3PP/R4K2 w - - 0 17,a6b7,100,1,10,88,-179,89,88,LOWER,true,true,true,true,static,88,ordinary-nonchecking-capture,1
benchmark:middlegame:3,middlegame,36434,18,21,B7/2p2pkp/p7/8/8/P7/1bP2P1P/R5K1 b - - 0 20,b2a1,500,1,-59,-13,-648,89,-6,LOWER,true,true,true,true,static,-6,ordinary-nonchecking-capture,1
benchmark:middlegame:3,middlegame,36461,18,21,B7/2p2pkp/p7/8/8/P7/1bP2P1P/R5K1 b - - 0 20,b2a1,500,1,-59,-28,-648,89,-6,LOWER,true,true,true,true,static,-6,ordinary-nonchecking-capture,1
benchmark:middlegame:3,middlegame,41421,9,12,r4rk1/1pp2pp1/B1np3p/3Np1n1/8/P2P4/1PP1K1PP/R4R2 w - - 0 16,a6b7,100,1,10,111,-179,89,76,EXACT,true,false,true,true,static,76,ordinary-nonchecking-capture,1
benchmark:middlegame:3,middlegame,42070,11,14,5Bk1/1pp2pp1/r1np4/3Np2p/4n3/P2P4/1PP3PP/R4K2 w - - 0 17,f8g7,100,-1,10,79,-179,89,14,EXACT,true,false,true,true,static,14,SEE-negative,1
benchmark:kiwipete:3,kiwipete,35193,10,13,r3k2b/p7/1n2Pqp1/2p5/4P3/8/PPP1bPPP/R3K2R b KQq - 0 7,f6e6,100,1,590,631,402,88,748,LOWER,true,true,true,true,static,748,same-target-q-recapture,1
benchmark:kiwipete:3,kiwipete,38025,10,13,r6b/p1pk4/Bn4p1/8/1p6/7p/PPPK1PPP/R6R b - - 0 7,h3g2,100,1,-246,-221,-434,88,-39,LOWER,true,true,true,true,static,-39,ordinary-nonchecking-capture,1
benchmark:kiwipete:3,kiwipete,44003,12,15,2rk3N/p1pp4/1n2P3/8/1p6/2P4p/P1Pn1PPP/R3K2R b KQ - 0 8,h3g2,100,1,-286,-273,-474,88,-272,LOWER,true,true,true,true,static,-272,ordinary-nonchecking-capture,1
benchmark:middlegame:3,middlegame,9925,6,9,5r2/rpp1k1pp/p1np1q2/2b1N3/4P1Q1/P1NP4/1PP2PPP/4RRK1 b - - 0 14,f6e5,320,1,-22,-10,-430,88,1,LOWER,true,true,true,true,static,1,ordinary-nonchecking-capture,1
benchmark:middlegame:3,middlegame,10208,13,16,1r6/1pp3pp/p1npk3/8/4P1K1/P1NP4/1PP3PP/4Rr2 w - - 0 18,e1f1,500,1,17,22,-571,88,226,LOWER,true,true,true,true,static,226,same-target-q-recapture,1
benchmark:middlegame:3,middlegame,30759,14,17,5rk1/2p2ppp/2Bp4/3Np3/4P3/P7/1PP3bP/R3K3 b - - 0 18,g2e4,100,1,-47,-17,-235,88,115,LOWER,true,true,true,true,static,115,same-target-q-recapture,1
corpus:tail-kiwipete-e1d1:full,tail-kiwipete-e1d1,7614,16,16,r6r/4kpb1/1p2P1p1/8/8/7p/PPPK1PPP/R6R b - - 0 9,h3g2,100,1,186,210,-1,87,240,LOWER,true,true,true,true,static,240,ordinary-nonchecking-capture,1
benchmark:evasion:2,evasion,1874,3,5,r3k2r/Pppp1ppp/5nbN/nPb5/B1PPP3/5N2/Rp4PP/3Q1RK1 b kq d3 0 3,c5a7,100,1,-565,-443,-752,87,-497,EXACT,true,false,true,true,static,-497,ordinary-nonchecking-capture,2
benchmark:kiwipete:3,kiwipete,13381,18,21,2n5/p1pPk1b1/8/8/4n3/8/PPP1KPP1/r7 b - - 0 11,e7d7,100,1,651,673,464,87,969,LOWER,true,true,true,true,static,969,same-target-q-recapture,1
benchmark:kiwipete:3,kiwipete,24781,8,11,r3k2r/p1p1q1b1/B3Pnp1/8/4P3/2p5/PPP2PPP/R3K2R b KQkq - 0 6,e7e6,100,1,590,668,403,87,783,LOWER,true,true,true,true,static,783,same-target-q-recapture,1
benchmark:kiwipete:3,kiwipete,24818,8,11,r3k2r/p1p1q1b1/B3Pnp1/8/4P3/2p5/PPP2PPP/R3K2R b KQkq - 0 6,e7e6,100,1,590,591,403,87,783,LOWER,true,true,true,true,static,783,same-target-q-recapture,1
benchmark:kiwipete:3,kiwipete,28894,18,21,2N1k3/p1pp2b1/4P3/8/8/2n1K3/rPP2PP1/8 b - - 0 11,a2b2,100,1,641,661,454,87,696,LOWER,true,true,true,true,static,696,ordinary-nonchecking-capture,1
benchmark:middlegame:3,middlegame,16635,9,12,r4rk1/1pp3pp/p2P4/4p1n1/8/2NP1q2/1PP1QP1P/4RRK1 w - - 0 16,d6c7,100,1,10,15,-177,87,157,LOWER,true,true,true,true,static,157,ordinary-nonchecking-capture,1
benchmark:middlegame:3,middlegame,41951,9,12,r4rk1/1pp2pp1/B1np4/3Np1np/8/P2P4/1PP1K1PP/R4R2 w - - 0 16,a6b7,100,1,10,111,-177,87,79,EXACT,true,false,true,true,static,79,ordinary-nonchecking-capture,1
corpus:tail-kiwipete-e1d1:full,tail-kiwipete-e1d1,1486,13,13,r3k2r/p1pp2b1/1n2p1N1/3P4/4P3/2B5/PPP1KP1P/R6q w - - 1 8,a1h1,975,1,-263,-200,-1324,86,-200,LOWER,true,true,true,true,static,-200,ordinary-nonchecking-capture,1
corpus:tail-kiwipete-e1d1:full,tail-kiwipete-e1d1,13619,14,14,r7/p1pk2b1/1n4N1/8/4n3/7p/PPPp1PPP/R2K3R b - - 0 8,h3g2,100,1,282,291,96,86,520,LOWER,true,true,true,true,static,520,ordinary-nonchecking-capture,1
corpus:tail-kiwipete-e1d1:full,tail-kiwipete-e1d1,15932,20,20,r2k3b/p1pp4/1n6/8/8/8/PPPKB2P/7R b - - 0 11,h8b2,100,1,282,289,96,86,283,EXACT,true,false,true,true,static,283,ordinary-nonchecking-capture,1
benchmark:kiwipete:2,kiwipete,2759,12,14,r6r/p1pk1p2/Bn4p1/8/1p6/2P2Q2/P1P1KP1P/R6q w - - 0 8,a1h1,975,1,283,310,-778,86,294,EXACT,true,false,true,false,static,396,same-target-q-recapture,1
benchmark:kiwipete:2,kiwipete,5191,13,15,r7/p1p1Bp2/Bn4p1/8/4k3/7P/PbP2P1P/R3K2R b KQ - 0 8,b2a1,500,1,-138,-132,-724,86,-99,LOWER,true,true,true,true,static,-99,ordinary-nonchecking-capture,2
benchmark:kiwipete:2,kiwipete,9297,13,15,7r/p1pn1pb1/5k2/8/4P3/2p2P1p/PPP2P1P/R3K2R b KQ - 0 8,c3b2,100,1,-62,-61,-248,86,291,LOWER,true,true,true,true,static,291,ordinary-nonchecking-capture,1
benchmark:kiwipete:3,kiwipete,10201,14,17,r3k2b/p1pn4/5n2/8/4P3/8/PPq2PPP/R4K1R b q - 1 9,c2b2,100,1,697,722,511,86,705,EXACT,true,false,true,false,static,898,ordinary-nonchecking-capture,1
benchmark:kiwipete:3,kiwipete,12848,20,23,4k3/p1pp4/B3p3/8/8/2NK4/PrP3r1/7R b - - 0 12,b2c2,100,1,661,668,475,86,696,LOWER,true,true,true,true,static,696,ordinary-nonchecking-capture,1
benchmark:kiwipete:3,kiwipete,17939,10,13,r3k2b/p1p5/1n2Pqp1/8/4P3/8/PPP1bPPP/R3K2R b KQq - 0 7,f6e6,100,1,590,624,404,86,750,LOWER,true,true,true,true,static,750,same-target-q-recapture,1
benchmark:kiwipete:3,kiwipete,22769,8,11,r3k2r/p1p1qN2/1n2Pnp1/8/4P3/2p1K3/PPP1bPPP/R6R b kq - 0 6,e7e6,100,1,906,919,720,86,1124,LOWER,true,true,true,true,static,1124,ordinary-nonchecking-capture,1
benchmark:kiwipete:3,kiwipete,43611,23,26,3r4/p1p5/4k1p1/8/8/8/P1P1KP1P/Q6r w - - 0 14,a1h1,500,1,274,290,-312,86,444,LOWER,true,true,true,true,static,444,ordinary-nonchecking-capture,1
benchmark:kiwipete:3,kiwipete,46146,16,19,r6R/p3kp2/Bn4p1/4b3/8/8/PPPK1P1P/7R b - - 0 10,a8h8,500,1,-59,-49,-645,86,73,LOWER,true,true,true,true,static,73,same-target-q-recapture,1
benchmark:kiwipete:3,kiwipete,64897,12,15,7r/p1pn1pb1/5k2/8/4P3/2p2P1p/PPP2P1P/R3K2R b KQ - 0 8,c3b2,100,1,-62,-55,-248,86,291,LOWER,true,true,true,true,static,291,ordinary-nonchecking-capture,1
benchmark:middlegame:3,middlegame,6192,5,8,r4rk1/1pp2ppp/p1np4/4p1q1/2B1n3/P1NP1Q2/1PP1K1PP/2R2R2 w - - 0 14,f3e4,320,1,10,12,-396,86,45,LOWER,true,true,true,true,static,45,ordinary-nonchecking-capture,1
benchmark:middlegame:3,middlegame,24242,10,13,B4rk1/2p2ppp/p2p4/4p1N1/1n2N3/P2P4/1PP3PP/R3Kb2 b - - 0 16,f1g2,100,1,-13,-10,-199,86,-1,LOWER,true,true,true,true,static,-1,ordinary-nonchecking-capture,1
benchmark:middlegame:3,middlegame,30697,11,14,4rBk1/2p2ppp/p1np4/3Np3/4n3/P2P4/1PP3PP/R4K2 w - - 0 17,f8g7,100,-1,10,47,-176,86,17,EXACT,true,false,true,true,static,17,SEE-negative,1
benchmark:middlegame:3,middlegame,32202,9,12,r3r1k1/1Bp1Bppp/2np4/3Np3/4n3/P2P4/1PP3PP/R3Kb2 w - - 0 16,b7a8,500,1,10,64,-576,86,57,EXACT,true,false,true,true,static,57,ordinary-nonchecking-capture,1
benchmark:middlegame:3,middlegame,41135,14,17,5rk1/2p2p1p/2Bp2p1/3Np3/4P3/P7/1PP3bP/R3K3 b - - 0 18,g2e4,100,1,-75,-68,-261,86,69,LOWER,true,true,true,true,static,69,same-target-q-recapture,1
benchmark:middlegame:2,middlegame,4611,6,8,r4rk1/1pp2ppp/p1np4/4p1q1/2B1n3/P1NP1Q2/RPP1K1PP/5R2 w - - 0 14,f3e4,320,1,-1,1,-406,85,33,LOWER,true,true,true,true,static,33,ordinary-nonchecking-capture,1
benchmark:middlegame:2,middlegame,5303,6,8,r4rk1/1pp2ppp/p1np4/4p1q1/4n3/PBNP1Q2/1PP1K1PP/R4R2 w - - 0 14,f3e4,320,1,-1,3,-406,85,43,LOWER,true,true,true,true,static,43,ordinary-nonchecking-capture,1
benchmark:kiwipete:3,kiwipete,26299,9,12,r3k2N/p1p1q1b1/4p1p1/3P4/1p6/2n5/PPP1bPPP/R1K4R w q - 0 7,h8g6,100,1,-649,-601,-834,85,-581,LOWER,true,true,true,true,static,-581,ordinary-nonchecking-capture,1
benchmark:kiwipete:3,kiwipete,27087,8,11,r3k2r/p1p3b1/4Pqp1/8/1p2P3/8/PPPnNPPP/R3K2R b KQkq - 0 6,f6e6,100,1,664,678,479,85,834,LOWER,true,true,true,true,static,834,ordinary-nonchecking-capture,3
benchmark:kiwipete:3,kiwipete,27622,12,15,r1n5/p1p2kb1/4qn2/8/4P3/8/PPPK1PPP/R6R b - - 0 8,e6e4,100,1,590,641,405,85,897,LOWER,true,true,true,true,static,897,ordinary-nonchecking-capture,1
benchmark:kiwipete:3,kiwipete,27776,12,15,r1n5/p1p2kb1/4qn2/8/4P3/8/PPPK1PPP/R6R b - - 0 8,e6e4,100,1,590,622,405,85,897,LOWER,true,true,true,true,static,897,ordinary-nonchecking-capture,3
benchmark:kiwipete:3,kiwipete,31533,10,13,r3k2b/p1p5/1n2Pq2/6p1/4P3/8/PPP1bPPP/R3K2R b KQq - 0 7,f6e6,100,1,590,628,405,85,754,LOWER,true,true,true,true,static,754,same-target-q-recapture,1
benchmark:kiwipete:3,kiwipete,43240,13,16,r1k4b/p1pnq3/4p1p1/3P4/1p6/8/PPP2PQP/R1K4R w - - 0 9,d5e6,100,1,273,290,88,85,466,LOWER,true,true,true,true,static,466,ordinary-nonchecking-capture,1
benchmark:kiwipete:3,kiwipete,43345,20,23,r3kn2/p1p5/4P1p1/8/8/3K4/P1P2PPP/R7 b - - 0 12,f8e6,100,1,-280,-273,-465,85,88,LOWER,true,true,true,true,static,88,ordinary-nonchecking-capture,1
benchmark:kiwipete:3,kiwipete,43360,10,13,r3k2N/p1pnq1b1/4p1p1/3P4/8/2pK1Q1p/PPP2PPP/R6R b - - 1 7,c3b2,100,1,-290,-273,-475,85,-242,LOWER,true,true,true,true,static,-242,ordinary-nonchecking-capture,1
benchmark:kiwipete:3,kiwipete,49997,12,15,r7/p1pPq1k1/Bn4p1/8/4n3/7P/PPP2P1P/R3K2R b KQ - 0 8,e7d7,100,1,181,188,-4,85,481,LOWER,true,true,true,true,static,481,same-target-q-recapture,1
benchmark:kiwipete:3,kiwipete,55000,16,19,R7/p1p3b1/2k3p1/8/2B1P3/7p/P1PK1PPP/7q b - - 0 10,h3g2,100,1,194,269,9,85,406,LOWER,true,true,true,true,static,406,ordinary-nonchecking-capture,1
benchmark:evasion:3,evasion,1672,9,12,4k2r/1ppp1p1p/1P3nbp/1P6/r1P1P3/5N2/3P2PP/3R3K w k - 0 7,b6c7,100,1,-543,-415,-728,85,-362,LOWER,true,true,true,true,static,-362,ordinary-nonchecking-capture,1
benchmark:middlegame:3,middlegame,6900,5,8,r4rk1/1pp2ppp/p1np4/4p1q1/2B1n3/P1NP1Q2/1PP1K1PP/3R1R2 w - - 0 14,f3e4,320,1,10,11,-395,85,46,LOWER,true,true,true,true,static,46,ordinary-nonchecking-capture,1
benchmark:middlegame:3,middlegame,10344,6,9,1r3r2/1pp1k1pp/p1np1q2/2b1N3/4P1Q1/P1NP4/1PP2PPP/4RRK1 b - - 0 14,f6e5,320,1,-22,-10,-427,85,4,LOWER,true,true,true,true,static,4,ordinary-nonchecking-capture,1
benchmark:middlegame:3,middlegame,21238,5,8,r4rk1/1pp2ppp/p1np4/3Bp1q1/4n3/P1NP1Q2/1PP1K1PP/R4R2 w - - 0 14,f3e4,320,1,10,19,-395,85,47,LOWER,true,true,true,true,static,47,ordinary-nonchecking-capture,1
benchmark:middlegame:3,middlegame,29978,14,17,5rk1/2p2ppp/2Bp4/3Np3/4P3/P7/1PP3bP/R3K3 b - - 0 18,g2e4,100,1,-50,-47,-235,85,-41,LOWER,true,true,true,true,static,-41,same-target-q-recapture,7
benchmark:middlegame:3,middlegame,36424,18,21,B7/2p2pkp/p7/8/8/P7/1bP2PKP/R7 b - - 0 20,b2a1,500,1,-59,-10,-644,85,0,LOWER,true,true,true,true,static,0,ordinary-nonchecking-capture,1
benchmark:middlegame:3,middlegame,36455,18,21,B7/2p2pkp/p7/8/8/P7/1bP2PKP/R7 b - - 0 20,b2a1,500,1,-59,-12,-644,85,0,LOWER,true,true,true,true,static,0,ordinary-nonchecking-capture,1
benchmark:middlegame:3,middlegame,37005,14,17,B7/2p2pkp/p2p4/4p3/4P3/P2P4/1b3PPP/R5K1 b - - 0 18,b2a1,500,1,-104,-59,-689,85,-49,LOWER,true,true,true,true,static,-49,ordinary-nonchecking-capture,2
benchmark:middlegame:3,middlegame,37069,14,17,B7/2p2pkp/p2p4/4p3/4P3/P2P4/1b3PPP/R5K1 b - - 0 18,b2a1,500,1,-104,-65,-689,85,-49,LOWER,true,true,true,true,static,-49,ordinary-nonchecking-capture,1
benchmark:middlegame:3,middlegame,39087,9,12,r2n1rk1/1Bp2ppp/3p4/3Np1N1/4n3/P2P4/1PP3PP/R3Kb2 w - - 0 16,b7a8,500,1,10,69,-575,85,50,EXACT,true,false,true,true,static,50,ordinary-nonchecking-capture,1
benchmark:middlegame:3,middlegame,41634,11,14,r4k2/1pp2pp1/B1np3p/3Np3/4n3/P2P4/1PP3PP/R4K2 w - - 0 17,a6b7,100,1,10,76,-175,85,85,LOWER,true,true,true,true,static,85,ordinary-nonchecking-capture,1
benchmark:middlegame:3,middlegame,42129,14,17,5rk1/2p2pp1/2Bp4/3Np2p/4P3/P7/1PP3bP/R3K3 b - - 0 18,g2e4,100,1,-57,-54,-242,85,-46,LOWER,true,true,true,true,static,-46,same-target-q-recapture,1
corpus:tail-kiwipete-e1d1:full,tail-kiwipete-e1d1,11704,20,20,r6R/p1ppk1b1/1n6/8/4P3/8/P1PK1P1P/R7 b - - 0 11,a8h8,500,1,282,291,-302,84,322,LOWER,true,true,true,true,static,322,ordinary-nonchecking-capture,1
corpus:tail-kiwipete-e1d1:full,tail-kiwipete-e1d1,11809,20,20,r6R/p1ppk1b1/1n6/8/4P3/8/P1PK1P1P/R7 b - - 0 11,a8h8,500,1,282,290,-302,84,322,LOWER,true,true,true,true,static,322,ordinary-nonchecking-capture,1
benchmark:kiwipete:2,kiwipete,3655,9,11,r6r/p1pPk3/Bn4p1/4b3/1p6/2P4p/P1PB1PPP/R3K2R b KQ - 0 6,e7d7,100,1,-310,-301,-494,84,-257,LOWER,true,true,true,true,static,-257,same-target-q-recapture,4
benchmark:kiwipete:2,kiwipete,11250,15,17,r2r4/p1p2pB1/1n4p1/8/4Pk2/7p/PPP1KPPP/R6R b - - 0 9,h3g2,100,1,-69,-61,-253,84,169,LOWER,true,true,true,true,static,169,ordinary-nonchecking-capture,1
benchmark:evasion:2,evasion,7312,17,19,r2k3r/Pppp1Rpp/8/nP6/1qP1Q3/8/6PP/R1K5 b - - 0 10,a8a7,100,1,70,100,-114,84,224,LOWER,true,true,true,true,static,224,ordinary-nonchecking-capture,2
benchmark:middlegame:2,middlegame,1459,7,9,4rr2/1pp1k1pp/p1np1q2/2b1N3/4P1Q1/P1NP4/1PP2PPP/R4R1K b - - 0 14,f6e5,320,1,-8,6,-412,84,19,LOWER,true,true,true,true,static,19,ordinary-nonchecking-capture,1
benchmark:kiwipete:3,kiwipete,148,8,11,r3k3/p1ppq1b1/1n2P1p1/8/1p6/7P/PPPKNP1P/R6R b q - 0 6,e7e6,100,1,678,679,494,84,747,LOWER,true,true,true,true,static,747,ordinary-nonchecking-capture,1
benchmark:kiwipete:3,kiwipete,6468,10,13,r3k3/p1pp4/1n4q1/8/1p2P3/2P5/P1P1bPPP/R3K2R b KQq - 0 7,g6g2,100,1,761,830,577,84,852,LOWER,true,true,true,true,static,852,ordinary-nonchecking-capture,1
benchmark:kiwipete:3,kiwipete,9925,12,15,r3k2b/p1p5/1n2Pnp1/8/4P3/8/PPq2PPP/R4K1R b q - 1 8,c2e4,100,1,634,692,450,84,810,LOWER,true,true,true,true,static,810,ordinary-nonchecking-capture,2
benchmark:kiwipete:3,kiwipete,20002,8,11,r3k2N/p1p1q3/1n2Pnpb/8/4P3/8/PPPpKPPP/R6R b q - 0 6,e7e6,100,1,650,671,466,84,856,LOWER,true,true,true,true,static,856,ordinary-nonchecking-capture,3
benchmark:kiwipete:3,kiwipete,21016,10,13,r3k2N/p1p5/1n2qnp1/8/4P3/2K5/PPP1bPPP/R6R b q - 0 7,e6e4,100,1,671,677,487,84,718,LOWER,true,true,true,true,static,718,ordinary-nonchecking-capture,1
benchmark:kiwipete:3,kiwipete,25997,12,15,r3k2b/p1p1q3/B3Pnp1/8/4P3/8/P1PK1PPP/R7 b q - 0 8,e7e6,100,1,597,649,413,84,819,LOWER,true,true,true,true,static,819,same-target-q-recapture,1
benchmark:kiwipete:3,kiwipete,29271,0,3,r3k2r/p1ppqpbn/bn2Q1p1/3PN3/1p2P3/2N5/PPPBBPPP/R3K2R b KQkq - 0 2,d7e6,975,1,590,32769,-469,84,658,EXACT,true,false,true,true,static,658,ordinary-nonchecking-capture,1
benchmark:kiwipete:3,kiwipete,66791,14,17,r2r4/p1p2pB1/1n4p1/8/4Pk2/7p/PPP1KPPP/R6R b - - 0 9,h3g2,100,1,-69,-32,-253,84,169,LOWER,true,true,true,true,static,169,ordinary-nonchecking-capture,1
benchmark:evasion:3,evasion,16650,6,9,r6r/PpPp1kpp/5nb1/nP6/q3P3/5N2/P2P2PP/Q4RK1 b - - 0 5,a8a7,100,1,253,363,69,84,466,LOWER,true,true,true,true,static,466,ordinary-nonchecking-capture,1
benchmark:middlegame:3,middlegame,9273,6,9,r4r2/1pp1k1pp/p1np1q2/2b1N3/4P1Q1/P1NP4/1PP2PPP/4RRK1 b - - 0 14,f6e5,320,1,-22,-10,-426,84,7,LOWER,true,true,true,true,static,7,ordinary-nonchecking-capture,1
benchmark:middlegame:3,middlegame,12224,12,15,4rR2/1pp3pp/p1npk3/6q1/4P3/P1NP4/1PP1Q1PK/4R3 b - - 0 17,e8f8,500,1,-22,-10,-606,84,126,LOWER,true,true,true,true,static,126,ordinary-nonchecking-capture,1
benchmark:middlegame:3,middlegame,30746,14,17,5rk1/2p2ppp/2Bp4/3Np3/4P3/P7/1PP3bP/R3K3 b - - 0 18,g2e4,100,1,-51,-47,-235,84,-41,LOWER,true,true,true,true,static,-41,ordinary-nonchecking-capture,1
benchmark:middlegame:3,middlegame,33724,11,14,r3kB2/1pp3pp/p7/4n3/4P1b1/P2P4/1PP2PPP/R4nK1 w - - 0 17,f8g7,100,1,74,111,-110,84,119,LOWER,true,true,true,true,static,119,ordinary-nonchecking-capture,1
corpus:tactical:full,tactical,7,4,4,4k3/8/8/3p4/2P5/8/8/4K3 w - - 0 3,c4d5,100,1,174,438,-9,83,413,EXACT,true,false,true,true,static,413,same-target-q-recapture,3
corpus:tail-kiwipete-e1d1:full,tail-kiwipete-e1d1,3314,16,16,r4N1r/p1p3Q1/1n4p1/2k5/4q3/7p/PPPK1PPP/R6R b - - 0 9,h3g2,100,1,173,217,-10,83,195,EXACT,true,false,true,true,static,195,ordinary-nonchecking-capture,1
corpus:tail-kiwipete-e1d1:full,tail-kiwipete-e1d1,4718,11,11,r3k2N/p1ppq1b1/1n4p1/3p4/4n3/5Q2/PPP2PpP/R1K4R w q - 0 7,f3g2,100,1,-263,-238,-446,83,-196,LOWER,true,true,true,true,static,-196,same-target-q-recapture,1
corpus:tail-kiwipete-e1d1:full,tail-kiwipete-e1d1,13559,16,16,r6b/p1pk4/1n4p1/8/4n3/7p/PPP1KPPP/R6R b - - 1 9,h3g2,100,1,288,291,105,83,503,LOWER,true,true,true,true,static,503,ordinary-nonchecking-capture,1
benchmark:middlegame:2,middlegame,286,9,11,r4R2/1pp3pp/p1npk3/6B1/4P1n1/P1NP4/1PP3PP/R5K1 b - - 0 15,a8f8,500,1,-320,-287,-903,83,-64,LOWER,true,true,true,true,static,-64,same-target-q-recapture,2
benchmark:kiwipete:3,kiwipete,25494,6,9,r3k2r/p1p1qNb1/B3Pnp1/8/4P3/2p5/PPPn1PPP/R3K2R b KQkq - 0 5,e7e6,100,1,602,664,419,83,799,LOWER,true,true,true,true,static,799,ordinary-nonchecking-capture,1
benchmark:kiwipete:3,kiwipete,26425,10,13,r3k2b/p1p1q3/4p1p1/3P4/1p2n3/8/PPP1NPPP/R3K2R b q - 0 7,e6d5,100,1,590,649,407,83,591,EXACT,true,false,true,true,static,591,ordinary-nonchecking-capture,1
benchmark:kiwipete:3,kiwipete,31106,4,7,r3k2r/p1p1qpb1/Bn2pn2/3PN1B1/4P3/2p5/PPP2PPP/R3K2R b KQkq - 0 4,c3b2,100,1,662,663,479,83,826,LOWER,true,true,true,true,static,826,ordinary-nonchecking-capture,1
benchmark:kiwipete:3,kiwipete,42521,21,24,8/p1pp4/Bn2p3/3k4/1P6/4K3/P1P5/R6r w - - 0 13,a1h1,500,1,273,289,-310,83,412,LOWER,true,true,true,true,static,412,same-target-q-recapture,2
benchmark:kiwipete:3,kiwipete,48383,12,15,r1k4r/p1p3b1/6Q1/4q3/1p2P3/7p/PPPK1PPP/R6R b - - 0 8,h3g2,100,1,-56,-46,-239,83,-39,LOWER,true,true,true,true,static,-39,ordinary-nonchecking-capture,1
benchmark:middlegame:3,middlegame,11142,7,10,2r2rk1/1pp2ppp/p1np4/3Bp1q1/4n3/P1NP1Q2/1PP1K1PP/4RR2 w - - 0 15,f3e4,320,1,19,22,-384,83,60,LOWER,true,true,true,true,static,60,ordinary-nonchecking-capture,1
benchmark:middlegame:3,middlegame,26884,14,17,5r1k/2p2ppp/2Bp4/3Np3/4P3/P7/1PP3bP/R3K3 b - - 0 18,g2e4,100,1,-49,-45,-232,83,-37,LOWER,true,true,true,true,static,-37,same-target-q-recapture,1
benchmark:middlegame:3,middlegame,29853,9,12,2r2rk1/1pp2ppp/B1np4/3Np1n1/8/P2P4/1PP1K1PP/R4R2 w - - 0 16,a6b7,100,1,10,111,-173,83,88,EXACT,true,false,true,true,static,88,ordinary-nonchecking-capture,1
benchmark:middlegame:3,middlegame,30189,9,12,3r1rk1/1pp2ppp/B1np4/3Np1n1/8/P2P4/1PP1K1PP/R4R2 w - - 0 16,a6b7,100,1,10,111,-173,83,88,EXACT,true,false,true,true,static,88,ordinary-nonchecking-capture,1
benchmark:middlegame:3,middlegame,36505,16,19,r5k1/2p2pBp/p7/8/8/P7/1bP2PBP/R5K1 b - - 0 19,b2g7,330,1,-18,-10,-431,83,0,LOWER,true,true,true,true,static,0,ordinary-nonchecking-capture,1
benchmark:middlegame:3,middlegame,41433,9,12,r4rk1/1pp2pp1/B1np4/3Np1p1/4n3/P2P4/1PP1K1PP/R4R2 w - - 0 16,a6b7,100,1,10,76,-173,83,82,LOWER,true,true,true,true,static,82,ordinary-nonchecking-capture,1
corpus:tactical:lower,tactical,4,0,0,4k3/8/2p1p3/3q4/2P1P3/3Q4/8/4K3 w - - 0 1,c4d5,975,1,1071,1072,14,82,1072,LOWER,true,true,true,true,static,1072,ordinary-nonchecking-capture,1
benchmark:evasion:2,evasion,9976,7,9,r3k2r/Pppp1p1p/5nbp/nP6/BR2P3/5N2/3P2PP/3Q1R1K b kq - 0 5,a8a7,100,1,-932,-746,-1114,82,-690,LOWER,true,true,true,true,static,-690,ordinary-nonchecking-capture,2
benchmark:kiwipete:3,kiwipete,4089,11,14,r3k2N/p1p3q1/1n2p1p1/3P4/8/8/PPP1K1PP/R6n w q - 0 8,d5e6,100,1,-796,-771,-978,82,-737,LOWER,true,true,true,true,static,-737,ordinary-nonchecking-capture,1
benchmark:kiwipete:3,kiwipete,16019,0,3,r3kr2/p1ppqpb1/bn2Qnp1/3PN3/1p2P3/2N5/PPPBBPPP/R3K2R b KQq - 0 2,d7e6,975,1,590,32769,-467,82,629,EXACT,true,false,true,true,static,629,ordinary-nonchecking-capture,1
benchmark:kiwipete:3,kiwipete,27515,14,17,r1n1k3/p1p3b1/6q1/8/8/2P5/P1P2PPP/R3K2R b KQq - 0 9,g6g2,100,1,603,641,421,82,714,LOWER,true,true,true,true,static,714,ordinary-nonchecking-capture,1
benchmark:kiwipete:3,kiwipete,31230,18,21,r3k2B/p1p5/1n6/8/4P3/8/2q2PPP/5K1R b q - 0 11,c2e4,100,1,651,663,469,82,859,LOWER,true,true,true,true,static,859,ordinary-nonchecking-capture,2
benchmark:kiwipete:3,kiwipete,31809,18,21,r3k2B/p1p5/1n6/8/4P3/8/2q2PPP/5K1R b q - 0 11,c2e4,100,1,651,657,469,82,859,LOWER,true,true,true,true,static,859,ordinary-nonchecking-capture,1
benchmark:kiwipete:3,kiwipete,32162,12,15,r2k3r/p1p5/1n2Pq2/8/4P3/2P5/P1P1bPPP/R3K2R b KQ - 0 8,f6e6,100,1,663,678,481,82,825,LOWER,true,true,true,true,static,825,same-target-q-recapture,1
benchmark:middlegame:3,middlegame,15204,13,16,r7/1pp3pp/p1npk3/8/4P1K1/P1NP4/1PP3PP/4Rr2 w - - 0 18,e1f1,500,1,10,17,-572,82,224,LOWER,true,true,true,true,static,224,same-target-q-recapture,1
benchmark:middlegame:3,middlegame,15381,6,9,r4r2/1pp1k1pp/p1np1q2/4N3/3bP1Q1/P1NP4/1PP2PPP/4RRK1 b - - 0 14,f6e5,320,1,-17,-10,-419,82,15,LOWER,true,true,true,true,static,15,ordinary-nonchecking-capture,1
benchmark:middlegame:3,middlegame,36832,12,15,r5k1/1pp2p1p/p2p4/3BB3/3bP3/P7/1PP2P1P/R5K1 b - - 0 17,d6e5,330,1,-23,-10,-435,82,0,LOWER,true,true,true,true,static,0,ordinary-nonchecking-capture,1
benchmark:middlegame:3,middlegame,37107,16,19,6k1/2p2p1p/p2p4/4B3/4B3/P7/2P2PPP/b5K1 b - - 0 19,a1e5,330,1,-104,-65,-516,82,-34,LOWER,true,true,true,true,static,-34,ordinary-nonchecking-capture,2
corpus:tail-kiwipete-e1d1:lower,tail-kiwipete-e1d1,276,18,18,r6r/p1ppk1b1/1n3R2/8/4P3/8/P1PK1P1P/R6R b - - 0 10,e7f6,500,1,299,300,-282,81,388,LOWER,true,true,true,true,static,388,same-target-q-recapture,3
benchmark:kiwipete:3,kiwipete,3074,14,17,r3k3/p1p3b1/1n6/8/8/2p5/PPq2PPP/R3K2R b q - 1 9,c2b2,100,1,825,842,644,81,1017,LOWER,true,true,true,true,static,1017,ordinary-nonchecking-capture,1
benchmark:kiwipete:3,kiwipete,28856,18,21,2N1k3/p1pp2b1/4P3/8/8/8/nPPK1PP1/r7 b - - 0 11,d7e6,100,1,641,661,460,81,696,LOWER,true,true,true,true,static,696,same-target-q-recapture,1
benchmark:kiwipete:3,kiwipete,33995,11,14,r3k2r/p5b1/1n2p1p1/3P4/4n3/8/PPP1bPPP/R1K4R w kq - 0 8,d5e6,100,1,-627,-590,-808,81,-575,LOWER,true,true,true,true,static,-575,ordinary-nonchecking-capture,1
benchmark:kiwipete:3,kiwipete,43285,10,13,r3k2N/p1pnq1b1/4p1p1/3P4/8/2p2Q1p/PPP2PPP/R2K3R b - - 1 7,c3b2,100,1,-290,-273,-471,81,-123,LOWER,true,true,true,true,static,-123,ordinary-nonchecking-capture,1
benchmark:kiwipete:3,kiwipete,47960,20,23,6k1/3p1pb1/NQ3np1/8/8/8/PPP1KP2/r7 b - - 0 12,a1a2,100,1,-35,-32,-216,81,-30,LOWER,true,true,true,true,static,-30,ordinary-nonchecking-capture,1
benchmark:evasion:3,evasion,16966,10,13,r3k2N/Pppp2pp/5nb1/nPb5/4P3/5N2/P5PP/R6K b q - 0 7,a8a7,100,1,466,543,285,81,576,LOWER,true,true,true,true,static,576,ordinary-nonchecking-capture,1
benchmark:middlegame:3,middlegame,11940,7,10,3r1rk1/1pp2ppp/p1np4/3Bp1q1/4n3/P1NP1Q2/1PP1K1PP/4RR2 w - - 0 15,f3e4,320,1,20,22,-381,81,62,LOWER,true,true,true,true,static,62,ordinary-nonchecking-capture,1
benchmark:middlegame:3,middlegame,23992,13,16,r5k1/2p1qppp/p2p4/4p3/8/P1NQ1n2/1PP3PP/R2K4 w - - 0 18,g2f3,320,1,10,13,-391,81,50,LOWER,true,true,true,true,static,50,same-target-q-recapture,1
benchmark:middlegame:3,middlegame,31562,9,12,rr4k1/1Bp1Bppp/2np4/3Np3/4n3/P2P4/1PP3PP/R3Kb2 w - - 0 16,b7a8,500,1,40,97,-541,81,60,EXACT,true,false,true,true,static,60,ordinary-nonchecking-capture,1
benchmark:middlegame:3,middlegame,32772,9,12,r4Bk1/1pp2ppp/B1np4/3Np3/4n3/P2P4/1PP3PP/R3Kb2 w - - 0 16,a6b7,100,1,10,72,-171,81,47,EXACT,true,false,true,true,static,47,ordinary-nonchecking-capture,4
benchmark:middlegame:3,middlegame,33817,11,14,r6k/1pp2npp/p2B4/8/4P1b1/P2P4/1PP2PPP/R4nK1 w - - 0 17,d6c7,100,1,74,111,-107,81,135,LOWER,true,true,true,true,static,135,ordinary-nonchecking-capture,1
benchmark:middlegame:3,middlegame,40887,11,14,r4Bk1/2p2ppp/2np4/1p1Np3/4n3/P2P4/1PP3PP/R4K2 w - - 0 17,f8g7,100,-1,10,111,-171,81,22,EXACT,true,false,true,true,static,22,SEE-negative,1
benchmark:middlegame:3,middlegame,41670,14,17,5rk1/2p2pp1/2Bp3p/3Np3/4P3/P7/1PP3bP/R3K3 b - - 0 18,g2e4,100,1,-64,-59,-245,81,-49,LOWER,true,true,true,true,static,-49,ordinary-nonchecking-capture,1
corpus:tail-kiwipete-e1d1:full,tail-kiwipete-e1d1,6153,10,10,r2k3r/p1pP1qb1/1n3np1/8/4P3/7p/PPPKQPPP/R6R b - - 0 6,d8d7,100,1,210,263,30,80,435,LOWER,true,true,true,true,static,435,ordinary-nonchecking-capture,1
corpus:tail-kiwipete-e1d1:full,tail-kiwipete-e1d1,13076,10,10,r2k3r/p1pP1qb1/1n3np1/8/4P3/7p/PPPKQPPP/R6R b - - 0 6,d8d7,100,1,210,282,30,80,435,LOWER,true,true,true,true,static,435,ordinary-nonchecking-capture,1
benchmark:middlegame:2,middlegame,4131,7,9,4rr2/1pp1k1pp/p1np1q2/2b1N3/4P1Q1/P1NP4/1PP2PPP/4RRK1 b - - 0 14,f6e5,320,1,-7,0,-407,80,26,LOWER,true,true,true,true,static,26,ordinary-nonchecking-capture,1
benchmark:kiwipete:3,kiwipete,3238,10,13,r3k2b/p1p5/Bn2q1p1/8/1p6/8/PPPK1PPP/R6R b q - 0 7,h8b2,100,1,746,759,566,80,747,EXACT,true,false,true,true,static,747,ordinary-nonchecking-capture,1
benchmark:kiwipete:3,kiwipete,23896,10,13,r3kb1N/p1p5/1n2qnp1/8/4P3/8/PPPK1PPP/R6R b q - 0 7,e6e4,100,1,605,649,425,80,702,LOWER,true,true,true,true,static,702,ordinary-nonchecking-capture,3
benchmark:kiwipete:3,kiwipete,26421,12,15,r3k3/p1p1q3/4P1p1/8/1p2n3/2b5/PPP1KPPP/R6R b q - 0 8,e7e6,100,1,590,649,410,80,653,LOWER,true,true,true,true,static,653,same-target-q-recapture,2
benchmark:kiwipete:3,kiwipete,26432,12,15,r3k3/p1p1q3/4P1p1/8/1p2n3/2b5/PPP1KPPP/R6R b q - 0 8,e7e6,100,1,590,591,410,80,653,LOWER,true,true,true,true,static,653,ordinary-nonchecking-capture,1
benchmark:kiwipete:3,kiwipete,26539,12,15,r3k3/p1p1q3/4P1p1/8/1p2n3/2b5/PPP1KPPP/R6R b q - 0 8,e7e6,100,1,590,610,410,80,653,LOWER,true,true,true,true,static,653,ordinary-nonchecking-capture,1
benchmark:kiwipete:3,kiwipete,26554,9,12,r3k2N/p1p1q1b1/4p1p1/3P4/1p6/2n1K3/PPP1bPPP/R6R w q - 0 7,h8g6,100,1,-649,-610,-829,80,-577,LOWER,true,true,true,true,static,-577,ordinary-nonchecking-capture,1
benchmark:kiwipete:3,kiwipete,28466,20,23,r1B5/p1pPk3/8/8/4n3/2P5/2r2PP1/3K4 b - - 0 12,c2f2,100,1,659,661,479,80,796,LOWER,true,true,true,true,static,796,ordinary-nonchecking-capture,1
benchmark:evasion:3,evasion,16531,6,9,r3k2N/Pppp2pp/5nb1/nPb5/q2PP3/5N2/P5PP/Q4RK1 b q d3 0 5,c5a7,100,1,256,411,76,80,363,EXACT,true,false,true,true,static,363,ordinary-nonchecking-capture,1
benchmark:evasion:3,evasion,16644,6,9,r6r/PpPp1kpp/5nb1/nP6/q3P3/5N2/P2P2PP/Q4RK1 b - - 0 5,a4e4,100,1,249,363,69,80,253,EXACT,true,false,true,false,static,466,ordinary-nonchecking-capture,1
benchmark:middlegame:3,middlegame,6054,6,9,4rr2/1pp1k1pp/p1np1q2/2b1N3/4P1Q1/P1NP4/1PP2PPP/R4R1K b - - 0 14,f6e5,320,1,-12,-10,-412,80,19,LOWER,true,true,true,true,static,19,ordinary-nonchecking-capture,1
benchmark:middlegame:3,middlegame,9564,15,18,3rkr2/1pp3pp/p1n5/2b1p3/6Q1/P1N5/1PP3PP/4R2K w - - 0 19,g4g7,100,1,10,22,-170,80,38,LOWER,true,true,true,true,static,38,ordinary-nonchecking-capture,1
benchmark:middlegame:3,middlegame,18696,15,18,3rkr2/1pp3pp/p1n5/2b1p3/6Q1/P1N5/1PP3PP/4R2K w - - 0 19,g4g7,100,1,10,11,-170,80,38,LOWER,true,true,true,true,static,38,ordinary-nonchecking-capture,4
benchmark:middlegame:3,middlegame,30366,11,14,3r1Bk1/2p2ppp/p1np4/3Np3/4n3/P2P4/1PP3PP/R4K2 w - - 0 17,f8g7,100,-1,35,47,-145,80,48,LOWER,true,true,true,true,static,48,SEE-negative,1
benchmark:middlegame:3,middlegame,37819,9,12,r4rk1/1Bp2ppp/3p4/n2Np1N1/4n3/P2P4/1PP3PP/R3Kb2 w - - 0 16,b7a8,500,1,10,75,-570,80,56,EXACT,true,false,true,true,static,56,ordinary-nonchecking-capture,1
benchmark:middlegame:3,middlegame,38497,11,14,5rk1/npp2ppp/B2p4/3Np3/4n3/P2P4/1PP3PP/R4K2 w - - 0 17,a6b7,100,1,10,111,-170,80,89,EXACT,true,false,true,true,static,89,ordinary-nonchecking-capture,1
benchmark:middlegame:3,middlegame,41142,14,17,5rk1/2p2p1p/2Bp2p1/3Np3/4P3/P7/1PP3bP/R3K3 b - - 0 18,g2e4,100,1,-81,-68,-261,80,69,LOWER,true,true,true,true,static,69,ordinary-nonchecking-capture,1
corpus:tail-kiwipete-e1d1:full,tail-kiwipete-e1d1,17789,9,9,r3k2b/p1ppq3/1n2pnp1/3P4/4P3/5Q2/PPPK1PpP/R6R w q - 0 6,f3g2,100,1,-291,-217,-470,79,-126,LOWER,true,true,true,true,static,-126,same-target-q-recapture,1
benchmark:evasion:2,evasion,6439,15,17,r3k2r/PQ1p1p1p/6bp/1P6/rB2n3/5R2/6PP/3K4 b kq - 0 9,a4a7,100,1,79,108,-100,79,174,LOWER,true,true,true,true,static,174,ordinary-nonchecking-capture,2
benchmark:kiwipete:3,kiwipete,144,4,7,r3k3/p1ppq1b1/1n2pnp1/3P4/1p2P3/7P/PPPBNP1P/R3K2R b KQq - 0 4,f6e4,100,1,678,705,499,79,679,EXACT,true,false,true,true,static,679,ordinary-nonchecking-capture,1
benchmark:kiwipete:3,kiwipete,22620,8,11,r3k2r/p1p1qN2/1n2Pnp1/8/4P3/2p5/PPP1bPPP/R3K2R b kq - 0 6,e7e6,100,1,889,919,710,79,1033,LOWER,true,true,true,true,static,1033,ordinary-nonchecking-capture,1
benchmark:kiwipete:3,kiwipete,27942,8,11,r1n1k2b/p1p1q3/4pnp1/3P4/4P3/2B5/PPP1KPPP/R6R b q - 0 6,e6d5,100,1,590,621,411,79,600,EXACT,true,false,true,true,static,600,ordinary-nonchecking-capture,1
benchmark:kiwipete:3,kiwipete,38018,8,11,r3k2b/p1pp4/Bn2P1p1/8/1p6/7p/PPPK1PPP/R6R b q - 0 6,h3g2,100,1,-261,-221,-440,79,-57,LOWER,true,true,true,true,static,-57,ordinary-nonchecking-capture,1
benchmark:kiwipete:3,kiwipete,44016,14,17,2rk3b/p1pp4/1n2P3/8/1p6/7P/PPPK1P1P/R6R b - - 0 9,h8b2,100,1,-286,-273,-465,79,-281,EXACT,true,false,true,true,static,-281,ordinary-nonchecking-capture,1
benchmark:kiwipete:3,kiwipete,62362,12,15,7b/3p1p2/1p1kqn2/8/1p2P3/5P1p/PPPB1P1P/R3K2R b KQ - 0 8,f6e4,100,-1,-45,-32,-224,79,-38,EXACT,true,false,true,true,static,-38,SEE-negative,1
benchmark:middlegame:3,middlegame,29984,14,17,5rk1/2p2ppp/2Bp4/3Np3/4P3/P7/1PP3bP/R3K3 b - - 0 18,g2e4,100,1,-56,-47,-235,79,-41,LOWER,true,true,true,true,static,-41,ordinary-nonchecking-capture,6
benchmark:middlegame:3,middlegame,30316,14,17,3r2k1/2p2ppp/2Bp4/3Np3/4P3/P7/1PP3bP/R3K3 b - - 0 18,g2e4,100,1,-64,-10,-243,79,107,LOWER,true,true,true,true,static,107,same-target-q-recapture,1
benchmark:middlegame:3,middlegame,30323,14,17,3r2k1/2p2ppp/2Bp4/3Np3/4P3/P7/1PP3bP/R3K3 b - - 0 18,g2e4,100,1,-64,-12,-243,79,107,LOWER,true,true,true,true,static,107,ordinary-nonchecking-capture,1
benchmark:middlegame:3,middlegame,32617,11,14,r4rk1/1Bp2ppp/2np4/3Np3/8/P2P1q2/1PP4P/R3KR2 w - - 0 17,f1f3,975,1,72,86,-982,79,212,LOWER,true,true,true,true,static,212,same-target-q-recapture,1
benchmark:middlegame:3,middlegame,39527,11,14,3n1Bk1/1pp2ppp/r2p4/3Np3/4n3/P2P4/1PP3PP/R4K2 w - - 0 17,f8g7,100,-1,10,47,-169,79,24,EXACT,true,false,true,true,static,24,SEE-negative,1
benchmark:middlegame:3,middlegame,42135,14,17,5rk1/2p2pp1/2Bp4/3Np2p/4P3/P7/1PP3bP/R3K3 b - - 0 18,g2e4,100,1,-63,-54,-242,79,-46,LOWER,true,true,true,true,static,-46,ordinary-nonchecking-capture,1
corpus:tail-kiwipete-e1d1:full,tail-kiwipete-e1d1,4128,15,15,r3k2b/p1pp1p2/1n2q3/8/8/8/PPP2QpP/R1K4R w q - 0 9,f2g2,100,1,-263,-261,-441,78,-153,LOWER,true,true,true,true,static,-153,same-target-q-recapture,1
corpus:tail-kiwipete-f3h3:full,tail-kiwipete-f3h3,283,12,12,r2k4/p1pPq1b1/1n3np1/8/4P3/7P/PPPK1P1P/R6R b - - 0 7,d8d7,100,1,491,590,313,78,777,LOWER,true,true,true,true,static,777,ordinary-nonchecking-capture,3
benchmark:kiwipete:3,kiwipete,47958,16,19,5k2/3p1pb1/Np3np1/8/1p2Q3/8/PPP1KP2/R6r b - - 1 10,h1a1,500,1,-35,-32,-613,78,-30,LOWER,true,true,true,true,static,-30,ordinary-nonchecking-capture,1
benchmark:kiwipete:3,kiwipete,48371,12,15,r1k4r/p1p3b1/6Q1/4q3/1p2P3/7p/PPPK1PPP/R6R b - - 0 8,e5b2,100,1,-61,-46,-239,78,-56,EXACT,true,false,true,false,static,-39,ordinary-nonchecking-capture,1
benchmark:kiwipete:3,kiwipete,60463,10,13,n2k3r/p2p1pb1/5np1/8/1p2Q3/7p/PPPB1PPP/R2K3R b - - 0 7,f6e4,975,1,-33,-32,-1086,78,-2,LOWER,true,true,true,true,static,-2,same-target-q-recapture,1
benchmark:kiwipete:3,kiwipete,60814,10,13,n2k3r/p2p1Qb1/6p1/4q3/1B2n3/7p/PPP1KPPP/R6R b - - 0 7,h3g2,100,1,-67,-35,-245,78,-12,LOWER,true,true,true,true,static,-12,ordinary-nonchecking-capture,3
benchmark:middlegame:3,middlegame,10853,6,9,2r2r2/1pp1k1pp/p1np1q2/2b1N3/4P1Q1/P1NP4/1PP2PPP/4RRK1 b - - 0 14,f6e5,320,1,-22,-10,-420,78,13,LOWER,true,true,true,true,static,13,ordinary-nonchecking-capture,1
benchmark:middlegame:3,middlegame,23292,14,17,r5k1/2p2ppp/p2p4/4p1q1/8/P1Q5/1PP3PP/R2K1R2 b - - 0 18,g5g2,100,1,-13,-10,-191,78,24,LOWER,true,true,true,true,static,24,ordinary-nonchecking-capture,1
benchmark:middlegame:3,middlegame,36481,16,19,B5k1/2p2pBp/p7/8/8/P7/1bP2PbP/R5K1 b - - 0 19,b2a1,500,1,-18,-10,-596,78,0,LOWER,true,true,true,true,static,0,ordinary-nonchecking-capture,1
benchmark:middlegame:3,middlegame,36872,14,17,B5k1/2p2p1p/p2p4/4B3/4b3/P2P4/1bP2P1P/R5K1 b - - 0 18,b2a1,500,1,-16,-10,-594,78,0,LOWER,true,true,true,true,static,0,ordinary-nonchecking-capture,1
benchmark:middlegame:3,middlegame,36886,18,21,B5k1/2p2p1p/p2B4/8/8/P2P4/5P1P/b5K1 b - - 0 20,c7d6,330,1,-16,-10,-424,78,0,LOWER,true,true,true,true,static,0,ordinary-nonchecking-capture,2
benchmark:middlegame:3,middlegame,41659,9,12,r4Bk1/1pp2pp1/B1np3p/3Np3/4n3/P2P4/1PP3PP/R3Kb2 w - - 0 16,a6b7,100,1,10,76,-168,78,59,EXACT,true,false,true,true,static,59,ordinary-nonchecking-capture,1
corpus:tail-kiwipete-e1d1:full,tail-kiwipete-e1d1,1038,20,20,r6r/p2nkPb1/8/8/8/8/PPPK1P1P/7R b - - 0 11,e7f7,100,1,261,263,84,77,537,LOWER,true,true,true,true,static,537,ordinary-nonchecking-capture,4
corpus:tail-kiwipete-e1d1:full,tail-kiwipete-e1d1,4095,11,11,r3k2b/p1pp1p2/1n3n2/8/4q3/5Q1p/PPPK1PPP/R6R w q - 0 7,f3h3,100,1,-263,-217,-440,77,-261,EXACT,true,false,true,true,static,-261,ordinary-nonchecking-capture,1
corpus:tail-kiwipete-e1d1:full,tail-kiwipete-e1d1,8034,20,20,r6r/p2nkPb1/8/8/8/8/PPPK1P1P/7R b - - 0 11,e7f7,100,1,261,266,84,77,537,LOWER,true,true,true,true,static,537,ordinary-nonchecking-capture,4
corpus:tail-kiwipete-e1d1:full,tail-kiwipete-e1d1,13555,16,16,r6b/p1pk4/1n4p1/8/4n3/7p/PPP1KPPP/R6R b - - 1 9,h8b2,100,1,282,291,105,77,288,EXACT,true,false,true,false,static,503,ordinary-nonchecking-capture,1
corpus:tail-evasion-:upper,tail-evasion-,341,7,7,r3k2r/Pppp1ppp/5nbN/nPq5/B3P3/5N2/P2P1RPP/Q5K1 b kq - 1 4,c5a7,100,1,390,391,213,77,418,LOWER,true,true,true,true,static,418,ordinary-nonchecking-capture,1
benchmark:evasion:2,evasion,8088,7,9,r3k2r/Pppp1p1p/5nbp/nP6/B1PRP3/B4N2/P5PP/7K b kq - 0 5,a8a7,100,1,207,410,30,77,423,LOWER,true,true,true,true,static,423,ordinary-nonchecking-capture,1
benchmark:middlegame:2,middlegame,2214,6,8,r4rk1/1pp2ppp/p1np4/4p1q1/2B1n3/P1NP1Q2/1PP1K1PP/1R3R2 w - - 0 14,f3e4,320,1,-6,4,-403,77,36,LOWER,true,true,true,true,static,36,ordinary-nonchecking-capture,1
benchmark:kiwipete:3,kiwipete,3640,11,14,r3k3/p1p1q3/1n2p1N1/3P4/4n3/8/P1P1KPPP/r6R w q - 0 8,h1a1,500,1,-759,-744,-1336,77,-688,LOWER,true,true,true,true,static,-688,same-target-q-recapture,1
benchmark:kiwipete:3,kiwipete,26063,12,15,r3k2b/p1p1q3/B3Pnp1/8/4P3/8/P1PK1PPP/R7 b q - 0 8,e7e6,100,1,590,649,413,77,819,LOWER,true,true,true,true,static,819,ordinary-nonchecking-capture,2
benchmark:kiwipete:3,kiwipete,32401,8,11,r6r/p1pkq1b1/5n2/6p1/1p2P3/8/PPPBNPPP/R3K2R b KQ - 0 6,e7e4,100,1,663,686,486,77,696,LOWER,true,true,true,true,static,696,ordinary-nonchecking-capture,3
benchmark:kiwipete:3,kiwipete,32758,14,17,7r/p3qkb1/4Nn2/3P2B1/4P3/8/P1P1KPPP/7r b - - 0 9,h1h2,100,1,663,686,486,77,730,LOWER,true,true,true,true,static,730,ordinary-nonchecking-capture,1
benchmark:kiwipete:3,kiwipete,40471,9,12,r6r/p1pk1pb1/Bn4p1/8/4Q3/8/PPPp1PpP/R2K3R w - - 0 7,e4g2,100,1,256,310,79,77,321,LOWER,true,true,true,true,static,321,same-target-q-recapture,2
benchmark:kiwipete:3,kiwipete,45193,10,13,r3k3/p1ppBp2/B3p1p1/3P4/8/7P/P1P2P1P/b3K2R b Kq - 0 7,e8e7,330,1,92,213,-315,77,108,EXACT,true,false,true,true,static,108,same-target-q-recapture,1
benchmark:kiwipete:3,kiwipete,47981,20,23,6k1/3p1pb1/NQ3np1/8/8/8/PPP2PK1/r7 b - - 0 12,a1a2,100,1,-35,-32,-212,77,-26,LOWER,true,true,true,true,static,-26,ordinary-nonchecking-capture,1
benchmark:middlegame:3,middlegame,11625,6,9,3r1r2/1pp1k1pp/p1np1q2/2b1N3/4P1Q1/P1NP4/1PP2PPP/4RRK1 b - - 0 14,f6e5,320,1,-22,-10,-419,77,14,LOWER,true,true,true,true,static,14,ordinary-nonchecking-capture,1
benchmark:middlegame:3,middlegame,14479,7,10,r4rk1/1pp1qppp/B1np4/4p1n1/8/P2P1N2/1PP1Q1PP/4RRK1 w - - 0 15,a6b7,100,1,10,17,-167,77,79,LOWER,true,true,true,true,static,79,ordinary-nonchecking-capture,1
benchmark:middlegame:3,middlegame,26890,14,17,5r1k/2p2ppp/2Bp4/3Np3/4P3/P7/1PP3bP/R3K3 b - - 0 18,g2e4,100,1,-55,-45,-232,77,-37,LOWER,true,true,true,true,static,-37,ordinary-nonchecking-capture,1
benchmark:middlegame:3,middlegame,30797,11,14,4rBk1/1Bp2ppp/2np4/3Np3/4n3/P2P4/1PP3bP/R3K3 w - - 0 17,f8g7,100,-1,17,47,-160,77,45,EXACT,true,false,true,true,static,45,SEE-negative,1
benchmark:middlegame:3,middlegame,42118,9,12,r4Bk1/1pp2pp1/B1np4/3Np2p/4n3/P2P4/1PP3PP/R3Kb2 w - - 0 16,a6b7,100,1,14,79,-163,77,54,EXACT,true,false,true,true,static,54,ordinary-nonchecking-capture,1
corpus:tail-kiwipete-e1d1:full,tail-kiwipete-e1d1,12997,14,14,r7/p1pk2b1/1n4N1/8/4n3/7p/PPPp1PPP/R2K3R b - - 0 8,h3g2,100,1,272,282,96,76,520,LOWER,true,true,true,true,static,520,ordinary-nonchecking-capture,1
corpus:tail-kiwipete-e1d1:full,tail-kiwipete-e1d1,15937,20,20,r2k3b/p1pp4/Bn6/8/8/8/PPP1K2P/7R b - - 0 11,h8b2,100,1,283,291,107,76,289,EXACT,true,false,true,true,static,289,ordinary-nonchecking-capture,3
benchmark:kiwipete:2,kiwipete,11324,15,17,r2r4/p1p2pB1/1n4p1/8/4P1k1/7p/PPP1KPPP/R6R b - - 0 9,h3g2,100,1,-81,-61,-257,76,165,LOWER,true,true,true,true,static,165,ordinary-nonchecking-capture,2
benchmark:evasion:2,evasion,573,5,7,r3k2r/Pppp1p1p/5nbp/nP6/BBP1P3/5N2/1R1P1KPP/3Q4 b kq - 0 4,a8a7,100,1,-779,-544,-955,76,-541,LOWER,true,true,true,true,static,-541,ordinary-nonchecking-capture,2
benchmark:middlegame:2,middlegame,1659,6,8,r4rk1/1pp2ppp/p1np4/4p1q1/2B1n3/P1NP1Q2/1PP1K1PP/R4R2 w - - 0 14,f3e4,320,1,-6,6,-402,76,39,LOWER,true,true,true,true,static,39,ordinary-nonchecking-capture,2
benchmark:middlegame:2,middlegame,4009,12,14,r7/1pp1q1pk/p1np4/4p3/6Q1/P1NPK3/1PP3PP/4Rr2 w - - 0 17,e1f1,500,1,-6,27,-582,76,151,LOWER,true,true,true,true,static,151,ordinary-nonchecking-capture,1
benchmark:kiwipete:3,kiwipete,8051,4,7,r2k3r/p1p2qb1/bn2Pnp1/8/1p2P3/2N5/PPPBBPPP/R3K2R b KQ - 0 4,f7e6,100,1,590,633,414,76,735,LOWER,true,true,true,true,static,735,same-target-q-recapture,1
benchmark:kiwipete:3,kiwipete,11164,10,13,r2qk2N/p1pp4/Bn2p3/3P4/8/2P5/P1P2nPP/R3K2R b KQq - 0 7,f2h1,500,1,644,671,68,76,650,EXACT,true,false,true,true,static,650,ordinary-nonchecking-capture,1
benchmark:kiwipete:3,kiwipete,20223,10,13,r3k2N/p1p5/1n2qnp1/8/4P3/2K5/PPP1bPPP/R6R b q - 0 7,e6e4,100,1,663,671,487,76,718,LOWER,true,true,true,true,static,718,ordinary-nonchecking-capture,2
benchmark:kiwipete:3,kiwipete,24526,16,19,r4b2/p1pPk3/Bn6/8/8/2P5/P1P1KPP1/r7 b - - 0 10,e7d7,100,1,668,677,492,76,1025,LOWER,true,true,true,true,static,1025,same-target-q-recapture,1
benchmark:kiwipete:3,kiwipete,26447,9,12,r3k2N/p1p1q1b1/4p1p1/3P4/1p6/2n5/PPP1bPPP/R3K2R w q - 0 7,h8g6,100,1,-649,-591,-825,76,-572,LOWER,true,true,true,true,static,-572,ordinary-nonchecking-capture,1
benchmark:kiwipete:3,kiwipete,26525,10,13,r3k2b/p1p1q3/4p1p1/3P4/1p2n3/4K3/PPP1NPPP/R6R b q - 0 7,e6d5,100,1,590,649,414,76,610,EXACT,true,false,true,true,static,610,ordinary-nonchecking-capture,1
benchmark:kiwipete:3,kiwipete,47919,10,13,5k1r/3p1pb1/Np3np1/8/1p2q3/5Q1p/PPP2PPP/R2K3R b - - 1 7,h3g2,100,1,-35,-32,-211,76,44,LOWER,true,true,true,true,static,44,ordinary-nonchecking-capture,1
benchmark:kiwipete:3,kiwipete,66865,14,17,r2r4/p1p2pB1/1n4p1/8/4P1k1/7p/PPP1KPPP/R6R b - - 0 9,h3g2,100,1,-81,-32,-257,76,165,LOWER,true,true,true,true,static,165,ordinary-nonchecking-capture,2
benchmark:middlegame:3,middlegame,13613,14,17,r3k3/1pp1r1pp/p1np4/2b1N3/6Q1/P1N5/1PP3PP/4R2K b - - 0 18,d6e5,320,1,-16,-10,-412,76,88,LOWER,true,true,true,true,static,88,ordinary-nonchecking-capture,1
benchmark:middlegame:3,middlegame,31992,9,12,r2B2k1/1pp2ppp/B1np4/3Np3/4n3/P2P4/1PP3PP/R3Kb2 w - - 0 16,a6b7,100,1,10,111,-166,76,77,EXACT,true,false,true,true,static,77,ordinary-nonchecking-capture,1
benchmark:middlegame:3,middlegame,36327,14,17,r5k1/2p2ppp/p7/4B3/4B3/P7/1bP2PPP/R5K1 b - - 0 18,b2e5,330,1,-19,-10,-425,76,0,LOWER,true,true,true,true,static,0,ordinary-nonchecking-capture,1
benchmark:middlegame:3,middlegame,38295,11,14,5rk1/1pp2ppp/B2p4/n2Np3/4n3/P2P4/1PP3PP/5RK1 w - - 0 17,a6b7,100,-1,45,50,-131,76,126,LOWER,true,true,true,true,static,126,SEE-negative,1
benchmark:middlegame:3,middlegame,41102,11,14,r4k2/1pp2p1p/B1np2p1/3Np3/4n3/P2P4/1PP3PP/R4K2 w - - 0 17,a6b7,100,1,10,93,-166,76,94,LOWER,true,true,true,true,static,94,ordinary-nonchecking-capture,1
corpus:three-capture-xray:full,three-capture-xray,2,2,2,7k/8/8/p7/8/8/8/R6K w - - 0 2,a1a5,100,1,450,1379,275,75,707,EXACT,true,false,true,true,static,707,same-target-q-recapture,1
corpus:tail-kiwipete-e1d1:full,tail-kiwipete-e1d1,6237,18,18,r4R1N/p1ppk1b1/1n3n2/8/8/8/PPP1KP1P/7R b - - 0 10,a8f8,500,1,244,246,-331,75,299,LOWER,true,true,true,true,static,299,ordinary-nonchecking-capture,2
corpus:tail-kiwipete-e1d1:full,tail-kiwipete-e1d1,15931,20,20,r2k3b/p1pp4/Bn6/8/8/8/PPP1K2P/7R b - - 0 11,h8b2,100,1,282,291,107,75,289,EXACT,true,false,true,true,static,289,ordinary-nonchecking-capture,1
corpus:tail-kiwipete-e1d1:full,tail-kiwipete-e1d1,19423,10,10,r3k2r/p1ppqp2/Bn2p1p1/3P4/8/2P5/P1P2PQP/R2K3R b kq - 0 6,e6d5,100,1,300,328,125,75,310,EXACT,true,false,true,true,static,310,ordinary-nonchecking-capture,1
corpus:tail-kiwipete-e1d1:upper,tail-kiwipete-e1d1,325,10,10,r3k2r/p1ppqp2/Bn2p1p1/3P4/8/2P5/P1P2PQP/R2K3R b kq - 0 6,e6d5,100,1,300,301,125,75,310,LOWER,true,true,true,true,static,310,ordinary-nonchecking-capture,1
corpus:tail-kiwipete-f3h3:full,tail-kiwipete-f3h3,57,12,12,r2k4/p1pPq1b1/1n3np1/8/4P3/7P/PPPK1P1P/R6R b - - 0 7,d8d7,100,1,488,588,313,75,777,LOWER,true,true,true,true,static,777,ordinary-nonchecking-capture,3
benchmark:evasion:2,evasion,634,9,11,4k2r/rppp1ppp/6bN/nP6/BBP5/5N2/1R1n2PP/3Q2K1 b k - 1 6,a5c4,100,1,-387,-380,-562,75,-355,LOWER,true,true,true,true,static,-355,ordinary-nonchecking-capture,4
benchmark:evasion:2,evasion,1822,15,17,5k1r/1Q4pp/5nb1/1PP5/r3P3/5N2/1n4PP/5RK1 b - - 0 9,a4e4,100,1,-613,-559,-788,75,-510,LOWER,true,true,true,true,static,-510,ordinary-nonchecking-capture,2
benchmark:kiwipete:3,kiwipete,43485,13,16,r3k2N/p1pnq3/6p1/3p4/1p6/2P2Q2/P1P2PpP/R1K4R w - - 0 9,f3g2,100,1,273,290,98,75,364,LOWER,true,true,true,true,static,364,same-target-q-recapture,1
benchmark:kiwipete:3,kiwipete,47836,10,13,7r/3pkpb1/Np3np1/8/1p2q3/5Q1p/PPP2PPP/R2K3R b - - 1 7,h3g2,100,1,-35,-32,-210,75,69,LOWER,true,true,true,true,static,69,ordinary-nonchecking-capture,1
benchmark:middlegame:3,middlegame,13606,14,17,r3k3/1pp1r1pp/p1np4/2b1N3/6Q1/P1N5/1PP3PP/4R2K b - - 0 18,c6e5,320,1,-17,-10,-412,75,-16,EXACT,true,false,true,false,static,88,ordinary-nonchecking-capture,1
benchmark:middlegame:3,middlegame,36290,14,17,B5k1/2p2ppp/p7/4B3/4b3/P7/1bP2PPP/R5K1 b - - 0 18,b2a1,500,1,-19,-10,-594,75,0,LOWER,true,true,true,true,static,0,ordinary-nonchecking-capture,1
benchmark:middlegame:3,middlegame,39513,11,14,r2n1k2/1pp2ppp/B2p4/3Np3/4n3/P2P4/1PP3PP/R4K2 w - - 0 17,a6b7,100,-1,10,47,-165,75,86,LOWER,true,true,true,true,static,86,SEE-negative,1
corpus:tail-kiwipete-e1d1:full,tail-kiwipete-e1d1,6156,10,10,r2k3r/p1pP1qb1/1n3np1/8/4P3/7p/PPPQ1PPP/R2K3R b - - 0 6,f7d7,100,1,210,263,36,74,431,LOWER,true,true,true,true,static,431,ordinary-nonchecking-capture,1
corpus:tail-kiwipete-e1d1:full,tail-kiwipete-e1d1,13079,10,10,r2k3r/p1pP1qb1/1n3np1/8/4P3/7p/PPPQ1PPP/R2K3R b - - 0 6,f7d7,100,1,210,282,36,74,431,LOWER,true,true,true,true,static,431,ordinary-nonchecking-capture,1
benchmark:kiwipete:2,kiwipete,7134,13,15,r7/p1pP1kb1/1n3np1/8/4P3/8/PPPK1P1P/R6R b - - 0 8,b6d7,100,1,-463,-351,-637,74,-205,LOWER,true,true,true,true,static,-205,ordinary-nonchecking-capture,2
benchmark:middlegame:2,middlegame,2933,7,9,4rr2/1pp1k1pp/p1np1q2/2b1N3/4P1Q1/P1NP4/1PP2PPP/2R2RK1 b - - 0 14,f6e5,320,1,3,6,-391,74,52,LOWER,true,true,true,true,static,52,ordinary-nonchecking-capture,1
benchmark:middlegame:2,middlegame,5638,6,8,r4rk1/1pp2ppp/p1np4/3Bp1q1/4n3/P1NP1Q2/1PP1K1PP/R4R2 w - - 0 14,f3e4,320,1,-1,19,-395,74,47,LOWER,true,true,true,true,static,47,ordinary-nonchecking-capture,1
benchmark:kiwipete:3,kiwipete,4137,9,12,r3k2N/p1p1q1b1/1n2p1p1/3P4/8/2B5/PPP1K1PP/R6n w q - 0 7,h8g6,100,1,-796,-771,-970,74,-703,LOWER,true,true,true,true,static,-703,ordinary-nonchecking-capture,1
benchmark:kiwipete:3,kiwipete,4527,13,16,r3k3/p1p1N1b1/1n2p3/3P4/8/8/P1P1KPPP/7r w q - 0 9,d5e6,100,1,-797,-771,-971,74,-789,EXACT,true,false,true,true,static,-789,ordinary-nonchecking-capture,1
benchmark:kiwipete:3,kiwipete,10177,8,11,r6r/p1pk2b1/5np1/2q5/1p2P3/8/PPPBNPPP/R3K2R b KQ - 0 6,f6e4,100,1,697,722,523,74,835,LOWER,true,true,true,true,static,835,ordinary-nonchecking-capture,2
benchmark:kiwipete:3,kiwipete,28735,18,21,2N1k3/p1pp4/4p3/3P4/8/2n5/P1PK1PP1/r7 b - - 1 11,c3d5,100,1,641,661,467,74,645,EXACT,true,false,true,true,static,645,ordinary-nonchecking-capture,1
benchmark:kiwipete:3,kiwipete,28762,18,21,2N1k3/p1pp4/4p3/3P4/8/2n5/P1PK1PP1/r7 b - - 0 11,c3d5,100,1,641,661,467,74,645,EXACT,true,false,true,true,static,645,ordinary-nonchecking-capture,1
benchmark:kiwipete:3,kiwipete,28829,18,21,2N1k3/p1pp4/4p3/3P4/8/2n5/P1PK1PP1/r7 b - - 1 11,c3d5,100,1,641,654,467,74,645,EXACT,true,false,true,true,static,645,ordinary-nonchecking-capture,1
benchmark:kiwipete:3,kiwipete,32206,13,16,r4k1r/p1p5/1n2p3/3P4/4P3/2q5/P1P1KPPP/R6R w - - 0 9,d5e6,100,1,-677,-676,-851,74,-632,LOWER,true,true,true,true,static,-632,ordinary-nonchecking-capture,1
benchmark:middlegame:3,middlegame,36904,14,17,r5k1/1Bp2p1p/p2p4/4B3/4P3/P7/1bP2P1P/R5K1 b - - 0 18,b2e5,330,1,-16,-10,-420,74,-10,LOWER,true,true,true,true,static,-10,ordinary-nonchecking-capture,1
corpus:tail-kiwipete-e1d1:full,tail-kiwipete-e1d1,612,16,16,r6r/4kpb1/1p2P1p1/8/8/7p/PPPK1PPP/R6R b - - 0 9,h3g2,100,1,172,210,-1,73,240,LOWER,true,true,true,true,static,240,ordinary-nonchecking-capture,1
corpus:tail-kiwipete-e1d1:full,tail-kiwipete-e1d1,8671,12,12,r6r/p1pk1pb1/1n4p1/4Q3/4P3/7p/PPPK1PPP/R6R b - - 0 7,g7e5,975,1,201,291,-847,73,372,LOWER,true,true,true,true,static,372,same-target-q-recapture,1
corpus:tail-kiwipete-e1d1:full,tail-kiwipete-e1d1,14225,12,12,r6r/p1ppkPb1/1n3n2/8/4P3/5P1p/PPPK1P1P/R6R b - - 0 7,e7f7,100,1,282,291,109,73,537,LOWER,true,true,true,true,static,537,ordinary-nonchecking-capture,2
corpus:tail-kiwipete-e1d1:full,tail-kiwipete-e1d1,14437,16,16,r6r/p1pn2b1/5kp1/8/4P3/7p/PPP1KPPP/R6R b - - 0 9,h3g2,100,1,282,291,109,73,514,LOWER,true,true,true,true,static,514,ordinary-nonchecking-capture,1
corpus:tail-kiwipete-e1d1:full,tail-kiwipete-e1d1,18897,18,18,r6r/p1ppk1b1/1n3R2/8/4P3/8/P1PK1P1P/R6R b - - 0 10,e7f6,500,1,291,300,-282,73,388,LOWER,true,true,true,true,static,388,same-target-q-recapture,2
benchmark:kiwipete:2,kiwipete,2330,7,9,r6r/p1ppk3/Bn2P1p1/4b3/1p2N3/7p/PPPB1PPP/R3K2R b KQ - 0 5,h3g2,100,1,-310,-283,-483,73,-81,LOWER,true,true,true,true,static,-81,ordinary-nonchecking-capture,1
benchmark:kiwipete:2,kiwipete,11514,15,17,r2r4/p1p2pB1/1n4p1/7k/4P3/7p/PPP1KPPP/R6R b - - 0 9,h3g2,100,1,-78,-61,-251,73,171,LOWER,true,true,true,true,static,171,ordinary-nonchecking-capture,1
benchmark:evasion:2,evasion,1381,5,7,r3k2r/Pppp1p1p/5nbp/nP6/BBP1P3/5N2/1R1P1bPP/3Q1K2 b kq - 0 4,a8a7,100,1,-422,-406,-595,73,-402,LOWER,true,true,true,true,static,-402,ordinary-nonchecking-capture,2
benchmark:evasion:2,evasion,6772,13,15,r3k2N/Pppp2pp/6b1/nP6/2Q1n3/5R2/P5PP/R3K3 b q - 0 8,a5c4,975,1,-242,-240,-1290,73,-196,LOWER,true,true,true,true,static,-196,same-target-q-recapture,2
benchmark:middlegame:2,middlegame,6493,11,13,r5k1/2p2pBp/p1pp4/4p3/4P3/P1PP4/2P2PPP/R4bK1 b - - 0 16,f1g2,100,-1,-13,0,-186,73,0,LOWER,true,true,true,true,static,0,SEE-negative,1
benchmark:kiwipete:3,kiwipete,6711,6,9,r3k2r/p1p1qp2/5bp1/3p4/1p2P3/8/PPPBNPPP/R3K2R b KQkq - 0 5,e7e4,100,1,720,839,547,73,783,EXACT,true,false,true,true,static,783,ordinary-nonchecking-capture,1
benchmark:kiwipete:3,kiwipete,9850,14,17,r3k3/p1p5/4pbp1/3P4/8/8/PPq2PPP/R4K1R b q - 1 9,e6d5,100,1,616,661,443,73,747,LOWER,true,true,true,true,static,747,ordinary-nonchecking-capture,1
benchmark:kiwipete:3,kiwipete,15199,0,3,r3k3/p1ppqpbr/bn2Qnp1/3PN3/1p2P3/2N5/PPPBBPPP/R3K2R b KQq - 0 2,d7e6,975,1,590,32769,-458,73,641,EXACT,true,false,true,true,static,641,ordinary-nonchecking-capture,1
benchmark:kiwipete:3,kiwipete,26282,10,13,r3k2b/p1p1q3/4p1p1/3P4/1p2n3/8/PPP1NPPP/R1K4R b q - 0 7,e6d5,100,1,590,649,417,73,601,EXACT,true,false,true,true,static,601,ordinary-nonchecking-capture,1
benchmark:kiwipete:3,kiwipete,38485,6,9,r6r/p1ppk3/Bn2P1p1/4b3/1p2N3/7p/PPPB1PPP/R3K2R b KQ - 0 5,h3g2,100,1,-310,-256,-483,73,-81,LOWER,true,true,true,true,static,-81,ordinary-nonchecking-capture,1
benchmark:kiwipete:3,kiwipete,44061,14,17,2r4N/p1pk4/1n6/8/1p6/2P4p/P1Pn1PPP/R3K2R b KQ - 0 9,h3g2,100,1,-285,-273,-458,73,-263,LOWER,true,true,true,true,static,-263,ordinary-nonchecking-capture,1
benchmark:kiwipete:3,kiwipete,49168,19,22,7r/p1pp4/1n1k4/8/8/2P5/P1P2KpP/R6R w - - 0 12,f2g2,100,1,32,50,-141,73,358,LOWER,true,true,true,true,static,358,same-target-q-recapture,1
benchmark:kiwipete:3,kiwipete,66810,17,20,r6r/p1B2pB1/1n4p1/8/4k3/8/PPP1KP1P/R6q w - - 0 11,a1h1,975,1,37,115,-1011,73,81,EXACT,true,false,true,true,static,81,same-target-q-recapture,1
benchmark:kiwipete:3,kiwipete,67060,14,17,r2r4/p1p2pB1/1n4p1/7k/4P3/7p/PPP1KPPP/R6R b - - 0 9,h3g2,100,1,-78,-32,-251,73,171,LOWER,true,true,true,true,static,171,ordinary-nonchecking-capture,1
benchmark:evasion:3,evasion,16466,6,9,r3k2N/Pppp2pp/5nb1/nPb5/q2PP3/5N2/P5PP/Q4RK1 b q d3 0 5,a8a7,100,1,249,411,76,73,256,EXACT,true,false,true,false,static,363,ordinary-nonchecking-capture,1
benchmark:middlegame:3,middlegame,7511,5,8,r4rk1/1pp2ppp/p1np4/4p1q1/2B1n3/P1NP1Q2/1PP1K1PP/4RR2 w - - 0 14,f3e4,320,1,10,27,-383,73,58,LOWER,true,true,true,true,static,58,ordinary-nonchecking-capture,1
benchmark:middlegame:3,middlegame,22212,10,13,r5k1/2p2pBp/p1pp4/4p3/4P3/P1PP4/2P2PPP/R4bK1 b - - 0 16,f1g2,100,-1,-13,-10,-186,73,0,LOWER,true,true,true,true,static,0,SEE-negative,2
benchmark:middlegame:3,middlegame,31310,9,12,rr4k1/1Bp2ppp/2np4/3Np1N1/4n3/P2P4/1PP3PP/R3Kb2 w - - 0 16,b7a8,500,1,10,79,-563,73,30,EXACT,true,false,true,true,static,30,ordinary-nonchecking-capture,1
benchmark:middlegame:3,middlegame,36888,18,21,B5k1/2B2p1p/p7/8/8/P2b4/2P2P1P/b5K1 b - - 0 20,d3c2,100,1,-16,-10,-189,73,0,LOWER,true,true,true,true,static,0,ordinary-nonchecking-capture,2
benchmark:middlegame:3,middlegame,37174,16,19,B5k1/2p2p1p/p2p4/8/8/P7/1bP2PPP/R5K1 b - - 0 19,b2a1,500,1,-104,-65,-677,73,-41,LOWER,true,true,true,true,static,-41,ordinary-nonchecking-capture,2
benchmark:middlegame:3,middlegame,38240,11,14,r4k2/1pp2ppp/B2p4/n2Np3/4n3/P2P4/1PP3PP/R4K2 w - - 0 17,a6b7,100,-1,18,50,-155,73,101,LOWER,true,true,true,true,static,101,SEE-negative,1
benchmark:middlegame:3,middlegame,38492,11,14,r4k2/npp2ppp/B2p4/3Np3/4n3/P2P4/1PP3PP/R4K2 w - - 0 17,a6b7,100,1,42,111,-131,73,127,LOWER,true,true,true,true,static,127,ordinary-nonchecking-capture,1
corpus:tail-kiwipete-e1d1:full,tail-kiwipete-e1d1,1030,16,16,r6r/p2nkpb1/4P3/8/8/7p/PPPK1PPP/R6R b - - 0 9,h3g2,100,1,261,263,89,72,379,LOWER,true,true,true,true,static,379,ordinary-nonchecking-capture,1
corpus:tail-kiwipete-e1d1:full,tail-kiwipete-e1d1,8026,16,16,r6r/p2nkpb1/4P3/8/8/7p/PPPK1PPP/R6R b - - 0 9,h3g2,100,1,261,266,89,72,379,LOWER,true,true,true,true,static,379,ordinary-nonchecking-capture,1
benchmark:middlegame:2,middlegame,3550,7,9,4rr2/1pp1k1pp/p1np1q2/2b1N3/4P1Q1/P1NP4/1PP2PPP/3R1RK1 b - - 0 14,f6e5,320,1,4,6,-388,72,54,LOWER,true,true,true,true,static,54,ordinary-nonchecking-capture,1
benchmark:kiwipete:3,kiwipete,26038,10,13,r3k2b/p1p1q3/4Pnp1/8/4P3/2P5/P1PKbPPP/R6R b q - 0 7,e7e6,100,1,603,649,431,72,831,LOWER,true,true,true,true,static,831,same-target-q-recapture,2
benchmark:kiwipete:3,kiwipete,27428,0,3,r1n1k2r/p1ppqpb1/b3Qnp1/3PN3/1p2P3/2N5/PPPBBPPP/R3K2R b KQkq - 0 2,d7e6,975,1,590,32769,-457,72,641,EXACT,true,false,true,true,static,641,ordinary-nonchecking-capture,1
benchmark:kiwipete:3,kiwipete,43439,20,23,r3kn2/p1p5/4P1p1/8/8/4K3/P1P2PPP/R7 b - - 0 12,f8e6,100,1,-289,-273,-461,72,93,LOWER,true,true,true,true,static,93,ordinary-nonchecking-capture,1
benchmark:kiwipete:3,kiwipete,44350,16,19,7r/p1Npk1b1/Bn2P3/8/1p6/8/PPPK1P1P/7R b - - 0 10,g7b2,100,1,-280,-277,-452,72,-273,LOWER,true,true,true,true,static,-273,ordinary-nonchecking-capture,1
benchmark:kiwipete:3,kiwipete,48928,14,17,7r/p3kp2/6p1/3nb3/8/7p/PPPK1PPP/R6R b - - 0 9,h3g2,100,1,-61,-32,-233,72,226,LOWER,true,true,true,true,static,226,ordinary-nonchecking-capture,1
benchmark:kiwipete:3,kiwipete,60484,10,13,n2k3r/p2p1pb1/5np1/8/1p2Q3/7p/PPPB1PPP/R4K1R b - - 0 7,f6e4,975,1,-45,-32,-1092,72,-11,LOWER,true,true,true,true,static,-11,same-target-q-recapture,1
benchmark:middlegame:3,middlegame,31314,13,16,r5k1/2p2ppp/2np4/3Np1n1/8/P2P4/1PP3PP/R4K2 w - - 0 18,d5c7,100,1,10,46,-162,72,58,LOWER,true,true,true,true,static,58,ordinary-nonchecking-capture,2
benchmark:middlegame:3,middlegame,40994,9,12,r4rk1/1pp2p1p/B1np2p1/3Np1n1/8/P2P4/1PP1K1PP/R4R2 w - - 0 16,a6b7,100,1,10,111,-162,72,93,EXACT,true,false,true,true,static,93,ordinary-nonchecking-capture,1
corpus:tail-kiwipete-e1d1:full,tail-kiwipete-e1d1,415,15,15,r4k1r/p2n1pb1/4P1p1/8/8/8/PPPK1PpP/R6R w - - 0 9,e6d7,320,1,-263,-212,-654,71,-261,EXACT,true,false,true,true,static,-261,ordinary-nonchecking-capture,2
corpus:tail-kiwipete-e1d1:full,tail-kiwipete-e1d1,3888,20,20,r2k3N/p1pp4/1n2Q3/8/8/8/n1P2P1P/5K1R b - - 0 11,d7e6,975,1,217,263,-829,71,249,EXACT,true,false,true,true,static,249,same-target-q-recapture,1
corpus:tail-kiwipete-e1d1:full,tail-kiwipete-e1d1,11009,20,20,r2k3N/p1pp4/1n2Q3/8/8/8/n1P2P1P/5K1R b - - 0 11,d7e6,975,1,217,282,-829,71,249,EXACT,true,false,true,true,static,249,same-target-q-recapture,1
corpus:tail-evasion-f3d4:full,tail-evasion-f3d4,172,8,8,r3k2r/Pppp1p1p/5nbp/nP6/B1P1P3/B7/P2P2PP/R6K b kq - 0 5,a8a7,100,1,451,603,280,71,671,LOWER,true,true,true,true,static,671,ordinary-nonchecking-capture,3
benchmark:evasion:2,evasion,1397,5,7,r3k2r/Pppp1p1p/5nbp/nP6/BBP1P3/5N2/1R1P1bPP/3Q3K b kq - 0 4,a8a7,100,1,-434,-406,-605,71,-189,LOWER,true,true,true,true,static,-189,ordinary-nonchecking-capture,2
benchmark:kiwipete:3,kiwipete,13567,14,17,2B1k3/p1ppq3/1n4p1/3pb3/8/5K2/PPP2PPR/R7 b - - 1 9,e5h2,500,1,651,673,80,71,826,LOWER,true,true,true,true,static,826,ordinary-nonchecking-capture,1
benchmark:kiwipete:3,kiwipete,16986,6,9,r3k1r1/p1p1q1b1/1n2Pnp1/8/1p2P3/8/PPPBNPPP/R3K2R b KQq - 0 5,e7e6,100,1,590,622,419,71,657,LOWER,true,true,true,true,static,657,ordinary-nonchecking-capture,1
benchmark:kiwipete:3,kiwipete,25749,16,19,r3k3/p1p2qb1/4P3/8/4n3/3K4/P1P2PPP/R7 b q - 1 10,f7f2,100,1,606,618,435,71,953,LOWER,true,true,true,true,static,953,ordinary-nonchecking-capture,1
benchmark:kiwipete:3,kiwipete,26669,6,9,r3k2r/p1p1qNb1/B3Pnp1/8/4P3/2p5/PPPn1PPP/R3K2R b KQkq - 0 5,e7e6,100,1,590,649,419,71,799,LOWER,true,true,true,true,static,799,ordinary-nonchecking-capture,1
benchmark:kiwipete:3,kiwipete,47952,17,20,5k2/3p1pb1/Np4p1/8/1p2n3/8/PPP1KP2/R6r w - - 0 11,a1h1,500,1,32,35,-539,71,77,LOWER,true,true,true,true,static,77,ordinary-nonchecking-capture,1
benchmark:kiwipete:3,kiwipete,48986,14,17,r7/p3k1b1/1n4p1/3p4/8/7p/PPPK1PPP/R6R b - - 0 9,h3g2,100,1,-49,-32,-220,71,180,LOWER,true,true,true,true,static,180,ordinary-nonchecking-capture,1
benchmark:kiwipete:3,kiwipete,49239,19,22,7r/p1pp4/1n2k3/8/8/2P5/P1P2KpP/R6R w - - 0 12,f2g2,100,1,32,37,-139,71,360,LOWER,true,true,true,true,static,360,same-target-q-recapture,1
benchmark:kiwipete:3,kiwipete,54438,4,7,r3k3/p1ppqpb1/B3pnp1/3PN3/1p2P3/2P4P/P1PB1P1P/R3K2R b KQq - 0 4,f6d5,100,-1,145,256,-26,71,148,EXACT,true,false,true,true,static,148,SEE-negative,1
benchmark:middlegame:3,middlegame,31033,11,14,4rBk1/2p2ppp/p1np4/3Np3/4n3/P2P4/1PP3PP/5RK1 w - - 0 17,f8g7,100,-1,68,75,-103,71,99,LOWER,true,true,true,true,static,99,SEE-negative,1
corpus:tail-kiwipete-e1d1:full,tail-kiwipete-e1d1,15993,18,18,r2k3b/p1pp4/1n6/8/4Q3/8/PPPKBq1P/7R b - - 0 10,h8b2,100,1,282,283,112,70,290,LOWER,true,true,true,true,static,290,ordinary-nonchecking-capture,1
benchmark:kiwipete:2,kiwipete,6035,13,15,r7/p1pP1kb1/1n3np1/8/4P3/8/PPPK1P1P/R6R b - - 0 8,b6d7,100,1,-467,-355,-637,70,-205,LOWER,true,true,true,true,static,-205,ordinary-nonchecking-capture,2
benchmark:middlegame:2,middlegame,2601,6,8,r4rk1/1pp2ppp/p1np4/4p1q1/2B1n3/P1NP1Q2/1PP1K1PP/2R2R2 w - - 0 14,f3e4,320,1,-6,12,-396,70,45,LOWER,true,true,true,true,static,45,ordinary-nonchecking-capture,1
benchmark:kiwipete:3,kiwipete,3432,10,13,r3k2b/p1p1qp2/1n2p3/3P4/8/2P5/P1PK1PPP/R6R b q - 0 7,e6d5,100,1,773,788,603,70,869,LOWER,true,true,true,true,static,869,ordinary-nonchecking-capture,1
benchmark:kiwipete:3,kiwipete,3872,10,13,r3k2b/p1p1q3/1n2p1p1/3P4/8/2P5/P1PK1PPP/R6R b q - 0 7,e6d5,100,1,811,819,641,70,944,LOWER,true,true,true,true,static,944,ordinary-nonchecking-capture,1
benchmark:kiwipete:3,kiwipete,13374,18,21,2N1k3/p1pp2b1/4P3/8/4n3/8/rPP1KPP1/8 b - - 0 11,a2b2,100,1,651,673,481,70,719,LOWER,true,true,true,true,static,719,ordinary-nonchecking-capture,1
benchmark:kiwipete:3,kiwipete,13566,14,17,2B1k3/p1ppq3/1n4p1/3pb3/8/3K4/PPP2PPR/R7 b - - 1 9,e5h2,500,1,651,673,81,70,811,LOWER,true,true,true,true,static,811,ordinary-nonchecking-capture,1
benchmark:kiwipete:3,kiwipete,17468,12,15,r7/p1p2kb1/1n2qn2/8/4P3/8/PPPK1PPP/R6R b - - 0 8,e6e4,100,1,611,673,441,70,943,LOWER,true,true,true,true,static,943,ordinary-nonchecking-capture,1
benchmark:kiwipete:3,kiwipete,26534,10,13,r3k2b/p1p1q3/4p1p1/3P4/1p2N3/4K3/PPP1bPPP/R6R b q - 0 7,e6d5,100,1,590,610,420,70,638,LOWER,true,true,true,true,static,638,ordinary-nonchecking-capture,1
benchmark:kiwipete:3,kiwipete,27023,10,13,r6r/p1pkq1b1/6p1/8/1p2P3/8/PPPKNPPP/R6R b - - 0 7,e7e4,100,1,664,678,494,70,971,LOWER,true,true,true,true,static,971,ordinary-nonchecking-capture,10
benchmark:kiwipete:3,kiwipete,28446,20,23,r7/p1pBk3/4P3/8/4n3/2P5/2r2PP1/4K3 b - - 1 12,c2f2,100,1,659,661,489,70,871,LOWER,true,true,true,true,static,871,ordinary-nonchecking-capture,1
benchmark:kiwipete:3,kiwipete,28470,20,23,r7/p1pBk3/4P3/8/4n3/2P5/2r2PP1/4K3 b - - 0 12,c2f2,100,1,659,661,489,70,871,LOWER,true,true,true,true,static,871,ordinary-nonchecking-capture,1
benchmark:kiwipete:3,kiwipete,43430,17,20,r4k2/p1pn4/4p1p1/3P4/8/4K3/PpP2PPP/R6R w - - 0 11,d5e6,100,1,273,289,103,70,440,LOWER,true,true,true,true,static,440,ordinary-nonchecking-capture,1
benchmark:kiwipete:3,kiwipete,44937,19,22,7r/Q1pp1kb1/Bn2p1p1/8/8/8/PnP1K2P/7R w - - 0 12,a7c7,100,1,273,274,103,70,283,LOWER,true,true,true,true,static,283,ordinary-nonchecking-capture,3
benchmark:kiwipete:3,kiwipete,50109,10,13,5r1r/p1ppk1b1/Bn4p1/4B3/4P3/7p/PPP2PPP/R3K2R b KQ - 0 7,g7e5,330,1,138,187,-262,70,158,EXACT,true,false,true,true,static,158,same-target-q-recapture,1
benchmark:kiwipete:3,kiwipete,61226,16,19,r1k4r/p1p5/1n4Q1/8/1B2P3/7P/P1P1KP1P/b7 b - - 0 10,h8h3,100,1,-76,-70,-246,70,-41,LOWER,true,true,true,true,static,-41,ordinary-nonchecking-capture,1
benchmark:evasion:3,evasion,6147,4,7,r3k2r/Pppp1ppp/5nbN/nPP5/q1P1P3/5N2/P5PP/Q4RK1 b kq - 0 4,a8a7,100,1,523,543,353,70,590,LOWER,true,true,true,true,static,590,ordinary-nonchecking-capture,1
benchmark:middlegame:3,middlegame,19127,6,9,5r2/rpp1k1pp/p1np1q2/2b1N3/4P1Q1/P1NP4/1PP2PPP/R3R1K1 b - - 0 14,f6e5,320,1,-11,-10,-401,70,20,LOWER,true,true,true,true,static,20,ordinary-nonchecking-capture,1
benchmark:middlegame:3,middlegame,31462,16,19,rr5k/6pp/p2Q4/3Np3/8/P2P4/1PP4q/R3KR2 b - - 0 19,h2c2,100,1,-111,-78,-281,70,0,LOWER,true,true,true,true,static,0,ordinary-nonchecking-capture,1
benchmark:middlegame:3,middlegame,38801,9,12,rn3Bk1/1pp2ppp/B2p4/3Np3/4n3/P2P4/1PP3PP/R3Kb2 w - - 0 16,a6b7,100,1,40,108,-130,70,117,LOWER,true,true,true,true,static,117,ordinary-nonchecking-capture,1
corpus:tail-kiwipete-e1d1:full,tail-kiwipete-e1d1,6575,20,20,r6R/p1k5/1n1p2p1/8/4P3/7P/P1P2P1P/b2K3R b - - 0 11,a8h8,500,1,241,263,-328,69,384,LOWER,true,true,true,true,static,384,same-target-q-recapture,1
corpus:tail-kiwipete-e1d1:full,tail-kiwipete-e1d1,17758,20,20,r6R/p1k5/1n1p2p1/8/4P3/7P/P1P2P1P/b2K3R b - - 0 11,a8h8,500,1,241,282,-328,69,384,LOWER,true,true,true,true,static,384,same-target-q-recapture,1
benchmark:evasion:2,evasion,3780,3,5,r3k2r/Pppp1p1p/1b3nbp/nP6/BBPPP3/5N2/1R4PP/3Q1RK1 b kq - 0 3,a8a7,100,1,-1118,-880,-1287,69,-877,LOWER,true,true,true,true,static,-877,ordinary-nonchecking-capture,2
benchmark:evasion:2,evasion,5884,15,17,r3k2N/Pppp2Qp/6b1/nP6/2r1n3/5R1K/6PP/8 b q - 0 9,a8a7,100,1,-39,26,-208,69,117,LOWER,true,true,true,true,static,117,ordinary-nonchecking-capture,2
benchmark:evasion:2,evasion,6488,9,11,r3k2r/Pppp1ppp/6bN/nP6/BBPQn3/5R2/r5PP/4K3 b kq - 1 6,a8a7,100,-1,59,66,-110,69,69,LOWER,true,true,true,true,static,69,SEE-negative,2
benchmark:evasion:2,evasion,8092,7,9,r3k2r/Pppp1p1p/5nbp/nP6/B1PNP3/B7/P5PP/3R3K b kq - 0 5,a8a7,100,1,207,410,38,69,431,LOWER,true,true,true,true,static,431,ordinary-nonchecking-capture,1
benchmark:middlegame:2,middlegame,1800,15,17,5r2/1pp1Q1pp/p1np4/8/3k4/P1NP4/1PP3PP/R3K3 b - - 0 18,c6e7,975,1,-6,-4,-1050,69,55,LOWER,true,true,true,true,static,55,same-target-q-recapture,1
benchmark:middlegame:2,middlegame,3212,6,8,r4rk1/1pp2ppp/p1np4/4p1q1/2B1n3/P1NP1Q2/1PP1K1PP/3R1R2 w - - 0 14,f3e4,320,1,-6,11,-395,69,46,LOWER,true,true,true,true,static,46,ordinary-nonchecking-capture,1
benchmark:kiwipete:3,kiwipete,4528,14,17,r3k3/p1p1N1b1/1n2P3/8/8/8/P1P1KPPP/7r b q - 0 9,e8e7,320,1,771,797,382,69,789,EXACT,true,false,true,true,static,789,ordinary-nonchecking-capture,1
benchmark:kiwipete:3,kiwipete,6508,14,17,r3k3/p1pp4/1n6/3n4/8/2P5/P1q2PPP/R4K1R b q - 1 9,c2c3,100,1,830,854,661,69,947,LOWER,true,true,true,true,static,947,ordinary-nonchecking-capture,1
benchmark:kiwipete:3,kiwipete,25334,8,11,r6r/p1p1qkb1/5np1/8/1p2P3/8/PPPBNPPP/R3K2R b KQ - 0 6,e7e4,100,1,663,664,494,69,747,LOWER,true,true,true,true,static,747,ordinary-nonchecking-capture,1
benchmark:kiwipete:3,kiwipete,26429,10,13,r3k2b/p1p1q3/4p1p1/3P4/1p2N3/8/PPP1bPPP/R3K2R b q - 0 7,e6d5,100,1,590,591,421,69,607,LOWER,true,true,true,true,static,607,ordinary-nonchecking-capture,1
benchmark:kiwipete:3,kiwipete,28737,20,23,4k3/N1pp4/4p3/3n4/8/8/P1PK1PP1/r7 b - - 0 12,a1a2,100,1,641,645,472,69,690,LOWER,true,true,true,true,static,690,ordinary-nonchecking-capture,3
benchmark:kiwipete:3,kiwipete,32254,10,13,r3k2r/p1p5/1n2Pq2/8/4P3/2p5/PPP1bPPP/R3K2R b KQkq - 0 7,f6e6,100,1,673,686,504,69,845,LOWER,true,true,true,true,static,845,same-target-q-recapture,1
benchmark:kiwipete:3,kiwipete,33348,13,16,3k3r/p1q3b1/4pn2/3P2B1/4P3/8/P1P1KPPP/n6R w - - 0 9,d5e6,100,1,-670,-663,-839,69,-588,LOWER,true,true,true,true,static,-588,ordinary-nonchecking-capture,1
benchmark:evasion:3,evasion,13392,8,11,r3k2r/PpPp1ppp/5n1N/nP6/3qb3/5N2/P5PP/Q4R1K b kq - 1 6,d4a7,100,1,375,503,206,69,546,LOWER,true,true,true,true,static,546,ordinary-nonchecking-capture,1
benchmark:middlegame:3,middlegame,16239,6,9,r3kr2/bpp3pp/p1np1q2/4N3/4P1Q1/P1NP4/1PP2PPP/4RRK1 b - - 0 14,f6e5,320,1,-17,-13,-406,69,25,LOWER,true,true,true,true,static,25,ordinary-nonchecking-capture,1
corpus:tail-kiwipete-e1d1:full,tail-kiwipete-e1d1,237,20,20,r6r/6b1/1n1kP1p1/8/8/8/PPPK1P1P/7R b - - 0 11,d6e6,100,1,229,263,61,68,542,LOWER,true,true,true,true,static,542,same-target-q-recapture,1
corpus:tail-kiwipete-e1d1:full,tail-kiwipete-e1d1,277,20,20,7r/4q1b1/1n2k1p1/8/8/8/PPPK1P1P/R6Q b - - 0 11,g7b2,100,1,229,263,61,68,326,LOWER,true,true,true,true,static,326,ordinary-nonchecking-capture,1
corpus:tail-kiwipete-e1d1:full,tail-kiwipete-e1d1,1719,17,17,7r/p1p3b1/1nk2np1/8/8/4K3/PPPp1PPP/R6R w - - 0 10,e3d2,100,1,-254,-231,-422,68,-81,LOWER,true,true,true,true,static,-81,ordinary-nonchecking-capture,2
corpus:tail-kiwipete-e1d1:full,tail-kiwipete-e1d1,4134,10,10,r3k2b/p1pp1p2/1n2qn2/8/4P3/5Q1p/PPPK1PPP/R6R b q - 0 6,h3g2,100,1,261,263,93,68,281,LOWER,true,true,true,true,static,281,ordinary-nonchecking-capture,1
corpus:tail-kiwipete-e1d1:full,tail-kiwipete-e1d1,4136,12,12,r3k2b/p1pp1p2/1n2qn2/8/4P3/8/PPPK1PQP/R6R b q - 0 7,e6e4,100,1,261,263,93,68,290,LOWER,true,true,true,true,static,290,ordinary-nonchecking-capture,1
corpus:tail-kiwipete-e1d1:full,tail-kiwipete-e1d1,6870,13,13,r6r/p1pp2b1/Bn1kp1N1/3P4/4P3/8/PPPK1P1P/R6q w - - 1 8,a1h1,975,1,-291,-205,-1334,68,-238,EXACT,true,false,true,true,static,-238,ordinary-nonchecking-capture,1
corpus:tail-kiwipete-e1d1:full,tail-kiwipete-e1d1,7231,20,20,r6r/6b1/1n1kP1p1/8/8/8/PPPK1P1P/7R b - - 0 11,d6e6,100,1,229,291,61,68,542,LOWER,true,true,true,true,static,542,same-target-q-recapture,1
corpus:tail-kiwipete-e1d1:full,tail-kiwipete-e1d1,7271,20,20,7r/4q1b1/1n2k1p1/8/8/8/PPPK1P1P/R6Q b - - 0 11,g7b2,100,1,229,291,61,68,326,LOWER,true,true,true,true,static,326,ordinary-nonchecking-capture,1
corpus:tail-kiwipete-e1d1:full,tail-kiwipete-e1d1,7417,15,15,r4k1r/p2n1pb1/4P1p1/8/8/8/PPPK1PpP/R6R w - - 0 9,e6d7,320,1,-266,-212,-654,68,-261,EXACT,true,false,true,true,static,-261,ordinary-nonchecking-capture,2
corpus:tail-kiwipete-e1d1:full,tail-kiwipete-e1d1,11261,10,10,r3k2b/p1pp1p2/1n2qn2/8/4P3/5Q1p/PPPK1PPP/R6R b q - 0 6,h3g2,100,1,261,282,93,68,290,LOWER,true,true,true,true,static,290,ordinary-nonchecking-capture,1
corpus:tail-kiwipete-e1d1:full,tail-kiwipete-e1d1,11263,12,12,r3k2b/p1pp1p2/1n2qn2/8/4P3/8/PPPK1PQP/R6R b q - 0 7,e6e4,100,1,261,282,93,68,290,LOWER,true,true,true,true,static,290,ordinary-nonchecking-capture,1
corpus:tail-kiwipete-f3h3:lower,tail-kiwipete-f3h3,85,10,10,r2k4/p1ppqPb1/1n3nN1/8/4P3/7P/PPPpKP1P/R6R b - - 0 6,e7f7,100,1,589,590,421,68,736,LOWER,true,true,true,true,static,736,ordinary-nonchecking-capture,1
benchmark:kiwipete:2,kiwipete,10370,13,15,r6r/p1p1kp2/1n3bp1/8/4P3/7p/PPPRKPPP/R6R b - - 0 8,h3g2,100,1,-98,-85,-266,68,174,LOWER,true,true,true,true,static,174,ordinary-nonchecking-capture,2
benchmark:evasion:2,evasion,1774,5,7,r3k2r/Pppp1p1p/5nbp/nPb5/B1PPP3/5N2/1R4PP/3Q1RK1 b kq - 0 4,a8a7,100,1,-752,-718,-920,68,-718,LOWER,true,true,true,true,static,-718,ordinary-nonchecking-capture,2
benchmark:middlegame:2,middlegame,2343,15,17,5r2/1pp1Q1pp/p1np4/8/3k4/P1NP4/1PP3PP/1R2K3 b - - 0 18,c6e7,975,1,-4,-3,-1047,68,57,LOWER,true,true,true,true,static,57,same-target-q-recapture,1
benchmark:kiwipete:3,kiwipete,3043,12,15,r3k2N/p1p1q3/1n2P1p1/8/4n3/8/P1P1KPPP/R7 b q - 0 8,e7e6,100,1,817,825,649,68,892,LOWER,true,true,true,true,static,892,ordinary-nonchecking-capture,1
benchmark:kiwipete:3,kiwipete,5319,16,19,r3k3/p1pp1N2/1n2P3/8/8/8/2q2PPP/5K1R b q - 1 10,d7e6,100,1,714,752,546,68,798,LOWER,true,true,true,true,static,798,ordinary-nonchecking-capture,1
benchmark:kiwipete:3,kiwipete,11394,12,15,r3k2N/p1p5/1n2P1p1/8/4n3/2pK4/PPP2qPP/R6R b q - 1 8,c3b2,100,1,590,640,422,68,660,LOWER,true,true,true,true,static,660,ordinary-nonchecking-capture,1
benchmark:kiwipete:3,kiwipete,26107,13,16,r3k3/p1p1N1b1/4pn2/3P4/4P3/8/P1P1KPPP/7r w q - 0 9,d5e6,100,1,-649,-590,-817,68,-406,LOWER,true,true,true,true,static,-406,ordinary-nonchecking-capture,1
benchmark:kiwipete:3,kiwipete,27484,12,15,r1n1k2B/p1p2p2/q5N1/8/8/8/PPP2nPP/R3K2R b KQq - 0 8,f2h1,500,1,598,636,30,68,603,EXACT,true,false,true,true,static,603,ordinary-nonchecking-capture,1
benchmark:kiwipete:3,kiwipete,28314,20,23,r1B5/p1pPk3/8/8/4n3/2P5/2r2PP1/3K4 b - - 0 12,c2f2,100,1,647,661,479,68,796,LOWER,true,true,true,true,static,796,ordinary-nonchecking-capture,1
benchmark:kiwipete:3,kiwipete,29372,6,9,r3k2r/p1p1q1bn/1n2P1p1/8/1p2P3/8/PPPBNPPP/R3K2R b KQkq - 0 5,e7e6,100,1,590,658,422,68,658,LOWER,true,true,true,true,static,658,ordinary-nonchecking-capture,1
benchmark:kiwipete:3,kiwipete,47311,6,9,r3k2r/p1pp1pb1/B4np1/3Q4/1p6/7p/PPPB1PPP/2KR3R b kq - 0 5,f6d5,975,1,-51,-32,-1094,68,14,LOWER,true,true,true,true,static,14,same-target-q-recapture,1
benchmark:kiwipete:3,kiwipete,49723,6,9,r3k2r/p1pp1pB1/Bn4p1/3p4/4n3/3N3p/PPP2PPP/R3K2R b KQkq - 0 5,h3g2,100,1,-52,-32,-220,68,231,LOWER,true,true,true,true,static,231,ordinary-nonchecking-capture,1
benchmark:kiwipete:3,kiwipete,53541,6,9,r3k3/p1ppqp2/Bn2pnp1/3PN3/4P3/2p4P/PPP2P1P/R3K2R b q - 1 5,c3b2,100,1,448,492,280,68,509,LOWER,true,true,true,true,static,509,ordinary-nonchecking-capture,1
benchmark:kiwipete:3,kiwipete,65633,7,10,r3k2r/p1ppNpb1/b3p3/3n4/4n3/5Q2/PPP2PpP/R1KB3R w kq - 0 6,f3g2,100,1,32,38,-136,68,52,LOWER,true,true,true,true,static,52,same-target-q-recapture,1
benchmark:kiwipete:3,kiwipete,66570,17,20,r6r/p1B2pB1/1n4p1/8/4k3/8/PPP1KP1P/R6q w - - 0 11,a1h1,975,1,32,115,-1011,68,81,EXACT,true,false,true,true,static,81,ordinary-nonchecking-capture,3
benchmark:evasion:3,evasion,13471,9,12,r3k2r/Pppp1ppp/1P4bN/nP6/4n3/5N2/P5PP/R6K w kq - 0 7,b6c7,100,1,-543,-523,-711,68,-273,LOWER,true,true,true,true,static,-273,ordinary-nonchecking-capture,1
benchmark:middlegame:3,middlegame,14739,6,9,r4r2/1pp3pp/p1npkq2/2b1N2Q/4P3/P1NP4/1PP2PPP/4RRK1 b - - 0 14,f6e5,320,1,-17,-11,-405,68,-5,LOWER,true,true,true,true,static,-5,ordinary-nonchecking-capture,1
benchmark:middlegame:3,middlegame,33601,9,12,5rk1/1pp2ppp/p1n5/4p3/2B1P3/P2P1P2/1PP2P1P/R4nK1 w - - 0 16,a1f1,320,1,74,85,-314,68,85,LOWER,true,true,true,true,static,85,ordinary-nonchecking-capture,1
corpus:tail-kiwipete-e1d1:full,tail-kiwipete-e1d1,13552,16,16,r6b/p1pk4/1n4p1/8/4n3/7p/PPP2PPP/R3K2R b - - 1 9,h8b2,100,1,282,291,115,67,297,LOWER,true,true,true,true,static,297,ordinary-nonchecking-capture,1
benchmark:kiwipete:2,kiwipete,4415,9,11,r3k2N/p1pp4/Bn4p1/8/1p6/2P4p/P1Pn1PPP/R3K2R b KQq - 0 6,h3g2,100,1,-310,-283,-477,67,-207,LOWER,true,true,true,true,static,-207,ordinary-nonchecking-capture,1
benchmark:evasion:2,evasion,2275,9,11,r3k2r/PpBp1p1p/5n1p/1P6/B1P5/5b2/P2P2PP/R5K1 b kq - 0 6,a8a7,100,1,88,107,-79,67,316,LOWER,true,true,true,true,static,316,ordinary-nonchecking-capture,8
benchmark:evasion:2,evasion,4331,7,9,r3k2r/Pppp1p1p/5nbp/BP6/B1PbP3/5Q2/P5PP/R6K b kq - 1 5,d4a1,500,1,18,42,-549,67,37,EXACT,true,false,true,true,static,37,ordinary-nonchecking-capture,2
benchmark:evasion:2,evasion,5429,19,21,r4k1N/Pppp3Q/5p2/1P6/1rn5/8/4K1PP/8 b - - 0 11,a8a7,100,1,2,14,-165,67,113,LOWER,true,true,true,true,static,113,ordinary-nonchecking-capture,2
benchmark:middlegame:2,middlegame,4728,15,17,5r2/1pp1Q1pp/p1np4/8/3k4/P1NP4/RPP3PP/4K3 b - - 0 18,c6e7,975,1,-1,0,-1043,67,62,LOWER,true,true,true,true,static,62,same-target-q-recapture,1
benchmark:kiwipete:3,kiwipete,3620,9,12,r3k2N/p1p1q3/1n2p1p1/3P4/4n3/8/PpP1KPPP/R6R w q - 0 7,h8g6,100,1,-759,-744,-926,67,-688,LOWER,true,true,true,true,static,-688,ordinary-nonchecking-capture,1
benchmark:kiwipete:3,kiwipete,6117,12,15,r3k3/p1pp4/1n4q1/3n4/1p6/8/PPPK1PPP/R6R b q - 0 8,g6g2,100,1,838,854,671,67,883,LOWER,true,true,true,true,static,883,ordinary-nonchecking-capture,1
benchmark:kiwipete:3,kiwipete,9637,16,19,r3k2B/p1p5/1n2p1p1/3P4/8/4K3/PP4qP/R6R b q - 1 10,g2d5,100,1,616,648,449,67,726,LOWER,true,true,true,true,static,726,ordinary-nonchecking-capture,2
benchmark:kiwipete:3,kiwipete,12007,0,3,1r2k2r/p1ppqpb1/bn2Qnp1/3PN3/1p2P3/2N5/PPPBBPPP/R3K2R b KQk - 0 2,d7e6,975,1,590,32769,-452,67,661,EXACT,true,false,true,true,static,661,ordinary-nonchecking-capture,1
benchmark:kiwipete:3,kiwipete,22007,16,19,r3k3/p1pp1p2/Bn6/3P4/8/2K5/PPP2q1R/R7 b q - 0 10,f2h2,500,1,975,1048,408,67,1000,EXACT,true,false,true,false,static,1040,same-target-q-recapture,1
benchmark:kiwipete:3,kiwipete,28437,22,25,r7/p1pBk3/4P3/8/8/2P5/2r3P1/4K3 b - - 1 13,c2g2,100,1,659,661,492,67,728,LOWER,true,true,true,true,static,728,ordinary-nonchecking-capture,2
benchmark:kiwipete:3,kiwipete,30016,10,13,r3k2N/p1p1q1b1/1n2P1p1/8/8/1n6/1PP1NPPP/R3K2R b KQq - 0 7,b3a1,500,1,616,643,49,67,644,LOWER,true,true,true,true,static,644,ordinary-nonchecking-capture,1
benchmark:kiwipete:3,kiwipete,30139,10,13,r3k2N/p1p1q1b1/1n2P1p1/8/8/1n6/PP2NPPP/R3K2R b KQq - 0 7,b3a1,500,1,629,656,62,67,632,EXACT,true,false,true,true,static,632,ordinary-nonchecking-capture,1
benchmark:kiwipete:3,kiwipete,31705,12,15,r3k2b/p1p5/1n2P3/6q1/4n3/2P5/P1P1KPPP/R6R b q - 0 8,g5g2,100,1,633,657,466,67,689,LOWER,true,true,true,true,static,689,ordinary-nonchecking-capture,1
benchmark:kiwipete:3,kiwipete,31708,8,11,r3k2b/p1p1q3/1n2Pn2/6p1/4P3/2P5/P1PBbPPP/R3K2R b KQq - 0 6,e7e6,100,1,633,657,466,67,812,LOWER,true,true,true,true,static,812,same-target-q-recapture,1
benchmark:kiwipete:3,kiwipete,40725,8,11,r3k2N/p1pp4/Bn4p1/8/1p6/2P4p/P1Pn1PPP/R3K2R b KQq - 0 6,h3g2,100,1,-310,-273,-477,67,-207,LOWER,true,true,true,true,static,-207,ordinary-nonchecking-capture,1
benchmark:kiwipete:3,kiwipete,46278,16,19,r6R/p4k2/Bn4p1/8/8/7p/P1PK1PPP/b6R b - - 0 10,a8h8,500,1,-48,-43,-615,67,19,LOWER,true,true,true,true,static,19,same-target-q-recapture,2
benchmark:kiwipete:3,kiwipete,53499,6,9,r3k3/p1ppqp2/Bn2pnp1/3PN3/4P3/2p4P/PPP2P1P/R2K3R b q - 1 5,c3b2,100,1,472,492,305,67,534,LOWER,true,true,true,true,static,534,ordinary-nonchecking-capture,1
benchmark:kiwipete:3,kiwipete,53573,6,9,r3k3/p1ppqp2/Bn2pnp1/3PN3/4P3/2p4P/PPP1KP1P/R6R b q - 1 5,c3b2,100,1,443,492,276,67,505,LOWER,true,true,true,true,static,505,ordinary-nonchecking-capture,1
benchmark:middlegame:3,middlegame,17326,7,10,r4r1k/1pp2ppp/p1np4/3Np1q1/2B1n3/P2P1Q2/1PP3PP/R3RK2 w - - 0 15,f3e4,320,1,10,11,-377,67,30,LOWER,true,true,true,true,static,30,ordinary-nonchecking-capture,1
benchmark:middlegame:3,middlegame,19599,6,9,1r3r2/1pp1k1pp/p1np1q2/2b1N3/4P1Q1/P1NP4/1PP2PPP/R3R1K1 b - - 0 14,f6e5,320,1,-11,-10,-398,67,23,LOWER,true,true,true,true,static,23,ordinary-nonchecking-capture,1
benchmark:middlegame:3,middlegame,37404,13,16,r4k2/1Bp2ppp/p7/4p3/4P3/P2P4/2P2PPP/b4K2 w - - 0 18,b7a8,500,1,65,111,-502,67,130,LOWER,true,true,true,true,static,130,ordinary-nonchecking-capture,2
corpus:tail-kiwipete-e1d1:full,tail-kiwipete-e1d1,13570,16,16,r6b/p1pk4/1n4p1/8/4n3/4K2p/PPP2PPP/R6R b - - 1 9,h8b2,100,1,282,291,116,66,295,LOWER,true,true,true,true,static,295,ordinary-nonchecking-capture,1
corpus:tail-evasion-f1f2:full,tail-evasion-f1f2,25,13,13,4k3/rppp2p1/6p1/nP6/1qP1n3/5N2/P2P2PP/Q3K3 w - - 0 8,a1g7,100,1,-640,-637,-806,66,-583,LOWER,true,true,true,true,static,-583,ordinary-nonchecking-capture,2
corpus:tail-evasion-f1f2:upper,tail-evasion-f1f2,26,7,7,r3k2r/Pppp1ppp/6bN/nP6/BqP1n3/5N2/P2P2PP/Q3K3 w kq - 0 5,a1g7,100,1,-697,-696,-863,66,-622,LOWER,true,true,true,true,static,-622,ordinary-nonchecking-capture,5
benchmark:evasion:2,evasion,6236,9,11,r3k2r/Pppp1ppp/6bN/nP6/BBPQn3/5R2/r5PP/3K4 b kq - 1 6,a8a7,100,-1,59,110,-107,66,66,EXACT,true,false,true,true,static,66,SEE-negative,2
benchmark:kiwipete:3,kiwipete,9924,12,15,r3k2b/p1p5/1n2Pnp1/8/4P3/8/PPq2PPP/R4K1R b q - 1 8,c2b2,100,1,616,692,450,66,634,EXACT,true,false,true,false,static,810,ordinary-nonchecking-capture,2
benchmark:kiwipete:3,kiwipete,18109,8,11,r3k2b/p1p1q3/1n2Pnp1/8/4P3/2P5/P1PBbPPP/R3K2R b KQq - 0 6,e7e6,100,1,623,632,457,66,800,LOWER,true,true,true,true,static,800,same-target-q-recapture,1
benchmark:kiwipete:3,kiwipete,28111,8,11,r1n1k2b/p1p1q3/4Pnp1/8/4P3/2P5/P1PBbPPP/R3K2R b KQq - 0 6,e7e6,100,1,597,608,431,66,774,LOWER,true,true,true,true,static,774,same-target-q-recapture,1
benchmark:kiwipete:3,kiwipete,28929,20,23,4k3/N1pp4/4P3/8/8/5K2/nbP2PP1/r7 b - - 0 12,d7e6,100,1,643,661,477,66,726,LOWER,true,true,true,true,static,726,same-target-q-recapture,2
benchmark:kiwipete:3,kiwipete,29819,8,11,r3k1nb/p1p1q3/1n2P1p1/8/4P3/2P5/P1PBbPPP/R3K2R b KQq - 0 6,e7e6,100,1,614,617,448,66,792,LOWER,true,true,true,true,static,792,same-target-q-recapture,1
benchmark:kiwipete:3,kiwipete,31648,14,17,r3k2b/p1p5/1n2Pq2/8/4P3/8/P1P1KPPP/R7 b q - 0 9,f6a1,500,1,639,657,73,66,664,LOWER,true,true,true,true,static,664,ordinary-nonchecking-capture,1
benchmark:kiwipete:3,kiwipete,35328,8,11,r3k2b/p3q3/1n2Pnp1/2p5/4P3/2P5/P1PBbPPP/R3K2R b KQq - 0 6,e7e6,100,1,617,641,451,66,799,LOWER,true,true,true,true,static,799,same-target-q-recapture,1
benchmark:kiwipete:3,kiwipete,43142,15,18,r1k2q1Q/p1pn4/4p1p1/3P4/8/8/PpP1KPPP/R6R w - - 1 10,h8b2,100,1,273,290,107,66,415,LOWER,true,true,true,true,static,415,ordinary-nonchecking-capture,1
benchmark:kiwipete:3,kiwipete,43305,17,20,r4k2/p1pn4/4p1p1/3P4/8/8/PpP1KPPP/R6R w - - 0 11,d5e6,100,1,273,290,107,66,410,LOWER,true,true,true,true,static,410,ordinary-nonchecking-capture,1
benchmark:kiwipete:3,kiwipete,44922,19,22,7r/Q1ppk1b1/Bn2p1p1/8/8/8/PnP1K2P/7R w - - 0 12,a7c7,100,1,273,276,107,66,350,LOWER,true,true,true,true,static,350,ordinary-nonchecking-capture,3
benchmark:kiwipete:3,kiwipete,51956,14,17,2k5/p1pn1q2/1n2P1p1/8/4P3/2b4P/PPP2P1P/R2K3R b - - 0 9,f7e6,100,1,17,76,-149,66,231,LOWER,true,true,true,true,static,231,same-target-q-recapture,1
benchmark:evasion:3,evasion,17767,13,16,4k2r/rpR3pp/5n2/nPP5/B3b3/5N2/P5PP/6K1 w - - 0 9,c7g7,100,1,-433,-424,-599,66,-427,EXACT,true,false,true,true,static,-427,ordinary-nonchecking-capture,1
benchmark:middlegame:3,middlegame,18110,6,9,r4r2/1pp1k1pp/p1np1q2/2b1N3/4P1Q1/P1NP4/1PP2PPP/R3R1K1 b - - 0 14,f6e5,320,1,-11,-10,-397,66,26,LOWER,true,true,true,true,static,26,ordinary-nonchecking-capture,1
benchmark:middlegame:3,middlegame,31206,10,13,rr4k1/2p2ppp/p1np4/3Np1N1/4P3/P7/1PP1K1PP/R4R2 b - - 0 16,b8b2,100,1,-111,-86,-277,66,-87,EXACT,true,false,true,true,static,-87,ordinary-nonchecking-capture,1
benchmark:middlegame:3,middlegame,38251,11,14,5Bk1/1pp2ppp/r2p4/n2Np3/4n3/P2P4/1PP3PP/R4K2 w - - 0 17,f8g7,100,-1,18,50,-148,66,45,EXACT,true,false,true,true,static,45,SEE-negative,1
benchmark:middlegame:3,middlegame,38749,11,14,1n3Bk1/1pp2ppp/r2p4/3Np3/4n3/P2P4/1PP3PP/R4K2 w - - 0 17,f8g7,100,-1,13,106,-153,66,40,EXACT,true,false,true,true,static,40,SEE-negative,1
corpus:tail-kiwipete-e1d1:full,tail-kiwipete-e1d1,625,18,18,r6r/5kb1/1p4p1/8/8/7p/PPPK1PPP/R6R b - - 0 10,h3g2,100,1,186,210,21,65,439,LOWER,true,true,true,true,static,439,ordinary-nonchecking-capture,4
corpus:tail-kiwipete-e1d1:full,tail-kiwipete-e1d1,5390,20,20,r6R/p1ppk1b1/1n6/8/4P3/8/P1PK1P1P/R7 b - - 0 11,a8h8,500,1,263,300,-302,65,322,LOWER,true,true,true,true,static,322,ordinary-nonchecking-capture,1
corpus:tail-kiwipete-e1d1:full,tail-kiwipete-e1d1,5495,20,20,r6R/p1ppk1b1/1n6/8/4P3/8/P1PK1P1P/R7 b - - 0 11,a8h8,500,1,263,290,-302,65,322,LOWER,true,true,true,true,static,322,ordinary-nonchecking-capture,1
corpus:tail-kiwipete-e1d1:full,tail-kiwipete-e1d1,15292,18,18,r2k3N/p1pp1Pb1/1n6/8/4n3/4K3/PPP2P1P/3b3R b - - 1 10,d1c2,100,1,282,283,117,65,299,LOWER,true,true,true,true,static,299,ordinary-nonchecking-capture,1
benchmark:kiwipete:2,kiwipete,3570,11,13,r6r/p1pPk3/Bn4p1/8/1p6/2P4p/P1P2PPP/R3K2R b KQ - 0 7,e7d7,100,1,-310,-301,-475,65,-233,LOWER,true,true,true,true,static,-233,ordinary-nonchecking-capture,2
benchmark:kiwipete:2,kiwipete,5050,13,15,r6r/p1pPkp2/1n6/8/4K3/7p/P1P1QPPP/b6R b - - 0 8,e7d7,100,1,-131,-124,-296,65,10,LOWER,true,true,true,true,static,10,same-target-q-recapture,4
benchmark:kiwipete:2,kiwipete,10394,13,15,r6r/p1p1kpb1/1n4p1/8/4P3/5K1p/PPPR1PPP/R6R b - - 0 8,h3g2,100,1,-98,-85,-263,65,-80,LOWER,true,true,true,true,static,-80,ordinary-nonchecking-capture,2
benchmark:evasion:2,evasion,11396,4,6,r3k2r/Pppp1ppp/1P3nbN/nP6/q3P3/5N2/P2P2PP/Q4RK1 w kq - 0 4,b6c7,100,1,-196,-81,-361,65,-57,LOWER,true,true,true,true,static,-57,ordinary-nonchecking-capture,1
benchmark:evasion:2,evasion,11499,4,6,r3k2r/Pppp1ppp/1P3nbN/nP6/q3P3/5N2/P2P2PP/Q4RK1 w kq - 0 4,b6c7,100,1,-196,-101,-361,65,-57,LOWER,true,true,true,true,static,-57,ordinary-nonchecking-capture,3
benchmark:kiwipete:3,kiwipete,20043,8,11,r3k2N/p1p2p2/1n2qn1b/8/4P3/2p5/PPPBKPPP/R6R b q - 0 6,c3d2,330,1,655,671,260,65,876,LOWER,true,true,true,true,static,876,ordinary-nonchecking-capture,1
benchmark:kiwipete:3,kiwipete,20993,12,15,r3k2N/p1p2p2/1n3n2/8/4q3/2p5/PPP2PPP/R4K1R b q - 1 8,c3b2,100,1,671,677,506,65,763,LOWER,true,true,true,true,static,763,ordinary-nonchecking-capture,1
benchmark:kiwipete:3,kiwipete,23888,10,13,r3kb1N/p1p5/1n2qnp1/8/4P3/8/PPPK1PPP/R6R b q - 0 7,e6e4,100,1,590,649,425,65,702,LOWER,true,true,true,true,static,702,ordinary-nonchecking-capture,5
benchmark:kiwipete:3,kiwipete,24342,10,13,r3kb1N/p1p5/1n2qnp1/8/4P3/8/PPPK1PPP/R6R b q - 0 7,e6e4,100,1,590,641,425,65,702,LOWER,true,true,true,true,static,702,ordinary-nonchecking-capture,1
benchmark:kiwipete:3,kiwipete,62983,12,15,r6r/2p2pb1/1p2k1p1/8/1B2P3/7p/PPP1KPPP/R6R b - - 0 8,h3g2,100,1,-66,-32,-231,65,211,LOWER,true,true,true,true,static,211,ordinary-nonchecking-capture,1
benchmark:middlegame:3,middlegame,12344,6,9,4rr2/1pp1k1pp/p1np1q2/2b1N3/4P1Q1/P1NP4/1PP2PPP/4RRK1 b - - 0 14,f6e5,320,1,-22,-10,-407,65,26,LOWER,true,true,true,true,static,26,ordinary-nonchecking-capture,1
benchmark:middlegame:3,middlegame,18437,15,18,3rkr2/1pp3pp/p2p4/2b1n3/6Q1/P1N5/1PP3PP/R3K3 w - - 0 19,g4g7,100,1,10,11,-155,65,53,LOWER,true,true,true,true,static,53,ordinary-nonchecking-capture,1
benchmark:middlegame:3,middlegame,41798,8,11,5rk1/1pp2pp1/Q1np3p/3Np1q1/4P1b1/P4N2/1PP3PP/R4RK1 b - - 0 15,g4f3,320,-1,-111,-76,-496,65,-107,EXACT,true,false,true,true,static,-107,SEE-negative,1
corpus:tail-kiwipete-e1d1:full,tail-kiwipete-e1d1,11693,18,18,r6r/p1ppk1b1/1n3R2/8/4P3/8/P1PK1P1P/R6R b - - 0 10,e7f6,500,1,282,291,-282,64,388,LOWER,true,true,true,true,static,388,same-target-q-recapture,1
corpus:tail-kiwipete-e1d1:full,tail-kiwipete-e1d1,11798,18,18,r6r/p1ppk1b1/1n3R2/8/4P3/8/P1PK1P1P/R6R b - - 0 10,e7f6,500,1,282,290,-282,64,388,LOWER,true,true,true,true,static,388,same-target-q-recapture,1
corpus:tail-kiwipete-e1d1:full,tail-kiwipete-e1d1,15773,14,14,r2k3N/p1pp1Pb1/bn6/8/4n3/4K3/PPP1BP1P/R5rR b - - 1 8,g7b2,100,1,282,283,118,64,-32752,UPPER,false,false,false,false,mate,216,mate,1
benchmark:kiwipete:2,kiwipete,4224,11,13,r3k2r/p1pN1pb1/Bn4p1/8/8/5Q1p/PPPK2PP/7R b kq - 0 7,h3g2,100,1,-310,-283,-474,64,-283,LOWER,true,true,true,true,static,-283,ordinary-nonchecking-capture,1
benchmark:kiwipete:2,kiwipete,5327,13,15,r7/p1ppB3/Bn4p1/8/4k3/7P/PbP2P1P/R3K2R b KQ - 0 8,b2a1,500,1,-151,-146,-715,64,-90,LOWER,true,true,true,true,static,-90,ordinary-nonchecking-capture,2
benchmark:evasion:2,evasion,2939,5,7,r3k2r/Pppp1ppp/5nbN/nPb5/B1PPP3/5P2/P6P/Q4RK1 b kq d3 0 4,c5a7,100,1,-18,146,-182,64,214,LOWER,true,true,true,true,static,214,ordinary-nonchecking-capture,2
benchmark:kiwipete:3,kiwipete,2659,10,13,r3k3/p1p2p2/1n2q1p1/4b3/1B2N3/8/PPP1KPPR/R7 b q - 0 7,e5h2,500,1,746,842,182,64,802,EXACT,true,false,true,true,static,802,same-target-q-recapture,5
benchmark:kiwipete:3,kiwipete,24794,4,7,r3k2r/p1p1qpb1/B3pnp1/3PN3/1p2P3/2P5/P1PB1PPP/R3K2R b KQkq - 0 4,e6d5,100,1,590,668,426,64,591,EXACT,true,false,true,true,static,591,ordinary-nonchecking-capture,1
benchmark:kiwipete:3,kiwipete,26286,10,13,r3k2b/p1p1q3/4p1p1/3P4/1p2N3/8/PPP1bPPP/R1K4R b q - 0 7,e6d5,100,1,590,601,426,64,612,LOWER,true,true,true,true,static,612,ordinary-nonchecking-capture,1
benchmark:kiwipete:3,kiwipete,29406,10,13,r3k3/p1p1q2n/1n4N1/3p4/4P3/2P5/P1P1bPPP/R3K2R b KQq - 0 7,e7e4,100,1,590,621,426,64,645,LOWER,true,true,true,true,static,645,ordinary-nonchecking-capture,1
benchmark:kiwipete:3,kiwipete,29576,0,3,r3k1nr/p1ppqpb1/bn2Q1p1/3PN3/1p2P3/2N5/PPPBBPPP/R3K2R b KQkq - 0 2,d7e6,975,1,590,32769,-449,64,680,EXACT,true,false,true,true,static,680,ordinary-nonchecking-capture,1
benchmark:kiwipete:3,kiwipete,31737,7,10,r6r/p1p1q1b1/1n2kn2/6p1/1p2P3/8/PPPBNPPP/R3K2R w KQ - 0 6,d2g5,100,1,-657,-590,-821,64,-536,LOWER,true,true,true,true,static,-536,ordinary-nonchecking-capture,1
benchmark:kiwipete:3,kiwipete,40516,10,13,r3k2r/p1pN1pb1/Bn4p1/8/8/5Q1p/PPPK2PP/7R b kq - 0 7,h3g2,100,1,-310,-256,-474,64,-45,LOWER,true,true,true,true,static,-45,ordinary-nonchecking-capture,1
benchmark:kiwipete:3,kiwipete,46299,10,13,r4k1r/p2P2b1/Bn4p1/8/8/7p/PPPn1PPP/R3K2R b KQ - 0 7,b6d7,100,1,-43,-31,-207,64,29,LOWER,true,true,true,true,static,29,same-target-q-recapture,2
benchmark:evasion:3,evasion,6992,6,9,r3k2r/Pppp1p1p/1b3Rbp/1P6/1qPNP3/1P6/3P2PP/Q5K1 b kq - 0 5,a8a7,100,1,425,543,261,64,550,LOWER,true,true,true,true,static,550,ordinary-nonchecking-capture,1
benchmark:evasion:3,evasion,13466,9,12,r3k2r/Pppp1ppp/1P3n1N/nP6/4b3/5N2/P5PP/R6K w kq - 0 7,b6c7,100,1,-543,-523,-707,64,-393,LOWER,true,true,true,true,static,-393,ordinary-nonchecking-capture,1
benchmark:middlegame:3,middlegame,32144,16,19,r3r2k/6pp/p2Q4/3Np3/8/P2P4/1PP4q/R3KR2 b - - 0 19,h2c2,100,1,-92,-67,-256,64,25,LOWER,true,true,true,true,static,25,ordinary-nonchecking-capture,1
benchmark:middlegame:3,middlegame,36437,14,17,r5k1/1pp2pBp/p7/8/3b4/P7/1PP2PBP/R5K1 b - - 0 18,d4g7,330,1,-13,-10,-407,64,0,LOWER,true,true,true,true,static,0,ordinary-nonchecking-capture,1
corpus:tail-kiwipete-e1d1:full,tail-kiwipete-e1d1,750,20,20,r6R/p3kp2/1n4p1/4b3/8/8/PPPK1P1P/7R b - - 0 11,a8h8,500,1,253,261,-310,63,338,LOWER,true,true,true,true,static,338,same-target-q-recapture,2
corpus:tail-kiwipete-e1d1:full,tail-kiwipete-e1d1,6086,17,17,r7/p1pk2b1/1n3nN1/8/8/8/PPP1KP1P/R6r w - - 0 10,a1h1,500,1,-221,-210,-784,63,-75,LOWER,true,true,true,true,static,-75,same-target-q-recapture,2
corpus:tail-kiwipete-e1d1:full,tail-kiwipete-e1d1,7973,22,22,r7/p3k3/1n4p1/8/8/7p/P1PK1PPP/R7 b - - 0 12,h3g2,100,1,186,261,23,63,553,LOWER,true,true,true,true,static,553,ordinary-nonchecking-capture,1
corpus:tail-kiwipete-e1d1:full,tail-kiwipete-e1d1,8150,22,22,r7/p3k3/1n4p1/8/8/7p/P1PK1PPP/R7 b - - 0 12,h3g2,100,1,186,266,23,63,553,LOWER,true,true,true,true,static,553,ordinary-nonchecking-capture,1
corpus:tail-kiwipete-e1d1:full,tail-kiwipete-e1d1,14322,16,16,r1k4r/p1p5/1n3bp1/8/4P3/7p/PPP1KPPP/R6R b - - 0 9,h3g2,100,1,282,289,119,63,523,LOWER,true,true,true,true,static,523,ordinary-nonchecking-capture,2
benchmark:kiwipete:2,kiwipete,886,11,13,r6N/p1pp4/B2kp3/3P4/1p6/7p/PbPB1PPP/R3K2R b KQ - 0 7,b2a1,500,1,-694,-676,-1257,63,-668,LOWER,true,true,true,true,static,-668,ordinary-nonchecking-capture,2
benchmark:kiwipete:2,kiwipete,2026,1,3,r3k2r/p1ppqpb1/Bn2p1p1/3PN3/1p2N3/5Q1p/PPPB1PPP/R3K2R b KQkq - 0 2,g7e5,320,1,-310,-283,-693,63,-300,EXACT,true,false,true,false,static,-256,ordinary-nonchecking-capture,1
benchmark:kiwipete:3,kiwipete,3431,10,13,r3k2b/p1p1qp2/1n2p3/3P4/8/2P5/P1PK1PPP/R6R b q - 0 7,b6d5,100,1,766,788,603,63,773,EXACT,true,false,true,false,static,869,ordinary-nonchecking-capture,1
benchmark:kiwipete:3,kiwipete,3438,10,13,r3k2b/p1p1qp2/1n2p3/3P4/8/2P5/P1P1KPPP/R6R b q - 0 7,b6d5,100,1,766,788,603,63,773,EXACT,true,false,true,false,static,827,ordinary-nonchecking-capture,1
benchmark:kiwipete:3,kiwipete,9906,8,11,r3k2b/p1p5/1n2Pnp1/2q5/4P3/2P5/P1PBbPPP/R3K2R b KQq - 0 6,f6e4,100,1,671,692,508,63,732,LOWER,true,true,true,true,static,732,ordinary-nonchecking-capture,1
benchmark:kiwipete:3,kiwipete,13422,18,21,2n5/p1pPk1b1/8/8/4n3/8/PPP1KPP1/r7 b - - 0 11,e7d7,100,1,627,673,464,63,969,LOWER,true,true,true,true,static,969,same-target-q-recapture,1
benchmark:kiwipete:3,kiwipete,22001,16,19,r3k3/p1pp1p2/Bn6/3P4/8/8/PPP2q1R/R2K4 b q - 0 10,f2h2,500,1,1014,1048,451,63,1040,EXACT,true,false,true,true,static,1040,same-target-q-recapture,1
benchmark:kiwipete:3,kiwipete,34779,12,15,r7/p4kb1/1n2qn2/2p5/4P3/8/PPPK1PPP/R6R b - - 0 8,e6e4,100,1,602,660,439,63,941,LOWER,true,true,true,true,static,941,ordinary-nonchecking-capture,1
benchmark:kiwipete:3,kiwipete,38050,0,3,r3k2r/p1ppqpb1/Bn2p1p1/3PN3/1p2N3/5Q1p/PPPB1PPP/R3K2R b KQkq - 0 2,g7e5,320,1,-310,-211,-693,63,-300,EXACT,true,false,true,false,static,-256,ordinary-nonchecking-capture,1
benchmark:kiwipete:3,kiwipete,43856,12,15,r7/p1pPk3/1n4p1/8/1p6/2P4p/P1Pn1PPP/R3K2R b KQ - 0 8,e7d7,100,1,-293,-273,-456,63,-219,LOWER,true,true,true,true,static,-219,ordinary-nonchecking-capture,1
benchmark:evasion:3,evasion,6970,4,7,r3k2r/Pppp1p1p/1b3Rbp/nP6/1qPNP3/8/P1BP2PP/Q5K1 b kq - 0 4,a8a7,100,1,448,543,285,63,667,LOWER,true,true,true,true,static,667,ordinary-nonchecking-capture,1
benchmark:middlegame:3,middlegame,10734,10,13,2r1kr2/1pp3pp/p1np1R2/6B1/4P3/P1NP4/1PP1Q1PP/4b2K b - - 0 16,g7f6,500,1,-22,-21,-585,63,-13,LOWER,true,true,true,true,static,-13,same-target-q-recapture,1
benchmark:middlegame:3,middlegame,31903,9,12,r2r2k1/1pp2ppp/B1np4/3Np1n1/8/P2P4/1PP1K1PP/R4R2 w - - 0 16,a6b7,100,1,10,111,-153,63,103,EXACT,true,false,true,true,static,103,ordinary-nonchecking-capture,1
corpus:tail-kiwipete-e1d1:full,tail-kiwipete-e1d1,7634,18,18,r6r/p2k1pb1/6p1/8/8/7P/PPPK1P1P/R6R b - - 0 10,g7b2,100,1,186,210,24,62,211,LOWER,true,true,true,true,static,211,ordinary-nonchecking-capture,1
corpus:tail-kiwipete-e1d1:full,tail-kiwipete-e1d1,13548,16,16,r6b/p1pk4/1n4p1/8/4n3/7p/PPP2PPP/R1K4R b - - 1 9,h3g2,100,1,282,291,120,62,518,LOWER,true,true,true,true,static,518,ordinary-nonchecking-capture,1
corpus:tail-kiwipete-e1d1:full,tail-kiwipete-e1d1,17258,18,18,r4k1b/p1pn1p2/8/8/4P3/8/PPPK1P1P/7R b - - 0 10,h8b2,100,1,282,290,120,62,302,LOWER,true,true,true,true,static,302,ordinary-nonchecking-capture,1
benchmark:kiwipete:2,kiwipete,7000,19,21,r7/p1pk2b1/6p1/8/4K3/8/PPP2P1P/R6R b - - 0 11,g7b2,100,1,-384,-351,-546,62,-381,EXACT,true,false,true,true,static,-381,ordinary-nonchecking-capture,4
benchmark:kiwipete:2,kiwipete,11307,15,17,3r3r/p1p2pB1/1n4p1/8/4P1k1/7p/PPP1KPPP/R6R b - - 0 9,h3g2,100,1,-81,-61,-243,62,85,LOWER,true,true,true,true,static,85,ordinary-nonchecking-capture,1
benchmark:kiwipete:2,kiwipete,11364,15,17,3r3r/p1p2pB1/1n4p1/8/4P1k1/7p/PPP1KPPP/R6R b - - 0 9,h3g2,100,1,-81,-80,-243,62,85,LOWER,true,true,true,true,static,85,ordinary-nonchecking-capture,2
benchmark:evasion:2,evasion,5948,15,17,r3k2N/Pppp2Qp/6b1/nP6/2r1n2K/5R2/6PP/8 b q - 0 9,a8a7,100,1,-39,26,-201,62,123,LOWER,true,true,true,true,static,123,ordinary-nonchecking-capture,2
benchmark:kiwipete:3,kiwipete,648,10,13,r3k3/p1pp1p2/q5p1/3Pb3/1B6/8/PPP2PPR/R3K3 b Qq - 0 7,e5h2,500,1,803,849,241,62,859,LOWER,true,true,true,true,static,859,same-target-q-recapture,1
benchmark:kiwipete:3,kiwipete,3639,14,17,r3k3/p1p1N3/1n2P3/8/4n3/8/P1P1KPPP/7r b q - 0 9,e8e7,320,1,744,759,362,62,767,LOWER,true,true,true,true,static,767,ordinary-nonchecking-capture,1
benchmark:kiwipete:3,kiwipete,9343,12,15,r3k2b/p1p5/1n2Pnp1/8/4P3/5K2/PPq2PPP/R6R b q - 1 8,c2b2,100,1,643,697,481,62,665,EXACT,true,false,true,false,static,882,ordinary-nonchecking-capture,1
benchmark:kiwipete:3,kiwipete,21501,6,9,r3k2r/p1ppqp2/b3Qnp1/3nN3/4P3/8/PPPKBPPP/R6R b kq - 1 5,e7e6,975,1,975,32769,-62,62,1064,EXACT,true,false,true,false,static,1215,ordinary-nonchecking-capture,1
benchmark:kiwipete:3,kiwipete,34707,0,3,r3k2r/p2pqpb1/bn2Qnp1/2pPN3/1p2P3/2N5/PPPBBPPP/R3K2R b KQkq - 0 2,d7e6,975,1,590,32769,-447,62,660,EXACT,true,false,true,true,static,660,ordinary-nonchecking-capture,1
benchmark:kiwipete:3,kiwipete,34927,12,15,r7/p4kb1/1n2qn2/2p5/4P3/8/PPPK1PPP/R6R b - - 0 8,e6e4,100,1,601,641,439,62,941,LOWER,true,true,true,true,static,941,ordinary-nonchecking-capture,3
benchmark:kiwipete:3,kiwipete,35419,16,19,r7/p2Pk3/Bn6/2p5/4n3/2P5/P1P1KPP1/r7 b - - 0 10,e7d7,100,1,662,668,500,62,1025,LOWER,true,true,true,true,static,1025,same-target-q-recapture,1
benchmark:kiwipete:3,kiwipete,46863,0,3,r3k2r/p1ppqpb1/Bn3np1/3NN3/1p2P3/5Q1p/PPPB1PPP/R3K2R b KQkq - 0 2,e7e5,320,1,-61,398,-443,62,-32,EXACT,true,false,true,true,static,-32,ordinary-nonchecking-capture,1
benchmark:kiwipete:3,kiwipete,53338,14,17,r2k4/p1pPqp2/Bn4p1/4N3/3K4/7P/PPP4P/7R b - - 0 9,b6d7,100,1,378,482,216,62,493,LOWER,true,true,true,true,static,493,ordinary-nonchecking-capture,1
benchmark:kiwipete:3,kiwipete,55763,6,9,r3k3/p1ppqpb1/B3pnp1/3NN3/4P3/7P/RPPB1P1P/4K2R b Kq - 0 5,f6d5,320,1,37,57,-345,62,55,EXACT,true,false,true,true,static,55,same-target-q-recapture,1
benchmark:kiwipete:3,kiwipete,66848,14,17,3r3r/p1p2pB1/1n4p1/8/4P1k1/7p/PPP1KPPP/R6R b - - 0 9,h3g2,100,1,-81,-32,-243,62,85,LOWER,true,true,true,true,static,85,ordinary-nonchecking-capture,1
corpus:tail-kiwipete-e1d1:full,tail-kiwipete-e1d1,1461,13,13,r2k3r/p1pp2b1/1n2p1N1/3P4/4P3/2B5/PPP1KP1P/R6q w - - 1 8,a1h1,975,1,-263,-200,-1299,61,-183,LOWER,true,true,true,true,static,-183,ordinary-nonchecking-capture,1
corpus:tail-kiwipete-e1d1:full,tail-kiwipete-e1d1,8338,13,13,r6r/p1pp2b1/1n1kp1N1/3P4/4P3/2B5/PPP1KP1P/R6q w - - 1 8,a1h1,975,1,-291,-177,-1327,61,-200,EXACT,true,false,true,true,static,-200,ordinary-nonchecking-capture,1
corpus:tail-kiwipete-e1d1:full,tail-kiwipete-e1d1,11312,18,18,r4k1b/p1pn1p2/8/8/4P3/8/PPPK1P1P/7R b - - 0 10,h8b2,100,1,281,282,120,61,302,LOWER,true,true,true,true,static,302,ordinary-nonchecking-capture,1
corpus:tail-kiwipete-e1d1:full,tail-kiwipete-e1d1,14574,18,18,r2k3b/p1pp1P2/1n6/8/4n3/8/PPP2P1P/R1K5 b - - 1 10,e4f2,100,1,282,291,121,61,-32748,UPPER,false,false,false,false,mate,121,mate,1
benchmark:kiwipete:2,kiwipete,972,9,11,r3k2r/p1pp2b1/B3p1N1/3P4/1p6/7p/PPPB1PPP/R3K2R b KQ - 0 6,h3g2,100,1,-664,-660,-825,61,-583,LOWER,true,true,true,true,static,-583,ordinary-nonchecking-capture,2
benchmark:kiwipete:2,kiwipete,4432,9,11,r3k3/p1pp4/Bn4N1/8/1p6/2b4p/PPPn1PPP/R3K2R b KQq - 0 6,h3g2,100,1,-306,-283,-467,61,-47,LOWER,true,true,true,true,static,-47,ordinary-nonchecking-capture,1
benchmark:kiwipete:2,kiwipete,5817,16,18,r4N2/p1p3b1/1n1k1nq1/8/8/8/PPPK1P1P/R6R w - - 1 10,f8g6,975,1,355,420,-681,61,423,LOWER,true,true,true,true,static,423,ordinary-nonchecking-capture,2
benchmark:kiwipete:2,kiwipete,11493,15,17,3r3r/p1p2pB1/1n4p1/7k/4P3/7p/PPP1KPPP/R6R b - - 0 9,h3g2,100,1,-81,-61,-242,61,66,LOWER,true,true,true,true,static,66,ordinary-nonchecking-capture,1
benchmark:kiwipete:2,kiwipete,11507,15,17,3r3r/p1p2pB1/1n4p1/7k/4P3/7p/PPP1KPPP/R6R b - - 0 9,h3g2,100,1,-81,-78,-242,61,66,LOWER,true,true,true,true,static,66,ordinary-nonchecking-capture,2
benchmark:evasion:2,evasion,3,3,5,r3k2r/Pppp1p1p/1b3nbp/nP6/BBP1P3/5N2/1R1P2PP/3Q1R1K b kq - 0 3,a8a7,100,1,-1072,-831,-1233,61,-824,LOWER,true,true,true,true,static,-824,ordinary-nonchecking-capture,2
benchmark:evasion:2,evasion,5533,19,21,r4k1N/Pppp3Q/5p2/1P6/1rn5/8/5KPP/8 b - - 0 11,a8a7,100,1,-11,1,-172,61,105,LOWER,true,true,true,true,static,105,ordinary-nonchecking-capture,2
benchmark:middlegame:2,middlegame,3018,9,11,4rr2/1pp2kpp/p1np4/4q3/4P1Q1/P1NP4/1PP2KPP/2R2R2 b - - 0 15,e5h2,100,1,3,6,-158,61,9,LOWER,true,true,true,true,static,9,ordinary-nonchecking-capture,1
benchmark:kiwipete:3,kiwipete,4414,10,13,r3k2b/p1p1q3/1n4p1/3p4/1p6/8/PPPKBPPP/R6R b q - 0 7,h8b2,100,1,771,831,610,61,788,EXACT,true,false,true,true,static,788,ordinary-nonchecking-capture,1
benchmark:kiwipete:3,kiwipete,8580,6,9,r4k1r/p1p2Pb1/1n3np1/4q3/1p2P3/8/PPPBNPPP/R3K2R b KQ - 0 5,f8f7,100,1,591,604,430,61,735,LOWER,true,true,true,true,static,735,ordinary-nonchecking-capture,1
benchmark:kiwipete:3,kiwipete,25649,14,17,r3k3/p1p2Nb1/4qn2/8/4P3/8/P1PK1PPP/R7 b q - 0 9,e8f7,320,1,590,616,209,61,606,EXACT,true,false,true,false,static,859,ordinary-nonchecking-capture,1
benchmark:kiwipete:3,kiwipete,25775,14,17,r3k3/p1p2Nb1/4qn2/8/4P3/8/P1PK1PPP/R7 b q - 0 9,e8f7,320,1,590,618,209,61,606,EXACT,true,false,true,false,static,859,ordinary-nonchecking-capture,2
benchmark:kiwipete:3,kiwipete,26333,20,23,r7/p1p1k3/4p3/3P4/8/8/P1P2KPP/b7 b - - 0 12,e6d5,100,1,601,630,440,61,649,LOWER,true,true,true,true,static,649,ordinary-nonchecking-capture,2
benchmark:kiwipete:3,kiwipete,34149,16,19,r7/p2Pk3/Bnp5/8/4n3/2P5/P1P1KPP1/r7 b - - 0 10,e7d7,100,1,662,668,501,61,1025,LOWER,true,true,true,true,static,1025,same-target-q-recapture,1
benchmark:kiwipete:3,kiwipete,40742,8,11,r3k3/p1pp4/Bn4N1/8/1p6/2b4p/PPPn1PPP/R3K2R b KQq - 0 6,h3g2,100,1,-306,-273,-467,61,-47,LOWER,true,true,true,true,static,-47,ordinary-nonchecking-capture,1
benchmark:kiwipete:3,kiwipete,67039,14,17,3r3r/p1p2pB1/1n4p1/7k/4P3/7p/PPP1KPPP/R6R b - - 0 9,h3g2,100,1,-81,-32,-242,61,66,LOWER,true,true,true,true,static,66,ordinary-nonchecking-capture,1
benchmark:evasion:3,evasion,7775,4,7,r3k2r/Pppp1ppp/1P3nbN/nP6/B2NP3/8/P2q2PP/Q4RK1 b kq - 0 4,g6e4,100,1,387,543,226,61,414,EXACT,true,false,true,true,static,414,ordinary-nonchecking-capture,1
benchmark:middlegame:3,middlegame,7553,7,10,r4r2/1pp2kpp/p1np4/4p1q1/4Q3/P1NP4/1PP2KPP/4RR2 w - - 0 15,e4h7,100,1,10,27,-151,61,16,EXACT,true,false,true,true,static,16,ordinary-nonchecking-capture,1
benchmark:middlegame:3,middlegame,12466,8,11,4rr2/1pp2kpp/p1np4/4q3/4P1Q1/P1NP4/1PP2KPP/4RR2 b - - 0 15,e5h2,100,1,-22,-10,-183,61,-7,LOWER,true,true,true,true,static,-7,ordinary-nonchecking-capture,1
benchmark:middlegame:3,middlegame,30319,13,16,3r2k1/2p2ppp/2Bp4/3Np3/4n3/P2P4/1PP3bP/R3K3 w - - 0 18,d5c7,100,1,10,64,-151,61,12,EXACT,true,false,true,true,static,12,ordinary-nonchecking-capture,1
benchmark:middlegame:3,middlegame,38763,11,14,r4Bk1/1pp2ppp/n2p4/3Np3/4n3/P2P4/1PP3PP/R4K2 w - - 0 17,f8g7,100,-1,10,40,-151,61,42,LOWER,true,true,true,true,static,42,SEE-negative,1
corpus:tail-kiwipete-e1d1:full,tail-kiwipete-e1d1,4328,13,13,r2k3r/p1p2p2/1n2P1p1/8/4P3/7p/PbPK1PPP/R6R w - - 0 8,e6f7,100,1,-263,-261,-423,60,-257,LOWER,true,true,true,true,static,-257,ordinary-nonchecking-capture,1
corpus:tail-kiwipete-e1d1:full,tail-kiwipete-e1d1,6478,8,8,r3k2b/p1ppqp2/1n2pn2/3P4/4P3/7p/PPPKQPPP/R6R b q - 0 5,h3g2,100,1,235,244,75,60,388,LOWER,true,true,true,true,static,388,ordinary-nonchecking-capture,2
corpus:tail-kiwipete-e1d1:full,tail-kiwipete-e1d1,9082,18,18,r2k3b/p1pp1P2/1n6/8/4n3/8/PPP2P1P/R1K5 b - - 1 10,e4f2,100,1,281,291,121,60,-32748,UPPER,false,false,false,false,mate,121,mate,1
corpus:tail-kiwipete-e1d1:full,tail-kiwipete-e1d1,15828,13,13,r2k3b/p1pp1q2/Bn3n2/8/4P3/5Q2/PPPK1P1P/R6r w - - 0 8,f3h1,500,1,-291,-282,-851,60,-213,LOWER,true,true,true,true,static,-213,same-target-q-recapture,1
benchmark:kiwipete:2,kiwipete,5189,11,13,r7/p1p1Bpb1/Bn4p1/8/4k3/7r/PPP2PPP/R3K2R b KQ - 0 7,g7b2,100,1,-138,-111,-298,60,-132,EXACT,true,false,true,true,static,-132,ordinary-nonchecking-capture,2
benchmark:middlegame:2,middlegame,7229,6,8,5rk1/1pp2ppp/p1np4/2b1p3/2B1P3/P1NP4/1PP2PPP/R4bK1 w - - 0 14,a1f1,330,1,-1,0,-391,60,0,LOWER,true,true,true,true,static,0,ordinary-nonchecking-capture,1
benchmark:kiwipete:3,kiwipete,13830,0,3,3rk2r/p1ppqpb1/bn2Qnp1/3PN3/1p2P3/2N5/PPPBBPPP/R3K2R b KQk - 0 2,d7e6,975,1,590,32769,-445,60,673,EXACT,true,false,true,true,static,673,ordinary-nonchecking-capture,1
benchmark:kiwipete:3,kiwipete,19472,0,3,r3k2r/p1ppqp2/bn2Qnpb/3PN3/1p2P3/2N5/PPPBBPPP/R3K2R b KQkq - 0 2,d7e6,975,1,590,32769,-445,60,671,EXACT,true,false,true,false,static,919,ordinary-nonchecking-capture,1
benchmark:kiwipete:3,kiwipete,23744,0,3,r3kb1r/p1ppqp2/bn2Qnp1/3PN3/1p2P3/2N5/PPPBBPPP/R3K2R b KQkq - 0 2,d7e6,975,1,590,32769,-445,60,649,EXACT,true,false,true,true,static,649,ordinary-nonchecking-capture,1
benchmark:kiwipete:3,kiwipete,25677,8,11,r3k2b/p1p1qp2/B3Pn2/8/4P3/2p5/PPPn1PPP/R3K2R b KQq - 0 6,c3b2,100,1,590,618,430,60,687,LOWER,true,true,true,true,static,687,ordinary-nonchecking-capture,1
benchmark:kiwipete:3,kiwipete,35153,8,11,r3k2b/p3q3/1n2pnp1/2pP4/4P3/2B5/PPP1KPPP/R6R b q - 0 6,e6d5,100,1,590,641,430,60,631,EXACT,true,false,true,true,static,631,ordinary-nonchecking-capture,1
benchmark:kiwipete:3,kiwipete,43091,15,18,r1k2q1Q/p1pn4/4p1p1/3P4/8/8/PpP2PPP/R2K3R w - - 1 10,h8b2,100,1,273,284,113,60,376,LOWER,true,true,true,true,static,376,ordinary-nonchecking-capture,1
benchmark:kiwipete:3,kiwipete,43141,20,23,r1k2n2/p1p5/4P1p1/8/8/8/P1P1KPPP/R7 b - - 0 12,f8e6,100,1,-290,-273,-450,60,58,LOWER,true,true,true,true,static,58,ordinary-nonchecking-capture,1
benchmark:middlegame:3,middlegame,11500,10,13,3rkr2/1pp3pp/p1np1R2/6B1/4P3/P1NP4/1PP1Q1PP/4b2K b - - 0 16,g7f6,500,1,-22,-21,-582,60,-9,LOWER,true,true,true,true,static,-9,same-target-q-recapture,1
benchmark:middlegame:3,middlegame,20107,6,9,2r2r2/1pp1k1pp/p1np1q2/2b1N3/4P1Q1/P1NP4/1PP2PPP/R3R1K1 b - - 0 14,f6e5,320,1,-11,-10,-391,60,32,LOWER,true,true,true,true,static,32,ordinary-nonchecking-capture,1
benchmark:middlegame:3,middlegame,30330,11,14,3B1rk1/1Bp2ppp/2np4/3Np3/4n3/P2P4/1PP3bP/R3K3 w - - 0 17,d8c7,100,1,12,64,-148,60,35,EXACT,true,false,true,true,static,35,ordinary-nonchecking-capture,1
benchmark:middlegame:3,middlegame,38002,13,16,r5k1/2p2ppp/3p4/n2Np1n1/8/P2P4/1PP3PP/5RK1 w - - 0 18,d5c7,100,1,74,76,-86,60,124,LOWER,true,true,true,true,static,124,ordinary-nonchecking-capture,1
corpus:tactical:lower,tactical,6,2,2,4k3/8/4p3/3p4/4P3/3Q4/8/4K3 w - - 0 2,e4d5,100,1,1071,1072,912,59,1072,LOWER,true,true,true,true,static,1072,same-target-q-recapture,1
corpus:tail-kiwipete-e1d1:full,tail-kiwipete-e1d1,11255,15,15,r3k2b/p1pp1p2/1n2q3/8/8/8/PPP2QpP/R1K4R w q - 0 9,f2g2,100,1,-282,-261,-441,59,-153,LOWER,true,true,true,true,static,-153,same-target-q-recapture,1
benchmark:kiwipete:2,kiwipete,5816,16,18,r4N2/p1p3b1/1nk2nq1/8/8/8/PPPK1P1P/R6R w - - 1 10,f8g6,975,1,355,426,-679,59,420,EXACT,true,false,true,true,static,420,ordinary-nonchecking-capture,2
benchmark:evasion:2,evasion,1727,5,7,r3k2r/Pppp1p1p/5nbp/nPb5/B1P1P3/5N2/1R1P2PP/3Q1R1K b kq - 0 4,a8a7,100,1,-708,-469,-867,59,-453,LOWER,true,true,true,true,static,-453,ordinary-nonchecking-capture,2
benchmark:evasion:2,evasion,4333,9,11,r3k2r/PpBp1p1p/5nbp/1P6/B1P1P3/5Q2/P5PP/b6K b kq - 0 6,a8a7,100,1,18,37,-141,59,256,LOWER,true,true,true,true,static,256,ordinary-nonchecking-capture,2
benchmark:evasion:2,evasion,4410,7,9,r3k2r/PpBp1ppp/5nbN/1P6/q1PPP3/5Q2/6PP/5RK1 b kq - 0 5,a4a7,100,1,47,68,-112,59,160,LOWER,true,true,true,true,static,160,ordinary-nonchecking-capture,2
benchmark:middlegame:2,middlegame,3635,9,11,4rr2/1pp2kpp/p1np4/4q3/4P1Q1/P1NP4/1PP2KPP/3R1R2 b - - 0 15,e5h2,100,1,4,6,-155,59,12,LOWER,true,true,true,true,static,12,ordinary-nonchecking-capture,1
benchmark:kiwipete:3,kiwipete,708,10,13,r3k2b/p1pp1p2/q4n2/3P4/8/8/PPPK1PPP/R6R b q - 0 7,f6d5,100,1,736,849,577,59,757,EXACT,true,false,true,true,static,757,same-target-q-recapture,1
benchmark:kiwipete:3,kiwipete,3621,11,14,r3k3/p1p1q3/1n2p1N1/3P4/4n3/8/P1P1KPPP/q6R w q - 0 8,h1a1,975,1,-759,-744,-1793,59,-688,LOWER,true,true,true,true,static,-688,same-target-q-recapture,1
benchmark:kiwipete:3,kiwipete,8023,6,9,r2k3r/p1p1q1b1/1n2Pnp1/8/1p2P3/8/PPPBNPPP/R3K2R b KQ - 0 5,e7e6,100,1,590,633,431,59,675,LOWER,true,true,true,true,static,675,ordinary-nonchecking-capture,1
benchmark:kiwipete:3,kiwipete,13415,18,21,2N1k3/p1pp2b1/4P3/8/4n3/8/rPP1KPP1/8 b - - 0 11,a2b2,100,1,640,673,481,59,719,LOWER,true,true,true,true,static,719,ordinary-nonchecking-capture,1
benchmark:kiwipete:3,kiwipete,22258,13,16,r3k2N/p1p1q3/B3p1p1/3n4/8/2P5/P1P3PP/R1K4n w q - 0 9,h8g6,100,1,-843,-823,-1002,59,-788,LOWER,true,true,true,true,static,-788,ordinary-nonchecking-capture,1
benchmark:kiwipete:3,kiwipete,25699,14,17,r3k3/p1p2Nb1/q4n2/8/4P3/8/P1PK1PPP/R7 b q - 0 9,e8f7,320,1,590,618,211,59,608,EXACT,true,false,true,false,static,652,ordinary-nonchecking-capture,1
benchmark:kiwipete:3,kiwipete,38955,11,14,r6r/p1pk1p2/Bn4p1/8/1p6/2P2Q2/P1P1KP1P/R6q w - - 0 8,a1h1,975,1,256,310,-778,59,294,EXACT,true,false,true,false,static,396,same-target-q-recapture,1
benchmark:kiwipete:3,kiwipete,45587,4,7,r3k2r/p1Qpqpb1/Bn2p1p1/3PN3/8/7p/PPPK1PPP/R6R b kq - 0 4,h3g2,100,1,-61,-17,-220,59,-17,LOWER,true,true,true,true,static,-17,ordinary-nonchecking-capture,1
benchmark:kiwipete:3,kiwipete,48982,14,17,r7/p3k1b1/1n4p1/3p4/8/7p/PPPK1PPP/R6R b - - 0 9,g7b2,100,1,-61,-32,-220,59,-49,EXACT,true,false,true,false,static,180,ordinary-nonchecking-capture,1
benchmark:evasion:3,evasion,13155,2,5,r3k2r/Pppp1ppp/1b3nb1/nP3N2/BqPPP3/5N2/P5PP/Q4RK1 b kq - 0 3,a8a7,100,1,513,543,354,59,634,LOWER,true,true,true,true,static,634,ordinary-nonchecking-capture,1
benchmark:middlegame:3,middlegame,19294,13,16,5B1k/rpp2Bpp/p1np4/2b1p3/8/P1N2n2/1PP3PP/R4K2 w - - 0 18,g2f3,320,1,10,11,-369,59,79,LOWER,true,true,true,true,static,79,same-target-q-recapture,1
benchmark:middlegame:3,middlegame,20687,6,9,3r1r2/1pp1k1pp/p1np1q2/2b1N3/4P1Q1/P1NP4/1PP2PPP/R3R1K1 b - - 0 14,f6e5,320,1,-11,-10,-390,59,33,LOWER,true,true,true,true,static,33,ordinary-nonchecking-capture,1
benchmark:middlegame:3,middlegame,30978,7,10,4rrk1/2p2ppp/p1np4/3Np1q1/4P1b1/P4N2/1PP1Q1PP/R4RK1 w - - 0 15,e2a6,100,1,68,103,-91,59,75,EXACT,true,false,true,true,static,75,same-target-q-recapture,1
benchmark:middlegame:3,middlegame,41519,15,18,5rk1/2Q2pp1/3p3p/3bp3/8/P7/1PP3qP/R3KR2 w - - 0 19,c7d6,100,1,100,111,-59,59,127,LOWER,true,true,true,true,static,127,ordinary-nonchecking-capture,1
corpus:tail-kiwipete-e1d1:full,tail-kiwipete-e1d1,8501,13,13,r3k2r/p1pp2b1/1n2p1N1/3P4/4P3/2B5/PPP1KP1P/R6q w - - 1 8,a1h1,975,1,-291,-200,-1324,58,-200,LOWER,true,true,true,true,static,-200,ordinary-nonchecking-capture,1
corpus:tail-kiwipete-e1d1:full,tail-kiwipete-e1d1,9020,17,17,n6b/p1ppk3/5nq1/8/8/7p/PPPK1PPP/R6R w - - 0 10,g2h3,100,1,-281,-217,-439,58,-280,EXACT,true,false,true,true,static,-280,ordinary-nonchecking-capture,1
corpus:tail-kiwipete-e1d1:full,tail-kiwipete-e1d1,11222,11,11,r3k2b/p1pp1p2/1n3n2/8/4q3/5Q1p/PPPK1PPP/R6R w q - 0 7,f3h3,100,1,-282,-217,-440,58,-261,EXACT,true,false,true,true,static,-261,ordinary-nonchecking-capture,1
corpus:tail-kiwipete-e1d1:full,tail-kiwipete-e1d1,13560,16,16,r6b/p1pk4/1n4p1/8/4n3/3K3p/PPP2PPP/R6R b - - 1 9,h8b2,100,1,282,291,124,58,307,LOWER,true,true,true,true,static,307,ordinary-nonchecking-capture,1
corpus:tail-kiwipete-e1d1:full,tail-kiwipete-e1d1,17498,10,10,r3k2b/p1pp4/1n2qnp1/8/4P3/7p/PPPQ1PPP/R2K3R b q - 0 6,e6e4,100,1,286,291,128,58,330,LOWER,true,true,true,true,static,330,ordinary-nonchecking-capture,1
corpus:tail-evasion-:full,tail-evasion-,1672,17,17,4k3/rppp2p1/5np1/nP6/3NP3/8/P5PP/5RK1 b - - 0 9,f6e4,100,1,327,342,169,58,339,EXACT,true,false,true,true,static,339,ordinary-nonchecking-capture,3
corpus:tail-evasion-f1f2:lower,tail-evasion-f1f2,61,8,8,r3k2r/Pppp1p1p/5nbp/nP6/2P1P3/B4N2/P2P1KPP/3B4 b kq - 0 5,a8a7,100,1,695,696,537,58,938,LOWER,true,true,true,true,static,938,ordinary-nonchecking-capture,1
benchmark:kiwipete:2,kiwipete,905,13,15,r6N/p1pp4/B3p3/3k4/1B6/7p/PbP2PPP/R3K2R b KQ - 0 8,b2a1,500,1,-694,-676,-1252,58,-621,LOWER,true,true,true,true,static,-621,ordinary-nonchecking-capture,2
benchmark:kiwipete:2,kiwipete,940,9,11,r6r/p1pp2b1/B2kp1N1/3P4/1p6/7p/PPPB1PPP/R3K2R b KQ - 0 6,h3g2,100,1,-676,-664,-834,58,-592,LOWER,true,true,true,true,static,-592,ordinary-nonchecking-capture,2
benchmark:kiwipete:3,kiwipete,4036,10,13,r3k3/p1p1q3/1n2P1p1/8/4n3/2b5/PPP1KPPP/R6R b q - 0 7,e7e6,100,1,771,819,613,58,826,LOWER,true,true,true,true,static,826,same-target-q-recapture,1
benchmark:kiwipete:3,kiwipete,10657,10,13,r7/p1p3b1/Bn1qknp1/8/4P3/2B5/PPP2PPR/R3K3 b Q - 0 7,d6h2,500,1,695,704,137,58,721,LOWER,true,true,true,true,static,721,same-target-q-recapture,2
benchmark:kiwipete:3,kiwipete,23918,12,15,r4b2/p1p2k2/1n2qn2/8/4P3/8/PPPK1PPP/R6R b - - 0 8,e6e4,100,1,590,649,432,58,934,LOWER,true,true,true,true,static,934,ordinary-nonchecking-capture,1
benchmark:kiwipete:3,kiwipete,24100,12,15,r4b2/p1p2k2/1n2qn2/8/4P3/8/PPPK1PPP/R6R b - - 0 8,e6e4,100,1,590,643,432,58,934,LOWER,true,true,true,true,static,934,ordinary-nonchecking-capture,3
benchmark:kiwipete:3,kiwipete,25149,14,17,r6r/p1p1kpb1/4p3/3b4/8/3K4/PPP2PPP/R6R b - - 1 9,g7b2,100,1,597,623,439,58,603,EXACT,true,false,true,true,static,603,ordinary-nonchecking-capture,2
benchmark:middlegame:3,middlegame,34906,8,11,5rk1/1pp2ppp/Q1np4/3Np1q1/4P1b1/P4N2/1PP3PP/R4RK1 b - - 0 15,g4f3,320,-1,-110,-72,-488,58,-101,EXACT,true,false,true,true,static,-101,SEE-negative,1
benchmark:middlegame:3,middlegame,36310,16,19,B5k1/2p2pBp/p7/8/4b3/P7/2P2PPP/b5K1 b - - 0 19,e4g2,100,-1,-19,-10,-177,58,0,LOWER,true,true,true,true,static,0,SEE-negative,2
benchmark:middlegame:3,middlegame,36734,16,19,6k1/2p2p1p/p2p4/4B3/4B3/P2P4/2P2P1P/b5K1 b - - 0 19,a1e5,330,1,-95,-10,-483,58,0,LOWER,true,true,true,true,static,0,ordinary-nonchecking-capture,2
corpus:tail-evasion-:full,tail-evasion-,1139,7,7,r3k2r/PpPp1ppp/5nbN/nP6/1q2P3/5N2/P2P2PP/Q4RK1 b kq - 0 4,b4e4,100,1,43,365,-114,57,57,EXACT,true,false,true,true,static,57,ordinary-nonchecking-capture,1
benchmark:kiwipete:2,kiwipete,3195,13,15,r3k2r/p1pN1pb1/Bn4p1/8/8/2p2Q2/PPP2P1P/3K3R b kq - 1 8,c3b2,100,1,-310,-283,-467,57,-267,LOWER,true,true,true,true,static,-267,ordinary-nonchecking-capture,1
benchmark:kiwipete:2,kiwipete,4423,9,11,r3k3/p1pp4/Bn4N1/8/1p6/2b4p/PPPn1PPP/R3K2R b KQq - 0 6,c3b2,100,1,-310,-283,-467,57,-306,EXACT,true,false,true,false,static,-47,ordinary-nonchecking-capture,1
benchmark:kiwipete:2,kiwipete,6724,16,18,r4N2/p1p3b1/1n1k1nq1/8/8/8/PPPK1P1P/R6R w - - 1 10,f8g6,975,1,351,420,-681,57,423,LOWER,true,true,true,true,static,423,ordinary-nonchecking-capture,2
benchmark:evasion:2,evasion,2673,5,7,r3k2r/Pppp1ppp/5nbN/nPb5/B1PPP3/5R2/P5PP/Q5K1 b kq d3 0 4,c5a7,100,1,-81,146,-238,57,158,LOWER,true,true,true,true,static,158,ordinary-nonchecking-capture,2
benchmark:middlegame:2,middlegame,3837,6,8,r4rk1/1pp2ppp/p1np4/4p1q1/2B1n3/P1NP1Q2/1PP1K1PP/4RR2 w - - 0 14,f3e4,320,1,-6,27,-383,57,58,LOWER,true,true,true,true,static,58,ordinary-nonchecking-capture,1
benchmark:kiwipete:3,kiwipete,9758,8,11,r3k2b/p1p5/1n2pnp1/2qP4/4P3/2B5/PPP1KPPP/R6R b q - 0 6,e6d5,100,1,648,692,491,57,661,EXACT,true,false,true,true,static,661,ordinary-nonchecking-capture,1
benchmark:kiwipete:3,kiwipete,18998,14,17,r6r/p1pk2b1/1n4p1/3p4/8/5K2/PPP2PPP/R6R b - - 1 9,g7b2,100,1,590,596,433,57,592,EXACT,true,false,true,true,static,592,ordinary-nonchecking-capture,2
benchmark:kiwipete:3,kiwipete,39400,12,15,r3k2r/p1pN1pb1/Bn4p1/8/8/2p2Q2/PPP2P1P/3K3R b kq - 1 8,c3b2,100,1,-310,-256,-467,57,-250,LOWER,true,true,true,true,static,-250,ordinary-nonchecking-capture,1
benchmark:kiwipete:3,kiwipete,40733,8,11,r3k3/p1pp4/Bn4N1/8/1p6/2b4p/PPPn1PPP/R3K2R b KQq - 0 6,c3b2,100,1,-310,-273,-467,57,-306,EXACT,true,false,true,false,static,-47,ordinary-nonchecking-capture,1
benchmark:kiwipete:3,kiwipete,43187,17,20,r2k4/p1pn4/4p1p1/3P4/8/4K3/PpP2PPP/R6R w - - 0 11,d5e6,100,1,273,290,116,57,453,LOWER,true,true,true,true,static,453,ordinary-nonchecking-capture,1
benchmark:kiwipete:3,kiwipete,44075,16,19,2r4b/p1pk4/1n6/8/1p6/7P/PPPK1P1P/R6R b - - 0 10,h8b2,100,1,-285,-273,-442,57,-253,LOWER,true,true,true,true,static,-253,ordinary-nonchecking-capture,1
benchmark:kiwipete:3,kiwipete,47905,17,20,3k4/3p1pb1/Np4p1/8/1p2n3/8/PPP1KP2/R6r w - - 0 11,a1h1,500,1,32,35,-525,57,71,LOWER,true,true,true,true,static,71,ordinary-nonchecking-capture,1
benchmark:kiwipete:3,kiwipete,47970,18,21,5k2/3p1pb1/Np4p1/8/1p2n3/8/PPP2P2/R6K b - - 0 11,g7b2,100,1,-35,-32,-192,57,-22,LOWER,true,true,true,true,static,-22,ordinary-nonchecking-capture,1
benchmark:kiwipete:3,kiwipete,48392,18,21,r7/pkp5/8/4Q3/1p2P3/8/PPPK1P1P/R6q b - - 0 11,h1a1,500,1,-56,-46,-613,57,-39,LOWER,true,true,true,true,static,-39,ordinary-nonchecking-capture,1
benchmark:middlegame:3,middlegame,15945,6,9,r3kr2/1pp3pp/pbnp1q2/4N3/4P1Q1/P1NP4/1PP2PPP/4RRK1 b - - 0 14,f6e5,320,1,-17,-10,-394,57,38,LOWER,true,true,true,true,static,38,ordinary-nonchecking-capture,1
benchmark:middlegame:3,middlegame,28578,8,11,5rk1/1pp2ppp/Q1np4/3Np1q1/4P1b1/P4N2/1PP3PP/R4RK1 b - - 0 15,g4f3,320,-1,-111,-10,-488,57,-101,EXACT,true,false,true,true,static,-101,SEE-negative,1
benchmark:middlegame:3,middlegame,31760,9,12,r1r3k1/1pp2ppp/B1np4/3Np1n1/8/P2P4/1PP1K1PP/R4R2 w - - 0 16,a6b7,100,1,10,111,-147,57,107,EXACT,true,false,true,true,static,107,ordinary-nonchecking-capture,1
benchmark:middlegame:3,middlegame,35449,8,11,5rk1/1pp2ppp/Q1np4/3Np1q1/4P1b1/P4N2/1PP3PP/R4RK1 b - - 0 15,g4f3,320,-1,-111,-72,-488,57,-101,EXACT,true,false,true,true,static,-101,SEE-negative,1
corpus:tail-kiwipete-e1d1:full,tail-kiwipete-e1d1,16819,14,14,r2k3r/p1pp1pb1/1n2Q3/4N3/8/2B5/PPP1KP1P/7R b - - 0 8,f7e6,975,1,282,291,-749,56,302,LOWER,true,true,true,true,static,302,ordinary-nonchecking-capture,1
benchmark:middlegame:2,middlegame,5784,15,17,5r2/1pp1Q1pp/p1np4/8/3k4/P1NP4/1PP3PP/R3K3 b - - 0 18,c6e7,975,1,-19,-4,-1050,56,55,LOWER,true,true,true,true,static,55,same-target-q-recapture,1
benchmark:middlegame:2,middlegame,6788,7,9,r4r2/1pp1k1pp/p1np1q2/4N3/3bP1Q1/P1NP4/1PP2PPP/R4RK1 b - - 0 14,f6e5,320,1,-19,-13,-395,56,47,LOWER,true,true,true,true,static,47,ordinary-nonchecking-capture,2
benchmark:middlegame:2,middlegame,8172,10,12,r4r2/2q1k2p/p1pp1p2/2b5/4P1b1/P2P4/1PP1QPPP/R4RK1 w - - 0 16,e2g4,330,1,163,166,-223,56,198,LOWER,true,true,true,true,static,198,ordinary-nonchecking-capture,2
benchmark:kiwipete:3,kiwipete,3871,10,13,r3k2b/p1p1q3/1n2p1p1/3P4/8/2P5/P1PK1PPP/R6R b q - 0 7,b6d5,100,1,797,819,641,56,811,EXACT,true,false,true,false,static,944,ordinary-nonchecking-capture,1
benchmark:kiwipete:3,kiwipete,3878,10,13,r3k2b/p1p1q3/1n2p1p1/3P4/8/2P5/P1P1KPPP/R6R b q - 0 7,b6d5,100,1,797,819,641,56,811,EXACT,true,false,true,false,static,902,ordinary-nonchecking-capture,1
benchmark:kiwipete:3,kiwipete,18996,14,17,r6r/p1pk2b1/1n4p1/3p4/8/4K3/PPP2PPP/R6R b - - 1 9,g7b2,100,1,590,600,434,56,596,EXACT,true,false,true,true,static,596,ordinary-nonchecking-capture,2
benchmark:kiwipete:3,kiwipete,22018,18,21,r3k3/p1pp1p2/B7/3n4/8/1K6/PPP2q1R/R7 b q - 0 11,f2h2,500,1,1042,1048,486,56,1118,LOWER,true,true,true,true,static,1118,same-target-q-recapture,1
benchmark:kiwipete:3,kiwipete,34279,14,17,r3k2r/p2pN3/Bn2p3/3p4/8/2b5/PPP1K1PP/7R b kq - 0 9,c3b2,100,1,625,628,469,56,632,LOWER,true,true,true,true,static,632,ordinary-nonchecking-capture,2
benchmark:kiwipete:3,kiwipete,44024,16,19,2r4b/p1pk4/1n6/8/1p6/7P/PPPK1P1P/R6R b - - 0 10,h8b2,100,1,-286,-281,-442,56,-253,LOWER,true,true,true,true,static,-253,ordinary-nonchecking-capture,1
benchmark:middlegame:3,middlegame,21369,14,17,5r2/1pp1Q1pp/p1np4/8/3k4/P1NP4/1PP3PP/R3K3 b - - 0 18,c6e7,975,1,-19,-10,-1050,56,55,LOWER,true,true,true,true,static,55,same-target-q-recapture,1
benchmark:middlegame:3,middlegame,38736,11,14,rn3k2/1pp2ppp/B2p4/3Np3/4n3/P2P4/1PP3PP/R4K2 w - - 0 17,a6b7,100,1,10,108,-146,56,106,EXACT,true,false,true,true,static,106,ordinary-nonchecking-capture,1
benchmark:middlegame:3,middlegame,39253,13,16,B2n1rk1/2p2ppp/3p4/3Np1n1/8/P2P4/1PP3KP/R7 w - - 0 18,d5c7,100,1,10,70,-146,56,25,EXACT,true,false,true,true,static,25,ordinary-nonchecking-capture,1
corpus:tail-kiwipete-e1d1:full,tail-kiwipete-e1d1,7978,22,22,7r/p3k3/1n4p1/8/8/7p/P1PK1PPP/R7 b - - 0 12,h3g2,100,1,186,261,31,55,583,LOWER,true,true,true,true,static,583,ordinary-nonchecking-capture,1
corpus:tail-kiwipete-e1d1:full,tail-kiwipete-e1d1,8155,22,22,7r/p3k3/1n4p1/8/8/7p/P1PK1PPP/R7 b - - 0 12,h3g2,100,1,186,266,31,55,583,LOWER,true,true,true,true,static,583,ordinary-nonchecking-capture,1
corpus:tail-kiwipete-e1d1:full,tail-kiwipete-e1d1,13965,24,24,r2k4/p1pp2b1/Bn6/8/4P3/8/PPP3K1/7R b - - 0 13,g7b2,100,1,282,289,127,55,292,LOWER,true,true,true,true,static,292,ordinary-nonchecking-capture,8
corpus:tail-kiwipete-e1d1:full,tail-kiwipete-e1d1,18232,11,11,r3k2N/p1ppq1b1/1n4p1/3p4/4n3/5Q2/PPP2PpP/R1K4R w q - 0 7,f3g2,100,1,-291,-238,-446,55,-196,LOWER,true,true,true,true,static,-196,same-target-q-recapture,1
corpus:tail-middlegame-d3d4:full,tail-middlegame-d3d4,600,6,6,r3kr2/1pp1q1pp/p2p1n2/2b1N1B1/3nP1Q1/P1N5/1PP2PPP/R4RK1 b - - 0 13,e7e5,320,1,130,133,-245,55,131,EXACT,true,false,true,true,static,131,ordinary-nonchecking-capture,1
benchmark:kiwipete:2,kiwipete,3203,13,15,r3k2r/p1pN1pb1/Bn4p1/8/8/2p2Q2/PPP2P1P/4K2R b kq - 1 8,c3b2,100,1,-310,-283,-465,55,-264,LOWER,true,true,true,true,static,-264,ordinary-nonchecking-capture,1
benchmark:kiwipete:2,kiwipete,5820,16,18,r3kN2/p1p3b1/1n3nq1/8/8/8/PPPK1P1P/R6R w - - 1 10,f8g6,975,1,355,416,-675,55,425,LOWER,true,true,true,true,static,425,ordinary-nonchecking-capture,2
benchmark:kiwipete:2,kiwipete,6723,16,18,r4N2/p1p3b1/1nk2nq1/8/8/8/PPPK1P1P/R6R w - - 1 10,f8g6,975,1,351,426,-679,55,420,EXACT,true,false,true,true,static,420,ordinary-nonchecking-capture,2
benchmark:kiwipete:2,kiwipete,9462,9,11,r6r/p1pp2b1/b2kp1N1/3P4/1p6/7p/PPPB1PPP/R2BK2R b KQ - 0 6,h3g2,100,1,-313,-291,-468,55,-218,LOWER,true,true,true,true,static,-218,ordinary-nonchecking-capture,2
benchmark:evasion:2,evasion,4319,7,9,r3k2r/Pppp1p1p/5nbp/BP6/B1PbP3/5Q2/P5PP/R4K2 b kq - 1 5,d4a1,500,1,18,110,-537,55,42,EXACT,true,false,true,true,static,42,ordinary-nonchecking-capture,2
benchmark:evasion:2,evasion,10530,8,10,r3k2r/1ppp1p1p/5pbN/nPb5/BB2P3/8/P2P2PP/Q4K2 w kq - 0 6,b4c5,330,1,219,248,-166,55,236,EXACT,true,false,true,true,static,236,ordinary-nonchecking-capture,4
benchmark:middlegame:2,middlegame,422,9,11,r3k3/1pp1B1pp/p1np4/8/4P1n1/P1NP4/1PP2RPP/R5K1 b - - 0 15,g4f2,500,1,-295,-188,-850,55,-289,EXACT,true,false,true,true,static,-289,same-target-q-recapture,2
benchmark:kiwipete:3,kiwipete,18995,14,17,r6r/p1pk2b1/1n4p1/3p4/8/3K4/PPP2PPP/R6R b - - 1 9,g7b2,100,1,590,600,435,55,601,LOWER,true,true,true,true,static,601,ordinary-nonchecking-capture,2
benchmark:kiwipete:3,kiwipete,22295,8,11,r3k2r/p1p1qp2/Bn2pnp1/3PN3/4P3/8/PKP2PPP/R6R b kq - 0 6,e6d5,100,1,908,975,753,55,919,EXACT,true,false,true,true,static,919,ordinary-nonchecking-capture,1
benchmark:kiwipete:3,kiwipete,22713,8,11,r3k2r/p1p1qN2/1n2Pnp1/8/4P3/2p5/PPP1bPPP/R3K2R b kq - 0 6,e7e6,100,1,865,919,710,55,1033,LOWER,true,true,true,true,static,1033,same-target-q-recapture,1
benchmark:kiwipete:3,kiwipete,29721,11,14,r3k1nN/p1p1q3/6p1/3n4/8/2P5/P1P1bPPP/R3K2R w KQq - 0 8,h8g6,100,1,-637,-617,-792,55,-522,LOWER,true,true,true,true,static,-522,ordinary-nonchecking-capture,1
benchmark:kiwipete:3,kiwipete,39408,12,15,r3k2r/p1pN1pb1/Bn4p1/8/8/2p2Q2/PPP2P1P/4K2R b kq - 1 8,c3b2,100,1,-310,-256,-465,55,-246,LOWER,true,true,true,true,static,-246,ordinary-nonchecking-capture,1
benchmark:kiwipete:3,kiwipete,44344,12,15,r3k2N/p1pp2b1/Bn2p3/1N1P4/1p6/8/PPPK1P1P/7R b - - 0 8,b6d5,100,1,-280,-277,-435,55,-273,LOWER,true,true,true,true,static,-273,ordinary-nonchecking-capture,1
benchmark:kiwipete:3,kiwipete,47872,10,13,3k3r/3p1pb1/Np3np1/8/1p2q3/5Q1p/PPP2PPP/R2K3R b - - 1 7,h3g2,100,1,-35,-32,-190,55,55,LOWER,true,true,true,true,static,55,ordinary-nonchecking-capture,1
benchmark:middlegame:3,middlegame,39246,9,12,r2n1rk1/1Bp2ppp/3p4/3Np1N1/4n3/P2P4/1PP3PP/R4bK1 w - - 0 16,b7a8,500,1,10,111,-545,55,70,EXACT,true,false,true,true,static,70,ordinary-nonchecking-capture,1
corpus:tail-kiwipete-e1d1:full,tail-kiwipete-e1d1,6605,8,8,r3k2b/p1ppq3/1n2pnp1/3P4/4P3/7p/PPPKQPPP/R6R b q - 0 5,h3g2,100,1,260,263,106,54,391,LOWER,true,true,true,true,static,391,ordinary-nonchecking-capture,1
corpus:tail-kiwipete-e1d1:full,tail-kiwipete-e1d1,18546,8,8,r3k2b/p1ppq3/1n2pnp1/3P4/4P3/7p/PPPKQPPP/R6R b q - 0 5,h3g2,100,1,260,291,106,54,391,LOWER,true,true,true,true,static,391,ordinary-nonchecking-capture,1
corpus:tail-middlegame-d3d4:full,tail-middlegame-d3d4,472,13,13,r5k1/1pp1B1pp/p1np4/8/4P1n1/P1N3K1/1PP1Q1PP/r7 w - - 0 17,e7d6,100,-1,-130,-125,-284,54,-105,LOWER,true,true,true,true,static,-105,SEE-negative,1
benchmark:kiwipete:2,kiwipete,5055,13,15,r6r/p1ppkP2/1n6/8/4K3/7p/P1P1QPPP/b6R b - - 0 8,e7f7,100,1,-131,-124,-285,54,-4,LOWER,true,true,true,true,static,-4,same-target-q-recapture,4
benchmark:kiwipete:2,kiwipete,7332,11,13,r2k4/p1p1qp2/1n2p1p1/3P4/4P3/2Q5/PPP1KP1P/R6R b - - 0 7,e6d5,100,1,-477,-462,-631,54,-469,EXACT,true,false,true,true,static,-469,ordinary-nonchecking-capture,2
benchmark:kiwipete:2,kiwipete,7540,17,19,R7/p1pk2b1/1n4p1/8/4P3/8/P1PBKP1P/b6R b - - 0 10,b6a8,500,1,-424,-400,-978,54,-354,LOWER,true,true,true,true,static,-354,same-target-q-recapture,2
benchmark:evasion:2,evasion,4321,9,11,r3k2r/PpBp1p1p/5nbp/1P6/B1P1P3/5Q2/P5PP/b4K2 b kq - 0 6,a8a7,100,1,18,42,-136,54,261,LOWER,true,true,true,true,static,261,ordinary-nonchecking-capture,2
benchmark:kiwipete:3,kiwipete,14187,12,15,7r/p1p1kpb1/1n2p3/3r4/4n3/3B4/PPP2PPP/R2K3R b - - 1 8,g7b2,100,1,602,623,448,54,614,EXACT,true,false,true,false,static,904,ordinary-nonchecking-capture,1
benchmark:kiwipete:3,kiwipete,17902,8,11,r3k2b/p1p1q3/1n2pnp1/3P4/4P3/2B5/PPP1KPPP/R6R b q - 0 6,e6d5,100,1,590,647,436,54,624,EXACT,true,false,true,true,static,624,ordinary-nonchecking-capture,1
benchmark:kiwipete:3,kiwipete,27915,6,9,r1n1k2r/p1p1q1b1/4Pnp1/8/1p2P3/8/PPPBNPPP/R3K2R b KQkq - 0 5,e7e6,100,1,590,641,436,54,680,LOWER,true,true,true,true,static,680,ordinary-nonchecking-capture,1
benchmark:evasion:3,evasion,17784,13,16,4k2r/rpp3Rp/6b1/nPP5/B3n3/5N2/P5PP/6K1 w - - 0 9,g7c7,100,1,-433,-426,-587,54,-432,EXACT,true,false,true,true,static,-432,ordinary-nonchecking-capture,1
benchmark:middlegame:3,middlegame,16208,0,3,r4rk1/bpp1qppp/p1np1B2/4p3/2B1P1b1/P1NP1N2/1PP1QPPP/4RRK1 b - - 0 11,e7f6,330,1,-17,-10,-401,54,-13,EXACT,true,false,true,true,static,-13,ordinary-nonchecking-capture,1
benchmark:middlegame:3,middlegame,21016,9,12,4r1k1/1pp1q1pp/p1np1r2/6B1/4P3/P1NP4/1PP1Q1PP/R3b2K w - - 0 16,g5f6,500,1,10,11,-544,54,44,LOWER,true,true,true,true,static,44,same-target-q-recapture,1
benchmark:middlegame:3,middlegame,36494,16,19,r5k1/1Bp2pBp/p7/8/8/P7/1bP2PKP/R7 b - - 0 19,g8g7,330,1,-18,-10,-402,54,0,LOWER,true,true,true,true,static,0,ordinary-nonchecking-capture,1
corpus:tail-kiwipete-e1d1:full,tail-kiwipete-e1d1,456,16,16,r6r/4kpb1/1p2p1p1/3P4/8/7P/PPPK1P1P/R6R b - - 0 9,g7b2,100,1,242,263,89,53,245,EXACT,true,false,true,true,static,245,ordinary-nonchecking-capture,1
corpus:tail-kiwipete-e1d1:full,tail-kiwipete-e1d1,6125,10,10,r6N/p1pkq1b1/1n3np1/8/4P3/7p/PPPpQPPP/R2K3R b - - 0 6,f6e4,100,1,210,263,57,53,310,LOWER,true,true,true,true,static,310,ordinary-nonchecking-capture,1
corpus:tail-kiwipete-e1d1:full,tail-kiwipete-e1d1,7458,16,16,r6r/4kpb1/1p2p1p1/3P4/8/7P/PPPK1P1P/R6R b - - 0 9,g7b2,100,1,242,266,89,53,245,EXACT,true,false,true,true,static,245,ordinary-nonchecking-capture,1
corpus:tail-kiwipete-e1d1:full,tail-kiwipete-e1d1,13048,10,10,r6N/p1pkq1b1/1n3np1/8/4P3/7p/PPPpQPPP/R2K3R b - - 0 6,f6e4,100,1,210,282,57,53,310,LOWER,true,true,true,true,static,310,ordinary-nonchecking-capture,1
corpus:tail-kiwipete-e1d1:full,tail-kiwipete-e1d1,16837,14,14,r4k1r/p1pp1pb1/1n2Q3/4N3/8/2B5/PPP1KP1P/7R b - - 0 8,d7e6,975,1,282,291,-746,53,307,LOWER,true,true,true,true,static,307,ordinary-nonchecking-capture,1
corpus:tail-kiwipete-e1d1:lower,tail-kiwipete-e1d1,160,20,20,r7/p1pk2b1/1n4N1/8/8/8/PPP2n1P/R1K4R b - - 1 11,f2h1,500,1,299,300,-254,53,304,LOWER,true,true,true,true,static,304,ordinary-nonchecking-capture,9
benchmark:evasion:2,evasion,2294,9,11,r3k2r/Pp1p1p1p/5n1p/BP6/B1P5/5b2/P2P2PP/R5K1 b kq - 0 6,a8a7,100,1,88,154,-65,53,327,LOWER,true,true,true,true,static,327,ordinary-nonchecking-capture,4
benchmark:evasion:2,evasion,3135,9,11,r3k2r/Pp1p1p1p/5n1p/BP6/B1P5/5b2/P2P2PP/R5K1 b kq - 0 6,a8a7,100,1,88,146,-65,53,327,LOWER,true,true,true,true,static,327,ordinary-nonchecking-capture,4
benchmark:middlegame:2,middlegame,6525,15,17,r5k1/2p2pBp/p1p5/4p3/4P3/P1P5/2P2P1P/R5K1 b - - 0 18,g8g7,330,1,-13,-9,-396,53,-6,LOWER,true,true,true,true,static,-6,ordinary-nonchecking-capture,1
benchmark:kiwipete:3,kiwipete,3497,10,13,r3k2b/p1p1qp2/1n2p3/3P4/8/2P5/P1P1KPPP/R6R b q - 0 7,b6d5,100,1,756,788,603,53,773,EXACT,true,false,true,false,static,827,ordinary-nonchecking-capture,1
benchmark:kiwipete:3,kiwipete,22603,6,9,r3k2r/p1p1qp2/Bn2pnp1/3PN3/4P3/2p5/PPP2PPP/R3K2R b kq - 0 5,c3b2,100,1,846,919,693,53,1050,LOWER,true,true,true,true,static,1050,ordinary-nonchecking-capture,1
benchmark:kiwipete:3,kiwipete,26030,12,15,r3k2b/p1p5/4qnp1/8/4P3/2P5/P1PK1PPP/R6R b q - 0 8,e6e4,100,1,603,649,450,53,928,LOWER,true,true,true,true,static,928,ordinary-nonchecking-capture,2
benchmark:kiwipete:3,kiwipete,28268,16,19,r7/p1pBk3/4P3/8/4n3/2b5/PPP1KPP1/r7 b - - 0 10,c3b2,100,1,641,661,488,53,643,EXACT,true,false,true,true,static,643,ordinary-nonchecking-capture,1
benchmark:kiwipete:3,kiwipete,43121,15,18,r1k2q1Q/p1pn4/4p1p1/3P4/8/8/PpP2PPP/R3K2R w - - 1 10,h8b2,100,1,273,290,120,53,428,LOWER,true,true,true,true,static,428,ordinary-nonchecking-capture,1
benchmark:kiwipete:3,kiwipete,43132,17,20,r2k4/p1pn4/4p1p1/3P4/8/8/PpP1KPPP/R6R w - - 0 11,d5e6,100,1,273,290,120,53,427,LOWER,true,true,true,true,static,427,ordinary-nonchecking-capture,1
benchmark:kiwipete:3,kiwipete,49250,16,19,7r/p1pp4/1n2k3/8/4n3/2P4p/P1P1KPPP/R6R b - - 0 10,h3g2,100,1,-37,-32,-190,53,254,LOWER,true,true,true,true,static,254,ordinary-nonchecking-capture,1
benchmark:kiwipete:3,kiwipete,55076,5,8,r6r/p1p2pb1/B1k1Pqp1/8/1pn1P3/2N4p/PPPB1PPP/R3K2R w KQ - 1 5,e6f7,100,1,-289,-199,-442,53,-279,EXACT,true,false,true,true,static,-279,ordinary-nonchecking-capture,1
benchmark:kiwipete:3,kiwipete,55185,5,8,r6r/p1p2pb1/B2kPqp1/8/1pn1P3/2N4p/PPPB1PPP/R3K2R w KQ - 1 5,e6f7,100,1,-289,-279,-442,53,-279,LOWER,true,true,true,true,static,-279,ordinary-nonchecking-capture,1
benchmark:middlegame:3,middlegame,8352,15,18,r6k/1pp1nrpp/p2p4/4p3/2B3Q1/P2P4/1PP3KP/8 w - - 0 19,c4f7,500,1,20,22,-533,53,184,LOWER,true,true,true,true,static,184,same-target-q-recapture,1
benchmark:middlegame:3,middlegame,9961,6,9,4kr2/rpp3pp/p1np1q2/2b1N3/4P1Q1/P1NP4/1PP2PPP/4RRK1 b - - 0 14,f6e5,320,1,-22,-10,-395,53,29,LOWER,true,true,true,true,static,29,ordinary-nonchecking-capture,1
benchmark:middlegame:3,middlegame,22244,14,17,r5k1/2p2pBp/p1p5/4p3/4P3/P1P5/2P2P1P/R5K1 b - - 0 18,g8g7,330,1,-13,-10,-396,53,-6,LOWER,true,true,true,true,static,-6,ordinary-nonchecking-capture,2
corpus:tail-kiwipete-e1d1:full,tail-kiwipete-e1d1,38,8,8,r3k2r/p1Qpqpb1/1n2p1p1/3PN3/8/7p/PPPK1PPP/R6R b kq - 0 5,h3g2,100,1,229,263,77,52,276,LOWER,true,true,true,true,static,276,ordinary-nonchecking-capture,1
corpus:tail-kiwipete-e1d1:full,tail-kiwipete-e1d1,6983,8,8,r3k2r/p1Qpqpb1/1n2p1p1/3PN3/8/7p/PPPK1PPP/R6R b kq - 0 5,h3g2,100,1,229,291,77,52,300,LOWER,true,true,true,true,static,300,ordinary-nonchecking-capture,1
corpus:tail-evasion-f1f2:full,tail-evasion-f1f2,223,18,18,4k3/rppp2Q1/6p1/nP6/2P5/5N2/q5PP/4K3 b - - 1 10,a2g2,100,1,640,651,488,52,713,LOWER,true,true,true,true,static,713,ordinary-nonchecking-capture,2
benchmark:middlegame:2,middlegame,1179,7,9,r4B1k/1pp2ppp/p1np4/2b1p3/2B1P3/P1NP4/1PP2PPP/5R1K b - - 0 14,a8f8,330,1,-8,0,-390,52,0,LOWER,true,true,true,true,static,0,ordinary-nonchecking-capture,1
benchmark:middlegame:2,middlegame,6562,5,7,B4rk1/2p1qppp/p2p1n2/4p1B1/4P1b1/P2P1N2/1bP1QPPP/R4RK1 b - - 0 13,b2a1,500,1,-19,-13,-571,52,0,LOWER,true,true,true,true,static,0,ordinary-nonchecking-capture,3
benchmark:kiwipete:3,kiwipete,2680,10,13,r7/p1p1qk2/1n4p1/4b3/1p2N3/8/PPPBKPPR/R7 b - - 0 7,e5h2,500,1,763,842,211,52,837,EXACT,true,false,true,true,static,837,same-target-q-recapture,5
benchmark:kiwipete:3,kiwipete,6725,10,13,r3k3/p1p1Np2/5bp1/8/1p2P3/8/PPPBKPP1/R6r b q - 0 7,h1a1,500,1,775,783,223,52,794,LOWER,true,true,true,true,static,794,ordinary-nonchecking-capture,1
benchmark:kiwipete:3,kiwipete,15632,6,9,r3k3/p1p1q1br/1n2Pnp1/8/1p2P3/8/PPPBNPPP/R3K2R b KQq - 0 5,e7e6,100,1,590,641,438,52,679,LOWER,true,true,true,true,static,679,ordinary-nonchecking-capture,1
benchmark:kiwipete:3,kiwipete,25156,14,17,r6r/p1p1kpb1/4p3/3b4/8/4K3/PPP2PPP/R6R b - - 1 9,d5g2,100,1,590,603,438,52,601,EXACT,true,false,true,true,static,601,ordinary-nonchecking-capture,2
benchmark:kiwipete:3,kiwipete,28294,20,23,r7/p1pBk3/4P3/8/4n3/2P5/2r2PP1/4K3 b - - 1 12,c2f2,100,1,641,661,489,52,871,LOWER,true,true,true,true,static,871,ordinary-nonchecking-capture,1
benchmark:kiwipete:3,kiwipete,28318,20,23,r7/p1pBk3/4P3/8/4n3/2P5/2r2PP1/4K3 b - - 0 12,c2f2,100,1,641,661,489,52,871,LOWER,true,true,true,true,static,871,ordinary-nonchecking-capture,1
benchmark:kiwipete:3,kiwipete,29409,11,14,r3k2N/p1p1q2n/6p1/3n4/8/2P5/P1P1bPPP/R3K2R w KQq - 0 8,h8g6,100,1,-621,-598,-773,52,-503,LOWER,true,true,true,true,static,-503,ordinary-nonchecking-capture,1
benchmark:kiwipete:3,kiwipete,30379,8,11,r3k3/p1p2pb1/Bn3np1/4q3/4P3/1PN5/1PPB1PPR/R3K3 b Qq - 0 6,e5h2,500,1,639,708,87,52,691,EXACT,true,false,true,true,static,691,same-target-q-recapture,1
benchmark:kiwipete:3,kiwipete,30388,8,11,r3k3/p1p2pb1/Bn3np1/4q3/4P3/1PN5/PP1B1PPR/R3K3 b Qq - 0 6,e5h2,500,1,649,708,97,52,701,EXACT,true,false,true,true,static,701,same-target-q-recapture,1
benchmark:kiwipete:3,kiwipete,41208,17,20,8/p1pp4/Bn2k3/8/1p6/2P4r/P1P2P1P/5RK1 w - - 0 11,c3b4,100,1,273,310,121,52,330,LOWER,true,true,true,true,static,330,ordinary-nonchecking-capture,3
benchmark:kiwipete:3,kiwipete,46148,16,19,R6r/p4pk1/Bn4p1/4b3/8/8/PPPK1P1P/7R b - - 0 10,h8a8,500,1,-49,-31,-601,52,29,LOWER,true,true,true,true,static,29,same-target-q-recapture,1
benchmark:kiwipete:3,kiwipete,61250,12,15,r2k3r/p1pn2b1/6Q1/8/1p2P3/7p/P1PBKPPP/R7 b - - 0 8,g7a1,500,1,-55,-32,-607,52,-23,LOWER,true,true,true,true,static,-23,same-target-q-recapture,1
benchmark:evasion:3,evasion,7703,11,14,r1R4r/Pp1pkp1p/6bp/nP6/B3n3/8/P2P2PP/q4R1K w - - 1 8,c8a8,500,1,-438,-387,-990,52,-32752,UPPER,false,false,false,false,mate,-563,mate,1
benchmark:evasion:3,evasion,7704,11,14,r1R4r/Pp1pkp1p/6bp/nP6/B3n3/8/P2P2PP/q4R1K w - - 1 8,c8h8,500,1,-438,-387,-990,52,-32752,UPPER,false,false,false,false,mate,-563,mate,1
benchmark:evasion:3,evasion,16418,6,9,r3k2N/Pppp2pp/5nb1/nPb5/q3P3/5N2/P2P2PP/Q4R1K b q - 1 5,a4e4,100,1,249,542,97,52,289,EXACT,true,false,true,false,static,411,ordinary-nonchecking-capture,1
benchmark:middlegame:3,middlegame,5801,6,9,3rkr2/1pp3pp/p1np1q2/2b1N3/4P1Q1/P1NP4/1PP2PPP/R4R1K b - - 0 14,f6e5,320,1,-12,-10,-384,52,40,LOWER,true,true,true,true,static,40,ordinary-nonchecking-capture,1
benchmark:middlegame:3,middlegame,20178,8,11,2r2r2/1pp2kpp/p1np4/4q3/4P1Q1/P1NP4/1PP2KPP/R3R3 b - - 0 15,e5h2,100,1,-11,-10,-163,52,-10,LOWER,true,true,true,true,static,-10,ordinary-nonchecking-capture,1
benchmark:middlegame:3,middlegame,26564,14,17,r6k/2p2ppp/3p4/4N1B1/4n3/P7/1PP3PP/R4K2 b - - 0 18,d6e5,320,1,-55,-44,-427,52,135,LOWER,true,true,true,true,static,135,same-target-q-recapture,1
corpus:tail-kiwipete-e1d1:full,tail-kiwipete-e1d1,621,18,18,r6r/5kb1/1p4p1/8/8/7p/PPPK1PPP/R6R b - - 0 10,g7b2,100,1,172,210,21,51,186,EXACT,true,false,true,false,static,439,ordinary-nonchecking-capture,2
corpus:tail-kiwipete-e1d1:full,tail-kiwipete-e1d1,1956,16,16,r6r/p1ppk1b1/1n3R2/8/8/7p/PPPK1PPP/R6R b - - 0 9,e7f6,500,1,217,263,-334,51,336,LOWER,true,true,true,true,static,336,same-target-q-recapture,1
corpus:tail-kiwipete-e1d1:full,tail-kiwipete-e1d1,9051,16,16,r6r/p1ppk1b1/1n3R2/8/8/7p/PPPK1PPP/R6R b - - 0 9,e7f6,500,1,217,281,-334,51,336,LOWER,true,true,true,true,static,336,same-target-q-recapture,1
corpus:tail-kiwipete-e1d1:full,tail-kiwipete-e1d1,13469,16,16,7r/p1pk2b1/1n4p1/8/4n3/7p/PPP1KPPP/R6R b - - 1 9,g7b2,100,1,282,291,131,51,297,LOWER,true,true,true,true,static,297,ordinary-nonchecking-capture,3
benchmark:kiwipete:2,kiwipete,3211,13,15,r3k2r/p1pN1pb1/Bn4p1/8/8/2p2Q2/PPP1KP1P/7R b kq - 1 8,c3b2,100,1,-310,-283,-461,51,-265,LOWER,true,true,true,true,static,-265,ordinary-nonchecking-capture,1
benchmark:kiwipete:2,kiwipete,6727,16,18,r3kN2/p1p3b1/1n3nq1/8/8/8/PPPK1P1P/R6R w - - 1 10,f8g6,975,1,351,416,-675,51,425,LOWER,true,true,true,true,static,425,ordinary-nonchecking-capture,2
benchmark:evasion:2,evasion,7248,9,11,r3k2r/Pppp1ppp/6bN/nP6/BBPQn3/5R2/q5PP/R2K4 b kq - 1 6,a2g2,100,1,-99,110,-250,51,-44,EXACT,true,false,true,true,static,-44,ordinary-nonchecking-capture,2
benchmark:middlegame:2,middlegame,6487,15,17,r5k1/5ppp/p1p5/4B3/4P3/P1P5/2b2PPP/R5K1 b - - 0 18,c2e4,100,1,-13,0,-164,51,0,LOWER,true,true,true,true,static,0,ordinary-nonchecking-capture,1
benchmark:kiwipete:3,kiwipete,16408,6,9,r3kr2/p1p1q1b1/1n2Pnp1/8/1p2P3/8/PPPBNPPP/R3K2R b KQq - 0 5,e7e6,100,1,590,629,439,51,683,LOWER,true,true,true,true,static,683,ordinary-nonchecking-capture,1
benchmark:kiwipete:3,kiwipete,19331,0,3,r1b1k2r/p1ppqpb1/1n2Qnp1/3PN3/1p2P3/2N5/PPPBBPPP/R3K2R b KQkq - 0 2,d7e6,975,1,590,32769,-436,51,692,EXACT,true,false,true,true,static,692,ordinary-nonchecking-capture,1
benchmark:kiwipete:3,kiwipete,21912,6,9,r3k2r/p1ppqp2/bn2Q1p1/3nN3/4P3/8/PPPKBPPP/R6R b kq - 1 5,e7e6,975,1,975,32769,-51,51,1067,EXACT,true,false,true,true,static,1067,ordinary-nonchecking-capture,1
benchmark:kiwipete:3,kiwipete,22548,6,9,r3k2r/p1p1qp2/Bn2pnp1/3PN3/4P3/2p5/PPP2PPP/R2K3R b kq - 0 5,c3b2,100,1,865,919,714,51,1071,LOWER,true,true,true,true,static,1071,ordinary-nonchecking-capture,1
benchmark:kiwipete:3,kiwipete,24536,13,16,r4b2/p1ppk3/1n2P3/8/8/2n5/PPP2PP1/R3KB1r w Q - 0 9,e6d7,100,1,-677,-649,-828,51,-586,LOWER,true,true,true,true,static,-586,ordinary-nonchecking-capture,1
benchmark:kiwipete:3,kiwipete,25148,14,17,r6r/p1p1kpb1/4p3/3b4/8/3K4/PPP2PPP/R6R b - - 1 9,d5g2,100,1,590,623,439,51,597,EXACT,true,false,true,false,static,603,ordinary-nonchecking-capture,2
benchmark:kiwipete:3,kiwipete,27287,9,12,r3k2r/p1p3b1/4p1p1/3P4/1p2P3/8/PqPKNPPP/R6R w kq - 0 7,d5e6,100,1,-678,-664,-829,51,-500,LOWER,true,true,true,true,static,-500,ordinary-nonchecking-capture,2
benchmark:kiwipete:3,kiwipete,28273,22,25,r7/p1pBk3/4P3/8/8/2P5/2r3P1/4K3 b - - 1 13,c2g2,100,1,643,661,492,51,728,LOWER,true,true,true,true,static,728,ordinary-nonchecking-capture,1
benchmark:kiwipete:3,kiwipete,33861,6,9,r3k2r/p3qpb1/Bn2pnp1/3PN3/8/2B5/PPP2PPP/R3K2R b KQkq - 0 5,e6d5,100,1,661,666,510,51,705,LOWER,true,true,true,true,static,705,same-target-q-recapture,1
benchmark:kiwipete:3,kiwipete,39416,12,15,r3k2r/p1pN1pb1/Bn4p1/8/8/2p2Q2/PPP1KP1P/7R b kq - 1 8,c3b2,100,1,-310,-256,-461,51,-246,LOWER,true,true,true,true,static,-246,ordinary-nonchecking-capture,1
benchmark:kiwipete:3,kiwipete,43452,11,14,r3k2N/p1pnq1b1/4p1p1/3P4/8/2P2Q2/P1PK1PpP/R6R w - - 0 8,f3g2,100,1,273,290,122,51,373,LOWER,true,true,true,true,static,373,same-target-q-recapture,1
benchmark:kiwipete:3,kiwipete,44630,9,12,r6r/p1ppkpb1/Bn2p1p1/4N3/4Q3/8/PPPK1P1P/R6q w - - 0 7,a1h1,975,1,273,292,-753,51,323,LOWER,true,true,true,true,static,323,same-target-q-recapture,1
benchmark:kiwipete:3,kiwipete,61193,16,19,r1k4r/p1p5/1n4Q1/8/1B2P3/7P/P1P1KP1P/b7 b - - 0 10,h8h3,100,1,-95,-70,-246,51,-41,LOWER,true,true,true,true,static,-41,ordinary-nonchecking-capture,1
benchmark:evasion:3,evasion,1930,2,5,r3k2r/Pppp1ppp/1b3nbN/nPP5/Bq2P3/5N2/P2P2PP/Q4R1K b kq - 0 3,b6a7,100,1,542,543,391,51,645,LOWER,true,true,true,true,static,645,ordinary-nonchecking-capture,1
benchmark:middlegame:3,middlegame,20948,12,15,4kr2/1pp1q1pp/p1np4/6B1/4P3/P1NP4/1PP1Q1PP/R3K3 b - - 0 17,e7g5,330,1,-11,-10,-392,51,17,LOWER,true,true,true,true,static,17,ordinary-nonchecking-capture,1
benchmark:middlegame:3,middlegame,22206,14,17,r5k1/5ppp/p1p5/4B3/4P3/P1P5/2b2PPP/R5K1 b - - 0 18,c2e4,100,1,-13,-10,-164,51,0,LOWER,true,true,true,true,static,0,ordinary-nonchecking-capture,2
benchmark:middlegame:3,middlegame,34383,11,14,r7/1pN2pkp/p1np4/4p3/2B1P3/P2P4/2P2PPP/b4K2 w - - 0 17,c7a8,500,1,92,111,-459,51,106,EXACT,true,false,true,true,static,106,ordinary-nonchecking-capture,1
benchmark:middlegame:3,middlegame,38008,13,16,B4rk1/2p2ppp/3p4/n2Np1n1/8/P2P4/1PP3KP/R7 w - - 0 18,d5c7,100,1,10,76,-141,51,30,EXACT,true,false,true,true,static,30,ordinary-nonchecking-capture,1
corpus:tail-kiwipete-e1d1:full,tail-kiwipete-e1d1,1154,22,22,r7/p3k3/1n4p1/8/8/7p/P1PK1PPP/R7 b - - 0 12,h3g2,100,1,173,263,23,50,553,LOWER,true,true,true,true,static,553,ordinary-nonchecking-capture,1
corpus:tail-kiwipete-e1d1:full,tail-kiwipete-e1d1,17202,15,15,r3k2b/p1pp1p2/1n2q3/8/8/8/PPP2QpP/R1K4R w q - 0 9,f2g2,100,1,-291,-282,-441,50,-153,LOWER,true,true,true,true,static,-153,same-target-q-recapture,1
corpus:tail-kiwipete-e1d1:full,tail-kiwipete-e1d1,17433,10,10,r3k2b/p1pp4/1n2qnp1/8/4P3/5Q1p/PPPK1PPP/R6R b q - 0 6,e6e4,100,1,282,291,132,50,319,LOWER,true,true,true,true,static,319,ordinary-nonchecking-capture,1
corpus:tail-kiwipete-e1d1:full,tail-kiwipete-e1d1,20203,14,14,r7/p1pk2b1/bn4N1/8/4n3/8/PPPpBP1P/R2K3R b - - 0 8,g7b2,100,1,291,293,141,50,316,LOWER,true,true,true,true,static,316,ordinary-nonchecking-capture,1
corpus:tail-kiwipete-e1d1:lower,tail-kiwipete-e1d1,2146,14,14,r4k1r/p1pp1Pb1/Bn4Q1/8/4n3/4K3/PqP2P1P/R6R b - - 1 8,b2c2,100,1,299,300,149,50,300,LOWER,true,true,true,true,static,300,ordinary-nonchecking-capture,1
benchmark:middlegame:2,middlegame,1614,0,2,r4rk1/1pp1qppp/p1np1n2/2b1p1B1/2B1P3/P1NP1b2/1PP2PPP/R2Q1RK1 w - - 0 11,d1f3,330,1,-6,32769,-386,50,6,EXACT,true,false,true,true,static,6,ordinary-nonchecking-capture,1
benchmark:middlegame:2,middlegame,4568,6,8,r4rk1/1pp2ppp/p1np4/4p1q1/2B1n3/P1NP1Q2/RPP3PP/4KR2 w - - 0 14,f3e4,320,1,-1,1,-371,50,62,LOWER,true,true,true,true,static,62,ordinary-nonchecking-capture,1
benchmark:kiwipete:3,kiwipete,1632,4,7,r3k2N/p1pp1pb1/b3qn2/3n4/4P3/2p5/PPPBBPPP/R3K2R b KQq - 0 4,a6e2,330,1,792,849,412,50,797,EXACT,true,false,true,false,static,850,ordinary-nonchecking-capture,1
benchmark:kiwipete:3,kiwipete,6867,10,13,r6r/p1pk1pb1/B5p1/8/1p2q3/4B3/PPP2PPP/R3K2R b KQ - 1 7,g7b2,100,1,741,759,591,50,749,EXACT,true,false,true,true,static,749,ordinary-nonchecking-capture,1
benchmark:kiwipete:3,kiwipete,10964,12,15,r2q4/p1p2k2/1n2p3/3P4/4n3/2P5/P1P1KPPP/R6R b - - 0 8,d8d5,100,1,590,605,440,50,713,LOWER,true,true,true,true,static,713,ordinary-nonchecking-capture,2
benchmark:kiwipete:3,kiwipete,12519,10,13,1r2k2b/p1p5/1n2Pqp1/8/4P3/8/PPP1bPPP/R3K2R b KQ - 0 7,f6e6,100,1,590,659,440,50,786,LOWER,true,true,true,true,static,786,same-target-q-recapture,1
benchmark:kiwipete:3,kiwipete,13698,14,17,2B1k3/p1ppq3/1n2P1p1/4b3/4K3/8/PPP2PP1/7R b - - 0 9,e7e6,100,1,641,650,491,50,654,LOWER,true,true,true,true,static,654,ordinary-nonchecking-capture,1
benchmark:kiwipete:3,kiwipete,30425,14,17,r3k2b/p1p2p2/1n3n2/8/8/1PN5/1q1BKPPP/R6R b q - 0 9,b2b3,100,1,615,635,465,50,677,LOWER,true,true,true,true,static,677,same-target-q-recapture,1
benchmark:kiwipete:3,kiwipete,31496,8,11,r3k2b/p1p1q3/1n2pn2/3P2p1/4P3/2B5/PPP1KPPP/R6R b q - 0 6,e6d5,100,1,590,657,440,50,628,EXACT,true,false,true,true,static,628,ordinary-nonchecking-capture,1
benchmark:kiwipete:3,kiwipete,43230,11,14,r1k4b/p1pnq3/4p1p1/3P4/1p6/5Q1p/PPP2PPP/R1K4R w - - 0 8,d5e6,100,1,273,290,123,50,307,LOWER,true,true,true,true,static,307,ordinary-nonchecking-capture,1
benchmark:kiwipete:3,kiwipete,46125,8,11,r4k1r/p2P1pb1/Bn4p1/4N3/8/7p/PPPn1PPP/R3K2R b KQ - 0 6,g7e5,320,1,-61,-31,-431,50,-59,EXACT,true,false,true,false,static,-29,ordinary-nonchecking-capture,1
benchmark:kiwipete:3,kiwipete,60683,7,10,N6r/p2pkpb1/1n3np1/4q3/1p2P3/5Q2/PPPBKPpP/R6R w - - 0 6,f3g2,100,1,32,68,-118,50,79,LOWER,true,true,true,true,static,79,same-target-q-recapture,1
benchmark:kiwipete:3,kiwipete,61359,7,10,N6r/p2pkpb1/1n3np1/4q3/1p2P3/5Q2/PPPBKPpP/R6R w - - 0 6,f3g2,100,1,32,100,-118,50,111,LOWER,true,true,true,true,static,111,same-target-q-recapture,1
benchmark:kiwipete:3,kiwipete,62460,7,10,N6r/p2pkpb1/1n3np1/4q3/1p2P3/5Q2/PPPBKPpP/R6R w - - 0 6,f3g2,100,1,32,104,-118,50,111,LOWER,true,true,true,true,static,111,same-target-q-recapture,2
benchmark:evasion:3,evasion,7605,8,11,4k2r/Pppp1ppp/5nbN/nP6/3qP3/8/P2P2PP/Q4R1K b k - 1 6,d4a7,100,1,387,543,237,50,546,LOWER,true,true,true,true,static,546,ordinary-nonchecking-capture,1
benchmark:evasion:3,evasion,17807,13,16,6kr/rpR3pp/6b1/nPP5/B3n3/5N2/P5PP/6K1 w - - 0 9,c7b7,100,-1,-453,-439,-603,50,-399,LOWER,true,true,true,true,static,-399,SEE-negative,1
benchmark:middlegame:3,middlegame,13285,9,12,r3r1k1/1pp3pp/p1np4/6q1/4P1n1/P1NP2K1/1PP1Q1PP/4RR2 w - - 0 16,e2g4,320,1,10,17,-360,50,12,EXACT,true,false,true,true,static,12,ordinary-nonchecking-capture,1
benchmark:middlegame:3,middlegame,14932,0,3,r4rk1/1ppbqppp/p1np1B2/2b1p3/2B1P3/P1NP1N2/1PP1QPPP/4RRK1 b - - 0 11,e7f6,330,1,-17,-10,-397,50,-10,LOWER,true,true,true,true,static,-10,ordinary-nonchecking-capture,1
benchmark:middlegame:3,middlegame,29949,11,14,2r2Bk1/2p2ppp/p1np4/3Np3/4n3/P2P4/1PP3PP/R4K2 w - - 0 17,f8g7,100,-1,10,47,-140,50,53,LOWER,true,true,true,true,static,53,SEE-negative,1
benchmark:middlegame:3,middlegame,37991,9,12,r4rk1/1Bp2ppp/3p4/n2Np1N1/4n3/P2P4/1PP3PP/R4bK1 w - - 0 16,b7a8,500,1,10,111,-540,50,76,EXACT,true,false,true,true,static,76,ordinary-nonchecking-capture,1
benchmark:middlegame:3,middlegame,38619,9,12,rn3rk1/1pp2ppp/B2p4/3Np1n1/8/P2P4/1PP1K1PP/R4R2 w - - 0 16,a6b7,100,1,10,111,-140,50,108,EXACT,true,false,true,true,static,108,ordinary-nonchecking-capture,1
corpus:tail-kiwipete-e1d1:full,tail-kiwipete-e1d1,977,22,22,r7/p3k3/1n4p1/8/8/7p/P1PK1PPP/R7 b - - 0 12,h3g2,100,1,172,261,23,49,553,LOWER,true,true,true,true,static,553,ordinary-nonchecking-capture,1
corpus:tail-kiwipete-e1d1:full,tail-kiwipete-e1d1,17173,11,11,r3k2b/p1pp1p2/1n3n2/8/4q3/5Q1p/PPPK1PPP/R6R w q - 0 7,f3h3,100,1,-291,-282,-440,49,-261,LOWER,true,true,true,true,static,-261,ordinary-nonchecking-capture,1
corpus:tail-kiwipete-e1d1:full,tail-kiwipete-e1d1,17311,11,11,r3k2b/p1pp1p2/1n3n2/8/4q3/5Q1p/PPPK1PPP/R6R w q - 0 7,f3h3,100,1,-291,-290,-440,49,-261,LOWER,true,true,true,true,static,-261,ordinary-nonchecking-capture,1
benchmark:evasion:2,evasion,7559,17,19,4k2r/1pp3Rp/5Rb1/1P6/r1P1P3/8/P5PP/6K1 b - - 0 10,g6e4,100,1,-198,-191,-347,49,-80,LOWER,true,true,true,true,static,-80,ordinary-nonchecking-capture,2
benchmark:middlegame:2,middlegame,1841,11,13,R7/1pp1q1pp/p1np2k1/4p1N1/8/P1NP4/1PP3PP/R2b2K1 b - - 0 16,d1c2,100,1,-6,6,-155,49,3,EXACT,true,false,true,true,static,3,ordinary-nonchecking-capture,1
benchmark:middlegame:2,middlegame,5279,6,8,r4rk1/1pp2ppp/p1np4/4p1q1/4n3/PBNP1Q2/1PP3PP/R3KR2 w - - 0 14,f3e4,320,1,-1,3,-370,49,71,LOWER,true,true,true,true,static,71,ordinary-nonchecking-capture,1
benchmark:middlegame:2,middlegame,6464,11,13,r4Bk1/2p2ppp/p1pp4/4p3/4P3/P1PP4/2P2PPP/5RK1 b - - 0 16,a8f8,330,1,-13,0,-392,49,0,LOWER,true,true,true,true,static,0,ordinary-nonchecking-capture,1
benchmark:middlegame:2,middlegame,7244,8,10,r7/1pp2pkp/p1np4/2b1p3/2B1P3/P1NP4/1PP2PbP/R5K1 w - - 0 15,g1g2,330,1,-1,0,-380,49,0,LOWER,true,true,true,true,static,0,ordinary-nonchecking-capture,1
benchmark:middlegame:2,middlegame,8154,10,12,r4r2/1p2k2p/p1qp1p2/2b5/4P1b1/P2P4/1PP1QPPP/R4RK1 w - - 0 16,e2g4,330,1,163,166,-216,49,204,LOWER,true,true,true,true,static,204,ordinary-nonchecking-capture,2
benchmark:kiwipete:3,kiwipete,3903,10,13,r3k2b/p1p1q3/1n2P1p1/8/4n3/8/PPP1KPPP/R6R b q - 0 7,e7e6,100,1,744,819,595,49,981,LOWER,true,true,true,true,static,981,same-target-q-recapture,1
benchmark:kiwipete:3,kiwipete,10204,14,17,r3k2b/p1pn4/5n2/8/4P3/5K2/PPq2PPP/R6R b q - 1 9,c2b2,100,1,697,722,548,49,742,LOWER,true,true,true,true,static,742,ordinary-nonchecking-capture,1
benchmark:kiwipete:3,kiwipete,18634,18,21,r7/p1pPk3/8/8/4n3/2P5/P1P1KPP1/r7 b - - 0 11,e7d7,100,1,679,683,530,49,1060,LOWER,true,true,true,true,static,1060,same-target-q-recapture,2
benchmark:kiwipete:3,kiwipete,28302,22,25,r7/p1pBk3/4P3/8/8/2P5/2r3P1/4K3 b - - 1 13,c2g2,100,1,641,661,492,49,728,LOWER,true,true,true,true,static,728,ordinary-nonchecking-capture,1
benchmark:kiwipete:3,kiwipete,32558,13,16,N3k3/p1p1q1b1/4pn2/3P2B1/4P3/8/P1P1KPr1/R7 w - - 0 9,d5e6,100,1,-686,-663,-835,49,-644,LOWER,true,true,true,true,static,-644,ordinary-nonchecking-capture,1
benchmark:kiwipete:3,kiwipete,37995,6,9,r3k3/p1pp4/Bn2p1N1/3P4/1p6/2b4p/PPPn1PPP/R3K2R b KQq - 0 5,h3g2,100,1,-251,-221,-400,49,-191,LOWER,true,true,true,true,static,-191,ordinary-nonchecking-capture,1
benchmark:kiwipete:3,kiwipete,43315,15,18,r3kq1Q/p1pn4/4p1p1/3P4/8/8/PpP1KPPP/R6R w - - 1 10,h8b2,100,1,273,290,124,49,366,LOWER,true,true,true,true,static,366,ordinary-nonchecking-capture,1
benchmark:kiwipete:3,kiwipete,65484,14,17,r6r/p1Npkpb1/b3p3/8/8/8/PPP2K1P/R2B3Q b - - 0 9,g7b2,100,1,-38,-32,-187,49,-25,LOWER,true,true,true,true,static,-25,ordinary-nonchecking-capture,2
benchmark:middlegame:3,middlegame,10380,6,9,1r2kr2/1pp3pp/p1np1q2/2b1N3/4P1Q1/P1NP4/1PP2PPP/4RRK1 b - - 0 14,f6e5,320,1,-22,-10,-391,49,33,LOWER,true,true,true,true,static,33,ordinary-nonchecking-capture,1
benchmark:middlegame:3,middlegame,14734,0,3,r4rk1/1pp1qppp/p1np1B2/2b1p2b/2B1P3/P1NP1N2/1PP1QPPP/4RRK1 b - - 0 11,e7f6,330,1,-17,-10,-396,49,-11,EXACT,true,false,true,true,static,-11,ordinary-nonchecking-capture,1
benchmark:middlegame:3,middlegame,15407,12,15,r7/1pp1k1pp/p1np4/8/4P1N1/P1bP4/1PP2RPP/4R2K b - - 0 17,c3e1,500,1,-17,-10,-566,49,101,LOWER,true,true,true,true,static,101,ordinary-nonchecking-capture,1
benchmark:middlegame:3,middlegame,21194,5,8,r4rk1/1pp2ppp/p1np4/3Bp1q1/4n3/P1NP1Q2/1PP3PP/R3KR2 w - - 0 14,f3e4,320,1,10,19,-359,49,75,LOWER,true,true,true,true,static,75,ordinary-nonchecking-capture,1
benchmark:middlegame:3,middlegame,22183,10,13,r4Bk1/2p2ppp/p1pp4/4p3/4P3/P1PP4/2P2PPP/5RK1 b - - 0 16,a8f8,330,1,-13,-10,-392,49,0,LOWER,true,true,true,true,static,0,ordinary-nonchecking-capture,2
benchmark:middlegame:3,middlegame,25256,5,8,r4rk1/1pp2ppp/p1np4/3Np1q1/2B1n3/P2P1Q2/1PP3PP/R3KR2 w - - 0 14,f3e4,320,1,10,21,-359,49,69,LOWER,true,true,true,true,static,69,ordinary-nonchecking-capture,1
corpus:tail-kiwipete-e1d1:full,tail-kiwipete-e1d1,635,18,18,r6r/p2k1pb1/6p1/8/8/7P/PPPK1P1P/R6R b - - 0 10,g7b2,100,1,172,210,24,48,211,LOWER,true,true,true,true,static,211,ordinary-nonchecking-capture,1
corpus:tail-kiwipete-e1d1:full,tail-kiwipete-e1d1,6542,15,15,r2k3r/p1p2p2/1n2P1p1/8/4P3/7P/PbP2P1P/R2K3R w - - 0 9,e6f7,100,1,-263,-257,-411,48,-245,LOWER,true,true,true,true,static,-245,ordinary-nonchecking-capture,1
corpus:tail-kiwipete-e1d1:full,tail-kiwipete-e1d1,14195,14,14,r6r/p1ppk1b1/1n3Rp1/8/4P3/7p/PPP1KPPP/R6R b - - 0 8,e7f6,500,1,282,291,-266,48,349,LOWER,true,true,true,true,static,349,same-target-q-recapture,1
corpus:tail-evasion-f1f2:full,tail-evasion-f1f2,226,18,18,4k3/rppp2Q1/6p1/nP6/2P5/4KN2/q5PP/8 b - - 1 10,a2g2,100,1,640,651,492,48,688,LOWER,true,true,true,true,static,688,ordinary-nonchecking-capture,2
corpus:tail-middlegame-d3d4:lower,tail-middlegame-d3d4,1,0,0,r4rk1/1pp1qppp/p1np1n2/2b1p1B1/2BPP1b1/P1N2N2/1PP1QPPP/R4RK1 b - - 0 10,c6d4,100,1,132,133,-16,48,133,LOWER,true,true,true,true,static,133,ordinary-nonchecking-capture,1
benchmark:evasion:2,evasion,5932,15,17,r3k2N/Pppp2Qp/6b1/nP6/2r1n1K1/5R2/6PP/8 b q - 0 9,a8a7,100,1,-39,26,-187,48,138,LOWER,true,true,true,true,static,138,ordinary-nonchecking-capture,2
benchmark:middlegame:2,middlegame,6474,11,13,r5k1/2p2ppp/p1pB4/4p3/4P3/P1PP4/2P2PPP/R4bK1 b - - 0 16,f1d3,100,-1,-13,0,-161,48,0,LOWER,true,true,true,true,static,0,SEE-negative,1
benchmark:kiwipete:3,kiwipete,8593,6,9,r4k1r/p1p1q1b1/1n2Pnp1/8/1p2P3/8/PPPBNPPP/R3K2R b KQ - 0 5,e7e6,100,1,591,604,443,48,716,LOWER,true,true,true,true,static,716,ordinary-nonchecking-capture,1
benchmark:kiwipete:3,kiwipete,10452,12,15,r3k2N/p1p2p2/1n1qp3/8/4P3/2n5/P1P2PPP/R4K1R b q - 1 8,c3e4,100,1,590,632,442,48,596,EXACT,true,false,true,true,static,596,ordinary-nonchecking-capture,2
benchmark:kiwipete:3,kiwipete,44509,6,9,r3k2r/p1ppPp2/Bn2p1p1/8/1p6/2P2N1p/P1P2PPP/R3K2R b KQkq - 0 5,e8e7,100,1,-292,-273,-440,48,-189,LOWER,true,true,true,true,static,-189,ordinary-nonchecking-capture,1
benchmark:kiwipete:3,kiwipete,46501,0,3,r3k2r/p1ppqpb1/Bn2pnp1/3PN3/4P3/2Q4p/PPPB1PPP/R3K2R b KQkq - 0 2,h3g2,100,1,-17,590,-165,48,258,EXACT,true,false,true,true,static,258,ordinary-nonchecking-capture,1
benchmark:kiwipete:3,kiwipete,50270,12,15,r7/p1pnqPk1/B5p1/8/4n3/7P/PPP2P1P/R3K2R b KQ - 0 8,g7f7,100,1,182,227,34,48,418,LOWER,true,true,true,true,static,418,same-target-q-recapture,1
benchmark:kiwipete:3,kiwipete,54440,6,9,r3k3/p1ppqpb1/B3p1p1/3PN3/1p6/2P4P/P1PB1P1P/R3K2R b KQq - 0 5,g7e5,320,1,145,155,-223,48,148,EXACT,true,false,true,true,static,148,ordinary-nonchecking-capture,1
benchmark:middlegame:3,middlegame,9309,6,9,r3kr2/1pp3pp/p1np1q2/2b1N3/4P1Q1/P1NP4/1PP2PPP/4RRK1 b - - 0 14,f6e5,320,1,-22,-10,-390,48,34,LOWER,true,true,true,true,static,34,ordinary-nonchecking-capture,1
benchmark:middlegame:3,middlegame,16869,4,7,r3kr2/1pp1q1pp/p2p1n2/2b1N1B1/3nP1Q1/P1NP4/1PP2PPP/4RRK1 b - - 0 13,e7e5,320,1,-17,-10,-385,48,-1,LOWER,true,true,true,true,static,-1,ordinary-nonchecking-capture,1
benchmark:middlegame:3,middlegame,22193,10,13,r5k1/2p2ppp/p1pB4/4p3/4P3/P1PP4/2P2PPP/R4bK1 b - - 0 16,f1d3,100,-1,-13,-10,-161,48,0,LOWER,true,true,true,true,static,0,SEE-negative,2
corpus:tail-kiwipete-e1d1:full,tail-kiwipete-e1d1,2120,12,12,r2k3r/p1ppNPb1/1n3n2/8/4P3/8/PPPpKP1P/R6Q b - - 0 7,d8e7,320,1,217,263,-150,47,221,EXACT,true,false,true,true,static,221,ordinary-nonchecking-capture,2
corpus:tail-kiwipete-e1d1:full,tail-kiwipete-e1d1,9326,12,12,r2k3r/p1ppNPb1/1n3n2/8/4P3/8/PPPpKP1P/R6Q b - - 0 7,d8e7,320,1,217,291,-150,47,221,EXACT,true,false,true,true,static,221,ordinary-nonchecking-capture,2
corpus:tail-kiwipete-e1d1:full,tail-kiwipete-e1d1,13671,12,12,r7/p1pkq1b1/1n4N1/8/4n3/7p/PPPpQPPP/R2K3R b - - 0 7,h3g2,100,1,282,291,135,47,444,LOWER,true,true,true,true,static,444,ordinary-nonchecking-capture,1
corpus:tail-kiwipete-e1d1:full,tail-kiwipete-e1d1,13960,19,19,r2k4/p1pp2b1/Bn4Q1/4q3/4P3/8/PPP2K1P/R6q w - - 0 11,a1h1,975,1,-289,-282,-1311,47,-280,LOWER,true,true,true,true,static,-280,same-target-q-recapture,2
benchmark:kiwipete:2,kiwipete,10641,9,11,r3k2r/p1pq1pb1/1n2p1p1/3P4/1B2P3/8/PPP1NPQP/R3K2R b KQ - 0 6,e6d5,100,1,-98,-90,-245,47,-90,LOWER,true,true,true,true,static,-90,ordinary-nonchecking-capture,2
benchmark:middlegame:2,middlegame,6495,13,15,r5k1/2p2pBp/p1pp4/4p3/4P3/P1PP4/2P2PKP/R7 b - - 0 17,g8g7,330,1,-13,0,-390,47,0,LOWER,true,true,true,true,static,0,ordinary-nonchecking-capture,1
benchmark:kiwipete:3,kiwipete,8739,6,9,r4k1r/p1p1q1b1/1n2Pnp1/8/1p2P3/8/PPPBNPPP/R3K2R b KQ - 0 5,e7e6,100,1,590,656,443,47,716,LOWER,true,true,true,true,static,716,ordinary-nonchecking-capture,1
benchmark:kiwipete:3,kiwipete,11916,11,14,r3k2r/p1p3b1/1n2p3/3P4/4n3/8/PPP1bPPP/R1K4R w kq - 0 8,d5e6,100,1,-604,-590,-751,47,-532,LOWER,true,true,true,true,static,-532,same-target-q-recapture,1
benchmark:kiwipete:3,kiwipete,32943,15,18,7r/p1q3b1/4pk2/3P4/4P3/8/P1P1KPPP/b6R w - - 0 10,d5e6,100,1,-686,-663,-833,47,-683,EXACT,true,false,true,true,static,-683,ordinary-nonchecking-capture,1
benchmark:kiwipete:3,kiwipete,33393,7,10,r3k2r/p1p1q1b1/1N2pn2/3P2p1/4P3/8/PPPpKPPP/R6R w kq - 0 6,b6a8,500,1,-686,-663,-1233,47,-649,LOWER,true,true,true,true,static,-649,ordinary-nonchecking-capture,1
benchmark:kiwipete:3,kiwipete,33856,6,9,r3k2r/p3qpb1/Bn2pnp1/3PN3/8/2B5/PPP2PPP/R3K2R b KQkq - 0 5,f6d5,100,1,657,666,510,47,661,EXACT,true,false,true,false,static,705,same-target-q-recapture,1
benchmark:kiwipete:3,kiwipete,41221,14,17,7r/p1pP4/Bn1k4/8/1p6/2b4p/PPP2PPP/5RK1 b - - 0 9,d6d7,100,1,-310,-273,-457,47,-242,LOWER,true,true,true,true,static,-242,same-target-q-recapture,5
benchmark:kiwipete:3,kiwipete,43167,15,18,r1k2q1Q/p1pn4/4p1p1/3P4/8/3K4/PpP2PPP/R6R w - - 1 10,h8b2,100,1,273,282,126,47,333,LOWER,true,true,true,true,static,333,ordinary-nonchecking-capture,1
benchmark:evasion:3,evasion,17801,13,16,6kr/rpR3pp/5n2/nPP5/B3b3/5N2/P5PP/6K1 w - - 0 9,c7b7,100,-1,-453,-439,-600,47,-396,LOWER,true,true,true,true,static,-396,SEE-negative,1
benchmark:middlegame:3,middlegame,3710,3,6,r4rk1/1pp2ppp/p1np4/2bBp3/4P3/P1NP1q2/1PP2PPP/R4RK1 w - - 0 13,g2f3,975,1,-59,7,-1081,47,-58,EXACT,true,false,true,true,static,-58,same-target-q-recapture,1
benchmark:middlegame:3,middlegame,5335,6,9,1r3Bk1/1pp2ppp/p1np4/2b1p3/2B1P3/P1NP4/1PP2PPP/5R1K b - - 0 14,b8f8,330,1,-12,-10,-389,47,0,LOWER,true,true,true,true,static,0,ordinary-nonchecking-capture,1
benchmark:middlegame:3,middlegame,21059,6,9,4rr2/1pp1k1pp/p1np1q2/2b1N3/4P1Q1/P1NP4/1PP2PPP/R3R1K1 b - - 0 14,f6e5,320,1,-11,-10,-378,47,45,LOWER,true,true,true,true,static,45,ordinary-nonchecking-capture,1
benchmark:middlegame:3,middlegame,22214,12,15,r5k1/2p2pBp/p1pp4/4p3/4P3/P1PP4/2P2PKP/R7 b - - 0 17,g8g7,330,1,-13,-10,-390,47,0,LOWER,true,true,true,true,static,0,ordinary-nonchecking-capture,2
benchmark:middlegame:3,middlegame,31523,10,13,rr4k1/2p1Bppp/p1np4/3Np3/4P3/P7/1PP1K1PP/R4R2 b - - 0 16,b8b2,100,1,-111,-10,-258,47,-40,EXACT,true,false,true,true,static,-40,ordinary-nonchecking-capture,1
benchmark:middlegame:3,middlegame,36475,16,19,r5k1/2p2pbp/p7/8/8/P7/1PP2PBP/R5K1 b - - 0 19,g7b2,100,1,-28,-10,-175,47,-18,EXACT,true,false,true,true,static,-18,ordinary-nonchecking-capture,1
benchmark:middlegame:3,middlegame,41125,9,12,r4Bk1/1pp2p1p/B1np2p1/3Np3/4n3/P2P4/1PP3PP/R3Kb2 w - - 0 16,a6b7,100,1,10,93,-137,47,68,EXACT,true,false,true,true,static,68,ordinary-nonchecking-capture,1
corpus:tail-kiwipete-e1d1:full,tail-kiwipete-e1d1,13462,16,16,7r/p1pk2b1/1n4p1/8/4n3/7p/PPP2PPP/R1K4R b - - 1 9,h3g2,100,1,282,291,136,46,555,LOWER,true,true,true,true,static,555,ordinary-nonchecking-capture,3
corpus:tail-kiwipete-e1d1:lower,tail-kiwipete-e1d1,541,10,10,r3k2r/p1ppqpb1/1n2P1p1/4N3/4Q3/8/PPPK1P1P/R6R b kq - 0 6,e7e6,100,1,299,300,153,46,303,LOWER,true,true,true,true,static,303,ordinary-nonchecking-capture,3
corpus:tail-middlegame-d3d4:full,tail-middlegame-d3d4,553,0,0,r4rk1/1pp1qppp/p1np1n2/2b1p1B1/2BPP1b1/P1N2N2/1PP1QPPP/R4RK1 b - - 0 10,c6d4,100,1,130,32769,-16,46,133,EXACT,true,false,true,true,static,133,ordinary-nonchecking-capture,1
benchmark:kiwipete:2,kiwipete,3976,15,17,7r/p1pk4/Bn4p1/8/4n3/2P4p/P1P1KPPP/R6R b - - 0 9,h3g2,100,1,-310,-289,-456,46,-40,LOWER,true,true,true,true,static,-40,ordinary-nonchecking-capture,2
benchmark:kiwipete:2,kiwipete,4353,3,5,r3k2r/p1pp1pb1/Bn2q1p1/4N3/1p2N3/5Q1p/PPPB1PPP/R3K2R b KQkq - 0 3,e6e5,320,1,-310,-283,-676,46,-273,LOWER,true,true,true,true,static,-273,ordinary-nonchecking-capture,1
benchmark:kiwipete:2,kiwipete,6164,14,16,r2k4/p1p2p2/1n2P1p1/8/4P3/8/PbPK1P1P/R6R w - - 0 9,e6f7,100,1,355,383,209,46,423,LOWER,true,true,true,true,static,423,ordinary-nonchecking-capture,2
benchmark:middlegame:2,middlegame,2395,11,13,R7/1pp1q1pp/p1np2k1/4p1N1/8/P1NP4/1PP1b1PP/1R4K1 b - - 0 16,e2d3,100,-1,-4,-3,-150,46,7,LOWER,true,true,true,true,static,7,SEE-negative,1
benchmark:middlegame:2,middlegame,4566,0,2,r4rk1/1pp1qppp/p1np1n2/2b1p1B1/2B1P3/P1NP1b2/RPP1QPPP/5RK1 w - - 0 11,e2f3,330,1,-1,32769,-377,46,1,EXACT,true,false,true,true,static,1,ordinary-nonchecking-capture,1
benchmark:kiwipete:3,kiwipete,6514,12,15,r3k3/p1pp2b1/1n6/3P4/8/8/PPP1KPqP/R6R b q - 0 8,g2d5,100,1,830,854,684,46,913,LOWER,true,true,true,true,static,913,same-target-q-recapture,2
benchmark:kiwipete:3,kiwipete,14068,6,9,4k2r/p1p1qNb1/Bn2Pnp1/8/4P3/2p5/PPPr1PPP/R3K2R b KQk - 0 5,e7e6,100,1,634,673,488,46,701,LOWER,true,true,true,true,static,701,ordinary-nonchecking-capture,2
benchmark:kiwipete:3,kiwipete,24430,11,14,r3kb1N/p1p1q3/4pnp1/8/4n3/8/PPP2PPP/R4K1R w q - 0 8,h8g6,100,1,-619,-615,-765,46,-503,LOWER,true,true,true,true,static,-503,ordinary-nonchecking-capture,1
benchmark:kiwipete:3,kiwipete,33992,12,15,r6r/p3kPb1/1n4p1/8/4n3/8/PPP1bPPP/R1K4R b - - 0 8,e7f7,100,1,590,627,444,46,863,LOWER,true,true,true,true,static,863,same-target-q-recapture,1
benchmark:kiwipete:3,kiwipete,40657,2,5,r3k2r/p1pp1pb1/Bn2q1p1/4N3/1p2N3/5Q1p/PPPB1PPP/R3K2R b KQkq - 0 3,e6e5,320,1,-310,-273,-676,46,-273,LOWER,true,true,true,true,static,-273,ordinary-nonchecking-capture,1
benchmark:kiwipete:3,kiwipete,44578,11,14,r6r/p1ppkp2/Bn2p1p1/4Q3/8/8/PPPK1P1P/R6r w - - 0 8,a1h1,500,1,273,292,-273,46,383,LOWER,true,true,true,true,static,383,same-target-q-recapture,3
benchmark:kiwipete:3,kiwipete,46249,10,13,r4k1r/p2P2b1/Bn4p1/8/8/7p/PPPn1PPP/R3K2R b KQ - 0 7,g7b2,100,1,-61,-31,-207,46,-43,EXACT,true,false,true,false,static,29,ordinary-nonchecking-capture,2
benchmark:kiwipete:3,kiwipete,46273,16,19,R6r/p4k2/Bn4p1/8/8/7p/P1PK1PPP/b6R b - - 0 10,h8a8,500,1,-48,-43,-594,46,-8,LOWER,true,true,true,true,static,-8,same-target-q-recapture,2
benchmark:kiwipete:3,kiwipete,53039,2,5,r3k3/p1pp1pb1/Bn2pqpB/3PN3/1p2P3/2N4p/PPP2PPP/R3K2R b KQq - 0 3,f6e5,320,1,17,250,-349,46,31,EXACT,true,false,true,false,static,74,ordinary-nonchecking-capture,1
benchmark:kiwipete:3,kiwipete,61077,16,19,r1k4r/p1p5/1n4Q1/8/1B2P3/7P/P1P1KP1P/b7 b - - 0 10,h8h3,100,1,-100,-95,-246,46,-41,LOWER,true,true,true,true,static,-41,ordinary-nonchecking-capture,1
benchmark:middlegame:3,middlegame,6860,5,8,r4rk1/1pp2ppp/p1np4/4p1q1/2B1n3/P1NP1Q2/1PP3PP/3RKR2 w - - 0 14,f3e4,320,1,10,11,-356,46,80,LOWER,true,true,true,true,static,80,ordinary-nonchecking-capture,1
benchmark:middlegame:3,middlegame,15430,6,9,r3kr2/1pp3pp/p1np1q2/4N3/3bP1Q1/P1NP4/1PP2PPP/4RRK1 b - - 0 14,f6e5,320,1,-17,-10,-383,46,42,LOWER,true,true,true,true,static,42,ordinary-nonchecking-capture,1
benchmark:middlegame:3,middlegame,28848,10,13,1r3rk1/2p2ppp/p1np4/3Np3/4N3/P2P4/1PP1K1PP/R4R2 b - - 0 16,b8b2,100,1,-111,-10,-257,46,-48,EXACT,true,false,true,true,static,-48,ordinary-nonchecking-capture,1
benchmark:middlegame:3,middlegame,29747,10,13,1r3rk1/2p2ppp/p1np4/3Np3/4N3/P2P4/1PP1K1PP/R4R2 b - - 0 16,b8b2,100,1,-111,-67,-257,46,-48,LOWER,true,true,true,true,static,-48,ordinary-nonchecking-capture,1
corpus:tail-kiwipete-e1d1:full,tail-kiwipete-e1d1,1590,12,12,r6r/p1pk1pb1/1n4p1/4Q3/4P3/7p/PPPK1PPP/R6R b - - 0 7,g7e5,975,1,173,263,-847,45,372,LOWER,true,true,true,true,static,372,same-target-q-recapture,1
corpus:tail-kiwipete-e1d1:full,tail-kiwipete-e1d1,5375,18,18,r6r/p1ppk1b1/1n3R2/8/4P3/8/P1PK1P1P/R6R b - - 0 10,e7f6,500,1,263,300,-282,45,388,LOWER,true,true,true,true,static,388,same-target-q-recapture,1
corpus:tail-kiwipete-e1d1:full,tail-kiwipete-e1d1,5484,18,18,r6r/p1ppk1b1/1n3R2/8/4P3/8/P1PK1P1P/R6R b - - 0 10,e7f6,500,1,263,290,-282,45,388,LOWER,true,true,true,true,static,388,same-target-q-recapture,1
corpus:tail-kiwipete-e1d1:full,tail-kiwipete-e1d1,13549,16,16,r6b/p1pk4/1n4p1/8/4n3/7p/PPP2PPP/R2K3R b - - 1 9,h8b2,100,1,282,291,137,45,324,LOWER,true,true,true,true,static,324,ordinary-nonchecking-capture,1
corpus:tail-kiwipete-e1d1:full,tail-kiwipete-e1d1,16015,11,11,r2k3b/p1pp1q2/Bn3n2/8/4P3/5Q2/PPPp1PpP/R2K3R w - - 0 7,f3g2,100,1,-283,-282,-428,45,-198,LOWER,true,true,true,true,static,-198,same-target-q-recapture,1
corpus:tail-kiwipete-e1d1:full,tail-kiwipete-e1d1,18781,20,20,r7/p1pk2b1/1n4N1/8/8/8/PPP2n1P/R1K4R b - - 1 11,f2h1,500,1,291,300,-254,45,304,LOWER,true,true,true,true,static,304,ordinary-nonchecking-capture,6
corpus:tail-kiwipete-e1d1:full,tail-kiwipete-e1d1,20190,20,20,r7/p1pk2b1/1n4N1/8/8/8/PPP2n1P/R1K4R b - - 1 11,f2h1,500,1,291,293,-254,45,304,LOWER,true,true,true,true,static,304,ordinary-nonchecking-capture,3
benchmark:kiwipete:2,kiwipete,5818,16,18,r1k2N2/p1p3b1/1n3nq1/8/8/8/PPPK1P1P/R6R w - - 1 10,f8g6,975,1,355,416,-665,45,435,LOWER,true,true,true,true,static,435,ordinary-nonchecking-capture,2
benchmark:kiwipete:2,kiwipete,5890,22,24,5k2/p1p5/1n4p1/8/4K3/8/P1P2P1P/b6R w - - 0 13,h1a1,330,1,434,439,59,45,440,LOWER,true,true,true,true,static,440,same-target-q-recapture,4
benchmark:kiwipete:2,kiwipete,6797,22,24,5k2/p1p5/1n4p1/8/4K3/8/P1P2P1P/b6R w - - 0 13,h1a1,330,1,434,435,59,45,440,LOWER,true,true,true,true,static,440,same-target-q-recapture,4
benchmark:evasion:2,evasion,2290,9,11,r3k2r/PpBp1p1p/5n1p/nP6/B1P5/5P2/P2P3P/R5K1 b kq - 0 6,a8a7,100,1,88,154,-57,45,334,LOWER,true,true,true,true,static,334,ordinary-nonchecking-capture,4
benchmark:evasion:2,evasion,3131,9,11,r3k2r/PpBp1p1p/5n1p/nP6/B1P5/5P2/P2P3P/R5K1 b kq - 0 6,a8a7,100,1,88,146,-57,45,334,LOWER,true,true,true,true,static,334,ordinary-nonchecking-capture,4
benchmark:middlegame:2,middlegame,3879,8,10,r4r2/1pp2kpp/p1np4/4p1q1/4Q3/P1NP4/1PP2KPP/4RR2 w - - 0 15,e4h7,100,1,-6,27,-151,45,16,EXACT,true,false,true,true,static,16,ordinary-nonchecking-capture,1
benchmark:middlegame:2,middlegame,6479,13,15,r5k1/2p2ppp/p1p5/4B3/4P3/P1Pb4/2P2PPP/R5K1 b - - 0 17,d3e4,100,1,-13,0,-158,45,0,LOWER,true,true,true,true,static,0,ordinary-nonchecking-capture,1
benchmark:kiwipete:3,kiwipete,4095,10,13,r3k2N/p1p1q1B1/1n2p1p1/3P4/8/8/PPP1K1PP/R6n b q - 0 7,b6d5,100,1,771,796,626,45,842,LOWER,true,true,true,true,static,842,ordinary-nonchecking-capture,1
benchmark:kiwipete:3,kiwipete,19000,14,17,r6r/p1pk2b1/1n4p1/3p4/5K2/8/PPP2PPP/R6R b - - 1 9,g7b2,100,1,590,592,445,45,601,LOWER,true,true,true,true,static,601,ordinary-nonchecking-capture,2
benchmark:kiwipete:3,kiwipete,20727,11,14,r3k2N/p1p1q3/4pnpb/8/4n3/8/PPP2PPP/R4K1R w q - 0 8,h8g6,100,1,-626,-621,-771,45,-509,LOWER,true,true,true,true,static,-509,ordinary-nonchecking-capture,1
benchmark:kiwipete:3,kiwipete,21484,8,11,r3k2r/p1p1qp2/Bn2p1p1/3PN3/3Kn3/8/PPP2PPP/R6R b kq - 0 6,e6d5,100,1,955,975,810,45,1023,LOWER,true,true,true,true,static,1023,ordinary-nonchecking-capture,1
benchmark:kiwipete:3,kiwipete,24458,11,14,r3kb1N/p1p1q3/1n2p1p1/8/4n3/8/PPP2PPP/R4K1R w q - 0 8,h8g6,100,1,-630,-623,-775,45,-513,LOWER,true,true,true,true,static,-513,ordinary-nonchecking-capture,1
benchmark:kiwipete:3,kiwipete,26574,9,12,r3k2N/p1p1q1b1/4p1p1/3P4/4n3/2p1K3/PPP1bPPP/R6R w q - 0 7,h8g6,100,1,-649,-610,-794,45,-589,LOWER,true,true,true,true,static,-589,ordinary-nonchecking-capture,1
benchmark:kiwipete:3,kiwipete,27297,9,12,r3k2r/p1p3b1/4p1p1/3P4/1p2P3/8/PPPKNqPP/R6R w kq - 0 7,d5e6,100,1,-678,-664,-823,45,-561,LOWER,true,true,true,true,static,-561,ordinary-nonchecking-capture,2
benchmark:kiwipete:3,kiwipete,29684,6,9,r3k1nr/p1p1q1b1/1n2P1p1/8/1p2P3/8/PPPBNPPP/R3K2R b KQkq - 0 5,e7e6,100,1,590,680,445,45,680,LOWER,true,true,true,true,static,680,ordinary-nonchecking-capture,1
benchmark:kiwipete:3,kiwipete,29718,10,13,r3k1n1/p1p1q3/1n4N1/3p4/4P3/2P5/P1P1bPPP/R3K2R b KQq - 0 7,e7e4,100,1,590,637,445,45,662,LOWER,true,true,true,true,static,662,ordinary-nonchecking-capture,1
benchmark:kiwipete:3,kiwipete,42239,19,22,8/p1pp1k2/Bn6/8/1p6/2P4r/P1P2P1P/5RK1 w - - 0 12,c3b4,100,1,273,296,128,45,337,LOWER,true,true,true,true,static,337,ordinary-nonchecking-capture,1
benchmark:kiwipete:3,kiwipete,46262,16,19,r6R/p3k3/Bn4p1/8/8/7p/P1PK1PPP/b6R b - - 0 10,a8h8,500,1,-61,-48,-606,45,24,LOWER,true,true,true,true,static,24,same-target-q-recapture,2
benchmark:evasion:3,evasion,6316,8,11,r3k2r/PpBp1p1p/5nbp/1P6/Q1P1P3/8/P2P2PP/b4K2 b kq - 0 6,f6e4,100,1,274,304,129,45,285,EXACT,true,false,true,true,static,285,ordinary-nonchecking-capture,1
benchmark:evasion:3,evasion,7440,15,18,2r1k2r/Pp1p2pp/5Q2/nP6/4b3/8/P2q2PP/5R1K w - - 1 10,f6g7,100,1,-511,-458,-656,45,-481,EXACT,true,false,true,true,static,-481,ordinary-nonchecking-capture,2
benchmark:middlegame:3,middlegame,6579,7,10,5r1k/1pp2ppp/p1np4/2bBp3/4P3/P1NP4/1PP2PPP/2R2bK1 w - - 0 15,c1f1,330,1,10,11,-365,45,14,LOWER,true,true,true,true,static,14,ordinary-nonchecking-capture,1
benchmark:middlegame:3,middlegame,6710,7,10,5r1k/1pp2ppp/p1np4/2bNp3/2B1P3/P2P4/1PP2PPP/2R2bK1 w - - 0 15,c1f1,330,1,10,12,-365,45,14,LOWER,true,true,true,true,static,14,ordinary-nonchecking-capture,1
benchmark:middlegame:3,middlegame,12636,13,16,4r2k/1pp2rpp/p1Bp4/4p1n1/8/P1NP4/1PP1K1PP/4R3 w - - 0 18,c6e8,500,1,10,14,-535,45,133,LOWER,true,true,true,true,static,133,ordinary-nonchecking-capture,1
benchmark:middlegame:3,middlegame,22198,12,15,r5k1/2p2ppp/p1p5/4B3/4P3/P1Pb4/2P2PPP/R5K1 b - - 0 17,d3e4,100,1,-13,-10,-158,45,0,LOWER,true,true,true,true,static,0,ordinary-nonchecking-capture,2
benchmark:middlegame:3,middlegame,29302,14,17,5k2/1rp2ppp/2np4/3Np3/4P3/P7/1PP3PP/5RK1 b - - 0 18,b7b2,100,1,-67,-10,-212,45,17,LOWER,true,true,true,true,static,17,ordinary-nonchecking-capture,3
benchmark:middlegame:3,middlegame,29450,14,17,5k2/1rp2ppp/2np4/3Np3/4P3/P7/1PP3PP/5RK1 b - - 0 18,b7b2,100,1,-67,-23,-212,45,17,LOWER,true,true,true,true,static,17,ordinary-nonchecking-capture,2
corpus:tail-kiwipete-e1d1:full,tail-kiwipete-e1d1,10420,20,20,7r/p1Q5/1n4p1/1k6/4q3/7p/PPP2rPP/R1K4R b - - 1 11,h3g2,100,1,201,217,57,44,219,LOWER,true,true,true,true,static,219,ordinary-nonchecking-capture,1
corpus:tail-kiwipete-e1d1:full,tail-kiwipete-e1d1,13803,12,12,r2k3r/p1pp1Pb1/Bn4p1/8/4n3/7p/PPP2PPP/R1K4R b - - 1 7,h3g2,100,1,282,291,138,44,295,LOWER,true,true,true,true,static,295,ordinary-nonchecking-capture,1
corpus:tail-evasion-f1f2:full,tail-evasion-f1f2,339,8,8,r3k2r/Pppp1pQp/6bN/nP6/qBP1n3/5N2/P2P2PP/4K3 b kq - 0 5,a8a7,100,1,696,810,552,44,-32758,UPPER,false,false,false,false,mate,653,mate,5
corpus:tail-evasion-f1f2:full,tail-evasion-f1f2,340,8,8,r3k2r/Pppp1pQp/6bN/nP6/qBP1n3/5N2/P2P2PP/4K3 b kq - 0 5,a5c4,100,1,696,810,552,44,-32758,UPPER,false,false,false,false,mate,653,mate,5
corpus:tail-evasion-f1f2:upper,tail-evasion-f1f2,18,8,8,r3k2r/Pppp1pQp/6bN/nP6/qBP1n3/5N2/P2P2PP/4K3 b kq - 0 5,a8a7,100,1,696,697,552,44,-32758,UPPER,false,false,false,false,mate,653,mate,5
corpus:tail-evasion-f1f2:upper,tail-evasion-f1f2,19,8,8,r3k2r/Pppp1pQp/6bN/nP6/qBP1n3/5N2/P2P2PP/4K3 b kq - 0 5,a5c4,100,1,696,697,552,44,-32758,UPPER,false,false,false,false,mate,653,mate,5
benchmark:kiwipete:2,kiwipete,5068,13,15,r6r/p1pPkp2/1n6/8/4n3/4K2p/P1P1QPPP/R7 b - - 0 8,e7d7,100,1,-131,-124,-275,44,30,LOWER,true,true,true,true,static,30,ordinary-nonchecking-capture,2
benchmark:middlegame:2,middlegame,428,11,13,r3k3/1pp3pp/p1nB4/8/4P3/P1NP4/1PP2nPP/R5K1 b - - 0 16,f2d3,100,-1,-295,-188,-439,44,-289,EXACT,true,false,true,true,static,-289,SEE-negative,2
benchmark:middlegame:2,middlegame,5277,0,2,r4rk1/1pp1qppp/p1np1n2/2b1p1B1/4P3/PBNP1b2/1PP1QPPP/R4RK1 w - - 0 11,e2f3,330,1,-1,32769,-375,44,3,EXACT,true,false,true,true,static,3,ordinary-nonchecking-capture,1
benchmark:kiwipete:3,kiwipete,7644,0,3,r2k3r/p1ppqpb1/bn2Qnp1/3PN3/1p2P3/2N5/PPPBBPPP/R3K2R b KQ - 0 2,d7e6,975,1,590,32769,-429,44,633,EXACT,true,false,true,true,static,633,ordinary-nonchecking-capture,1
benchmark:kiwipete:3,kiwipete,12264,8,11,1r2k2N/p1p3b1/1n2qnp1/8/4P3/2p5/PPPBKPPP/R6R b - - 0 6,c3d2,330,1,590,600,216,44,635,LOWER,true,true,true,true,static,635,ordinary-nonchecking-capture,1
benchmark:kiwipete:3,kiwipete,12448,6,9,1r2k2r/p1p1q1b1/1n2Pnp1/8/1p2P3/8/PPPBNPPP/R3K2R b KQk - 0 5,e7e6,100,1,590,661,446,44,699,LOWER,true,true,true,true,static,699,ordinary-nonchecking-capture,1
benchmark:kiwipete:3,kiwipete,14350,10,13,3r3r/p1p1kpb1/1n2pn2/3P4/4P3/8/PPP1KPPP/R6R b - - 0 7,f6e4,100,1,590,602,446,44,602,LOWER,true,true,true,true,static,602,ordinary-nonchecking-capture,1
benchmark:kiwipete:3,kiwipete,14740,8,11,3rk2b/p1p1q3/1n2Pnp1/8/4P3/2B5/PPP1bPPP/R3K2R b KQ - 0 6,e7e6,100,1,590,649,446,44,812,LOWER,true,true,true,true,static,812,same-target-q-recapture,1
benchmark:kiwipete:3,kiwipete,20753,11,14,r3k2N/p1p1q3/1n2p1pb/8/4n3/8/PPP2PPP/R4K1R w q - 0 8,h8g6,100,1,-636,-628,-780,44,-518,LOWER,true,true,true,true,static,-518,ordinary-nonchecking-capture,1
benchmark:kiwipete:3,kiwipete,25045,0,3,r3k2r/p1ppqpb1/b3Qnp1/3PN3/1pn1P3/2N5/PPPBBPPP/R3K2R b KQkq - 0 2,d7e6,975,1,590,32769,-429,44,664,EXACT,true,false,true,false,static,678,ordinary-nonchecking-capture,1
benchmark:kiwipete:3,kiwipete,33520,10,13,r3k2r/p1p3b1/1n2P3/6q1/4P3/2p5/PPP1KPPP/R6R b kq - 0 7,g5g2,100,1,663,686,519,44,773,LOWER,true,true,true,true,static,773,ordinary-nonchecking-capture,1
benchmark:kiwipete:3,kiwipete,43336,17,20,r4k2/p1pn4/4p1p1/3P4/8/3K4/PpP2PPP/R6R w - - 0 11,d5e6,100,1,273,280,129,44,451,LOWER,true,true,true,true,static,451,ordinary-nonchecking-capture,1
benchmark:kiwipete:3,kiwipete,61803,16,19,r1k4r/p1p5/1n4Q1/8/1B2P3/7P/P1P1KP1P/b7 b - - 0 10,h8h3,100,1,-102,-79,-246,44,-41,LOWER,true,true,true,true,static,-41,ordinary-nonchecking-capture,1
benchmark:evasion:3,evasion,13285,9,12,4k2r/1ppp1p1p/1P3nbp/1P6/r1PPP3/5N2/6PP/3R2K1 w k - 0 7,b6c7,100,1,-543,-376,-687,44,-323,LOWER,true,true,true,true,static,-323,ordinary-nonchecking-capture,1
benchmark:evasion:3,evasion,18311,6,9,r3k2r/Pppp1ppp/5nbN/nPq5/B3P3/5N2/P5PP/Q4R1K b kq - 1 5,c5a7,100,1,453,503,309,44,517,LOWER,true,true,true,true,static,517,ordinary-nonchecking-capture,1
benchmark:middlegame:3,middlegame,3450,3,6,r4rk1/1pp2ppp/p1np4/2b1p3/2B1P3/P1NP1q2/1PP2PPP/2R2RK1 w - - 0 13,g2f3,975,1,-69,1,-1088,44,-64,EXACT,true,false,true,true,static,-64,same-target-q-recapture,1
benchmark:middlegame:3,middlegame,16924,5,8,r4rk1/1pp2ppp/p1np4/4p1q1/2B1n3/P1NP1Q2/1PP3PP/R3RK2 w - - 0 14,f3e4,320,1,10,16,-354,44,38,LOWER,true,true,true,true,static,38,ordinary-nonchecking-capture,1
benchmark:middlegame:3,middlegame,20230,7,10,2r2rk1/1pp2ppp/p1np4/3Bp1q1/4n3/P1NP1Q2/1PP3PP/R3RK2 w - - 0 15,f3e4,320,1,10,11,-354,44,39,LOWER,true,true,true,true,static,39,ordinary-nonchecking-capture,1
benchmark:middlegame:3,middlegame,25585,3,6,r4rk1/1pp2ppp/p1np4/3Np1q1/2B1n1b1/P2P1N2/1PP1Q1PP/R3KR2 w - - 0 13,e2e4,320,1,10,42,-354,44,23,EXACT,true,false,true,true,static,23,ordinary-nonchecking-capture,1
benchmark:middlegame:3,middlegame,36439,16,19,r5k1/1Bp2pbp/p7/8/8/P7/1PP2P1P/R5K1 b - - 0 19,g7b2,100,1,-13,-10,-157,44,0,LOWER,true,true,true,true,static,0,ordinary-nonchecking-capture,1
corpus:draw-five:full,draw-five,7,4,4,7k/7n/8/bK6/8/8/8/8 w - - 0 3,b5a5,330,1,-232,34,-605,43,0,EXACT,true,false,true,true,insufficient,0,same-target-q-recapture;insufficient,1
corpus:tail-kiwipete-e1d1:full,tail-kiwipete-e1d1,485,18,18,r6r/5pb1/1p2k1p1/8/8/7P/PPPK1P1P/R6R b - - 0 10,g7b2,100,1,242,245,99,43,270,LOWER,true,true,true,true,static,270,ordinary-nonchecking-capture,2
corpus:tail-kiwipete-e1d1:full,tail-kiwipete-e1d1,6592,8,8,r2k3r/p1p1qpb1/1n2pNp1/3P4/4P3/7p/PPPQ1PPP/R2K3R b - - 0 5,h3g2,100,1,179,263,36,43,351,LOWER,true,true,true,true,static,351,ordinary-nonchecking-capture,1
corpus:tail-kiwipete-e1d1:full,tail-kiwipete-e1d1,13819,12,12,r2k3r/p1pp1Pb1/Bn4p1/8/4n3/7p/PPP1KPPP/R6R b - - 1 7,g7b2,100,1,282,291,139,43,303,LOWER,true,true,true,true,static,303,ordinary-nonchecking-capture,1
corpus:tail-kiwipete-e1d1:full,tail-kiwipete-e1d1,17775,8,8,r2k3r/p1p1qpb1/1n2pNp1/3P4/4P3/7p/PPPQ1PPP/R2K3R b - - 0 5,h3g2,100,1,179,291,36,43,351,LOWER,true,true,true,true,static,351,ordinary-nonchecking-capture,1
corpus:tail-kiwipete-e1d1:full,tail-kiwipete-e1d1,20100,18,18,7r/p1pk2b1/1n4p1/8/4n3/8/PPP1KP1P/R6R b - - 0 10,g7b2,100,1,291,293,148,43,314,LOWER,true,true,true,true,static,314,ordinary-nonchecking-capture,3
corpus:tail-kiwipete-e1d1:lower,tail-kiwipete-e1d1,2165,12,12,r4k1r/p1pp1Pb1/Bn3n2/8/4Q3/8/PPPp1P1P/R2K3R b - - 0 7,f6e4,975,1,299,300,-719,43,417,LOWER,true,true,true,true,static,417,same-target-q-recapture,1
corpus:tail-evasion-:upper,tail-evasion-,210,3,3,r3k2r/Pppp1ppp/1b3nbN/nP6/BBPPP3/q4N2/P5PP/Q4RK1 b kq - 0 2,a3b4,330,1,390,391,17,43,391,LOWER,true,true,true,true,static,391,ordinary-nonchecking-capture,1
corpus:tail-evasion-f1f2:full,tail-evasion-f1f2,222,18,18,4k3/rppp2Q1/6p1/nP6/2P5/5N2/q5PP/3K4 b - - 1 10,a2g2,100,1,640,651,497,43,657,LOWER,true,true,true,true,static,657,ordinary-nonchecking-capture,2
benchmark:kiwipete:2,kiwipete,3053,13,15,r3k2r/p1pN1pb1/Bn4p1/8/8/2p2Q2/PPP2P1P/R3K3 b kq - 1 8,c3b2,100,1,-310,-283,-453,43,-256,LOWER,true,true,true,true,static,-256,ordinary-nonchecking-capture,1
benchmark:kiwipete:2,kiwipete,3261,13,15,r3k2r/p1pN1pb1/Bn4p1/8/8/2p1KQ2/PPP2P1P/7R b kq - 1 8,c3b2,100,1,-310,-283,-453,43,-232,LOWER,true,true,true,true,static,-232,ordinary-nonchecking-capture,1
benchmark:kiwipete:2,kiwipete,3902,12,14,7r/p1ppk3/Bn2P1p1/8/4n3/2b4p/PPP2PPP/R4K1R w - - 0 8,e6d7,100,1,289,310,146,43,347,LOWER,true,true,true,true,static,347,ordinary-nonchecking-capture,2
benchmark:kiwipete:2,kiwipete,5315,9,11,r6r/p1Qpq1b1/Bn2knp1/8/4P3/8/PPPB1PPP/R3K2R b KQ - 0 6,f6e4,100,1,-151,-112,-294,43,-146,EXACT,true,false,true,true,static,-146,ordinary-nonchecking-capture,2
benchmark:kiwipete:2,kiwipete,9416,11,13,r6N/p1pp4/b2kp3/3P4/1p6/7p/PbPB1PPP/R2BK2R b KQ - 0 7,b2a1,500,1,-351,-313,-894,43,-301,LOWER,true,true,true,true,static,-301,ordinary-nonchecking-capture,2
benchmark:evasion:2,evasion,2142,7,9,r3k2r/PpBp1ppp/5nbN/1P6/q1P1P3/5Q2/3P2PP/5RK1 b kq - 0 5,a4c4,100,1,68,88,-75,43,87,EXACT,true,false,true,false,static,301,ordinary-nonchecking-capture,4
benchmark:evasion:2,evasion,10532,10,12,r3k2r/1ppp1p1p/5p1N/nPB5/B3b3/8/P2P2PP/Q4K2 w kq - 0 7,a1f6,100,1,219,236,76,43,347,LOWER,true,true,true,true,static,347,ordinary-nonchecking-capture,4
benchmark:middlegame:2,middlegame,6501,15,17,r5k1/2p2p1p/p1pp4/4B3/4P3/P1P5/2P2P1P/R5K1 b - - 0 18,d6e5,330,1,-13,0,-386,43,0,LOWER,true,true,true,true,static,0,ordinary-nonchecking-capture,1
benchmark:middlegame:2,middlegame,6844,11,13,r4rk1/1pp3pp/p1np4/8/3bP1N1/P2P4/1PP1N1PP/R4R1K b - - 0 16,d4b2,100,1,-19,-13,-162,43,-11,LOWER,true,true,true,true,static,-11,ordinary-nonchecking-capture,2
benchmark:middlegame:2,middlegame,7850,10,12,5rk1/1pp2ppp/p1np4/3Np3/2B1P3/P7/1PP3PP/R4bK1 w - - 0 16,a1f1,330,1,67,95,-306,43,85,EXACT,true,false,true,true,static,85,ordinary-nonchecking-capture,2
benchmark:kiwipete:3,kiwipete,12763,20,23,4k2r/p1pp4/B3p3/8/8/2NK4/P5rP/7R b k - 0 12,h8h2,100,1,661,668,518,43,683,LOWER,true,true,true,true,static,683,ordinary-nonchecking-capture,2
benchmark:kiwipete:3,kiwipete,14176,12,15,7r/p1p1kpb1/Bn2p3/3r4/4n3/8/PPP2PPP/R1K4R b - - 1 8,e4f2,100,1,602,628,459,43,644,LOWER,true,true,true,true,static,644,ordinary-nonchecking-capture,1
benchmark:kiwipete:3,kiwipete,21454,8,11,r3k2r/p1p1qp2/Bn2p1p1/3PN3/4n3/1K6/PPP2PPP/R6R b kq - 0 6,e6d5,100,1,955,1144,812,43,975,EXACT,true,false,true,true,static,975,ordinary-nonchecking-capture,1
benchmark:kiwipete:3,kiwipete,26184,12,15,r3k2b/p1p1q3/4p1p1/3P4/1p6/2P5/P1P2PPP/R4K1R b q - 0 8,e6d5,100,1,590,649,447,43,696,LOWER,true,true,true,true,static,696,ordinary-nonchecking-capture,1
benchmark:kiwipete:3,kiwipete,30990,0,3,r3k2r/p1ppqpb1/bn2Qn2/3PN1p1/1p2P3/2N5/PPPBBPPP/R3K2R b KQkq - 0 2,d7e6,975,1,590,32769,-428,43,663,EXACT,true,false,true,false,static,686,ordinary-nonchecking-capture,1
benchmark:kiwipete:3,kiwipete,38445,2,5,r3k2r/p1ppqp2/Bn2P1p1/4b3/1p2N3/5Q1p/PPPB1PPP/R3K2R b KQkq - 0 3,h3g2,100,1,-267,-256,-410,43,-208,LOWER,true,true,true,true,static,-208,ordinary-nonchecking-capture,1
benchmark:kiwipete:3,kiwipete,39253,12,15,r3k2r/p1pN1pb1/Bn4p1/8/8/2p2Q2/PPP2P1P/R3K3 b kq - 1 8,c3b2,100,1,-310,-256,-453,43,-256,LOWER,true,true,true,true,static,-256,ordinary-nonchecking-capture,1
benchmark:kiwipete:3,kiwipete,39466,12,15,r3k2r/p1pN1pb1/Bn4p1/8/8/2p1KQ2/PPP2P1P/7R b kq - 1 8,c3b2,100,1,-310,-256,-453,43,-232,LOWER,true,true,true,true,static,-232,ordinary-nonchecking-capture,1
benchmark:kiwipete:3,kiwipete,43179,10,13,r1k4N/p1pnq1b1/4p1p1/3P4/8/2pK1Q1p/PPP2PPP/R6R b - - 1 7,c3b2,100,1,-290,-273,-433,43,-268,LOWER,true,true,true,true,static,-268,ordinary-nonchecking-capture,1
benchmark:kiwipete:3,kiwipete,43273,15,18,r3kq1Q/p1pn4/4p1p1/3P4/8/8/PpP2PPP/R2K3R w - - 1 10,h8b2,100,1,273,282,130,43,322,LOWER,true,true,true,true,static,322,ordinary-nonchecking-capture,1
benchmark:kiwipete:3,kiwipete,45292,6,9,r6r/p1pp1kb1/B3p1p1/3P4/1p6/7p/PPPB1PPP/R3K2R b KQ - 0 5,h3g2,100,1,-210,8,-353,43,49,LOWER,true,true,true,true,static,49,ordinary-nonchecking-capture,1
benchmark:middlegame:3,middlegame,3515,3,6,r4rk1/1pp2ppp/p1np4/2b1p3/2B1P3/P1NP1q2/1PP2PPP/4RRK1 w - - 0 13,g2f3,975,1,-64,-1,-1082,43,-59,EXACT,true,false,true,true,static,-59,same-target-q-recapture,1
benchmark:middlegame:3,middlegame,15914,0,3,r4rk1/1pp1qppp/pbnp1B2/4p3/2B1P1b1/P1NP1N2/1PP1QPPP/4RRK1 b - - 0 11,e7f6,330,1,-17,-10,-390,43,-2,LOWER,true,true,true,true,static,-2,ordinary-nonchecking-capture,1
benchmark:middlegame:3,middlegame,22220,14,17,r5k1/2p2p1p/p1pp4/4B3/4P3/P1P5/2P2P1P/R5K1 b - - 0 18,d6e5,330,1,-13,-10,-386,43,0,LOWER,true,true,true,true,static,0,ordinary-nonchecking-capture,2
benchmark:middlegame:3,middlegame,30838,11,14,4rrk1/1Bp2ppp/3p4/3np3/4n3/P2P4/1PP1K1PP/R4R2 w - - 0 17,b7d5,320,1,50,51,-313,43,71,LOWER,true,true,true,true,static,71,same-target-q-recapture,1
benchmark:middlegame:3,middlegame,37091,12,15,B5k1/2p2pBp/p2p4/4p3/4P3/P2b4/1bP2PPP/R5K1 b - - 0 17,b2a1,500,1,-104,-65,-647,43,-51,LOWER,true,true,true,true,static,-51,ordinary-nonchecking-capture,1
corpus:tail-kiwipete-e1d1:full,tail-kiwipete-e1d1,1159,22,22,7r/p3k3/1n4p1/8/8/7p/P1PK1PPP/R7 b - - 0 12,h3g2,100,1,173,263,31,42,583,LOWER,true,true,true,true,static,583,ordinary-nonchecking-capture,1
corpus:tail-kiwipete-e1d1:full,tail-kiwipete-e1d1,20516,14,14,r4k1r/p1pp1Pb1/Bn4Q1/8/4n3/4K3/PqP2P1P/R6R b - - 1 8,b2c2,100,1,291,300,149,42,300,LOWER,true,true,true,true,static,300,ordinary-nonchecking-capture,1
benchmark:kiwipete:2,kiwipete,3236,13,15,r3k2r/p1pN1pb1/Bn4p1/8/8/2pK1Q2/PPP2P1P/7R b kq - 1 8,c3b2,100,1,-310,-283,-452,42,-264,LOWER,true,true,true,true,static,-264,ordinary-nonchecking-capture,1
benchmark:kiwipete:2,kiwipete,7275,14,16,r2k4/p1p2p2/1n2P1p1/8/4P3/8/PbPK1P1P/R6R w - - 0 9,e6f7,100,1,351,383,209,42,423,LOWER,true,true,true,true,static,423,ordinary-nonchecking-capture,6
benchmark:evasion:2,evasion,5880,13,15,r3k2N/Pppp2pp/6b1/nP6/1rPQn3/5R1K/6PP/8 b q - 1 8,b4c4,100,1,-39,59,-181,42,26,EXACT,true,false,true,true,static,26,ordinary-nonchecking-capture,2
benchmark:evasion:2,evasion,10546,8,10,r3k2r/1ppp1p1p/5pbN/nPb5/BB2P3/8/P2P2PP/Q6K w kq - 0 6,b4c5,330,1,219,248,-153,42,244,EXACT,true,false,true,true,static,244,ordinary-nonchecking-capture,4
benchmark:kiwipete:3,kiwipete,4052,13,16,r3k2q/p1p5/1n2p1p1/3P4/8/8/PPP1K1PP/7R w q - 0 9,d5e6,100,1,-796,-771,-938,42,-710,LOWER,true,true,true,true,static,-710,ordinary-nonchecking-capture,1
benchmark:kiwipete:3,kiwipete,18511,18,21,r7/p1pPk3/8/8/4n3/2P5/P1P1KPP1/r7 b - - 0 11,e7d7,100,1,672,683,530,42,1060,LOWER,true,true,true,true,static,1060,same-target-q-recapture,1
benchmark:kiwipete:3,kiwipete,23666,8,11,r3k2r/p1p1qp2/Bn2p1p1/3PN3/1P2n3/8/P1P2PPP/R4K1R b kq - 0 6,e6d5,100,1,917,919,775,42,937,LOWER,true,true,true,true,static,937,ordinary-nonchecking-capture,1
benchmark:kiwipete:3,kiwipete,39441,12,15,r3k2r/p1pN1pb1/Bn4p1/8/8/2pK1Q2/PPP2P1P/7R b kq - 1 8,c3b2,100,1,-310,-256,-452,42,-234,LOWER,true,true,true,true,static,-234,ordinary-nonchecking-capture,1
benchmark:kiwipete:3,kiwipete,43628,19,22,r7/p1pnk3/4P1p1/8/8/8/PQP1KP1P/r7 w - - 0 12,e6d7,320,1,274,290,-88,42,277,EXACT,true,false,true,true,static,277,ordinary-nonchecking-capture,1
benchmark:kiwipete:3,kiwipete,46700,11,14,r3k2B/p1ppqp2/Bn4p1/3p4/8/5Q2/PPPK1P1P/R6r w q - 0 8,f3h1,500,1,60,61,-482,42,153,LOWER,true,true,true,true,static,153,same-target-q-recapture,1
benchmark:kiwipete:3,kiwipete,51864,14,17,8/p1pkqpb1/4p1p1/3P4/4K3/7P/PPP2P1P/R6R b - - 0 9,g7b2,100,1,73,76,-69,42,79,LOWER,true,true,true,true,static,79,ordinary-nonchecking-capture,2
benchmark:kiwipete:3,kiwipete,61627,16,19,r1k4r/p1p5/1n4Q1/8/1B2P3/7P/P1P1KP1P/b7 b - - 0 10,h8h3,100,1,-104,-95,-246,42,-41,LOWER,true,true,true,true,static,-41,ordinary-nonchecking-capture,1
benchmark:evasion:3,evasion,7962,2,5,r3k2r/Pppp1ppp/1b3nbN/nPP5/Bq1NP3/8/P2P2PP/Q4RK1 b kq - 0 3,b6a7,100,1,529,543,387,42,638,LOWER,true,true,true,true,static,638,ordinary-nonchecking-capture,1
benchmark:evasion:3,evasion,18941,10,13,r3k2N/Pppp2pp/5nb1/nP6/3bP3/8/P2P2PP/5R1K b q - 1 7,a8a7,100,1,503,516,361,42,531,LOWER,true,true,true,true,static,531,ordinary-nonchecking-capture,4
benchmark:middlegame:3,middlegame,13330,10,13,r3r3/1pp1k1pp/p2p4/2b1n3/4P1Q1/P1NP4/1PP2RPP/4R2K b - - 0 16,e5g4,975,1,-17,-10,-1034,42,66,LOWER,true,true,true,true,static,66,ordinary-nonchecking-capture,1
benchmark:middlegame:3,middlegame,19122,0,3,5rk1/rpp1qppp/p1np1B2/2b1p3/2B1P1b1/P1NP1N2/1PP1QPPP/R3R1K1 b - - 0 11,e7f6,330,1,-11,-10,-383,42,15,LOWER,true,true,true,true,static,15,ordinary-nonchecking-capture,1
benchmark:middlegame:3,middlegame,19319,8,11,5rk1/rpp1Bppp/p1np4/2b1p3/2B5/P1Nn1Q2/1PP3PP/R3R2K b - - 1 15,d3e1,500,1,-11,-10,-553,42,12,LOWER,true,true,true,true,static,12,ordinary-nonchecking-capture,1
benchmark:middlegame:3,middlegame,20787,1,4,3r1rk1/1pp1qppp/p1np1n2/2b1p1B1/2B1P3/P1NP1b2/1PP1QPPP/R3R2K w - - 0 12,e2f3,330,1,10,11,-362,42,17,LOWER,true,true,true,true,static,17,same-target-q-recapture,1
benchmark:middlegame:3,middlegame,29204,9,12,1r3rk1/2p2ppp/p1np4/3Np1q1/4P3/P4R2/1PP1Q1PP/R5K1 w - - 0 16,e2a6,100,1,10,67,-132,42,67,LOWER,true,true,true,true,static,67,same-target-q-recapture,1
benchmark:middlegame:3,middlegame,29460,14,17,5k2/1rp2ppp/2np4/3Np3/4P3/P7/1PP3PP/R4K2 b - - 0 18,b7b2,100,1,-23,-10,-165,42,65,LOWER,true,true,true,true,static,65,ordinary-nonchecking-capture,4
benchmark:middlegame:3,middlegame,36829,16,19,B5k1/2p2p1p/p2p4/8/4P3/P7/1bP2P1P/R5K1 b - - 0 19,b2a1,500,1,-104,-23,-646,42,-10,LOWER,true,true,true,true,static,-10,ordinary-nonchecking-capture,1
benchmark:middlegame:3,middlegame,36850,16,19,B5k1/2p2p1p/p2p4/8/4P3/P7/1bP2P1P/R5K1 b - - 0 19,b2a1,500,1,-104,-27,-646,42,-10,LOWER,true,true,true,true,static,-10,ordinary-nonchecking-capture,1
benchmark:middlegame:3,middlegame,37823,13,16,r5k1/2p2ppp/3p4/n2Np1n1/8/P2P4/1PP3PP/R4K2 w - - 0 18,d5c7,100,1,10,56,-132,42,88,LOWER,true,true,true,true,static,88,ordinary-nonchecking-capture,2
benchmark:middlegame:3,middlegame,37995,13,16,r5k1/2p2ppp/3p4/n2Np1n1/8/P2P4/1PP3PP/R4K2 w - - 0 18,d5c7,100,1,10,76,-132,42,88,LOWER,true,true,true,true,static,88,ordinary-nonchecking-capture,1
benchmark:middlegame:3,middlegame,37999,13,16,r5k1/2p2ppp/3p4/n2Np1n1/8/P2P4/1PP3PP/R4K2 w - - 0 18,d5c7,100,1,10,74,-132,42,88,LOWER,true,true,true,true,static,88,ordinary-nonchecking-capture,1
benchmark:middlegame:3,middlegame,41562,15,18,5rk1/2Q2pp1/3p3p/3bp3/8/P7/1PP3qP/R3KR2 w - - 0 19,c7d6,100,1,83,111,-59,42,127,LOWER,true,true,true,true,static,127,ordinary-nonchecking-capture,1
corpus:tail-kiwipete-e1d1:full,tail-kiwipete-e1d1,982,22,22,7r/p3k3/1n4p1/8/8/7p/P1PK1PPP/R7 b - - 0 12,h3g2,100,1,172,261,31,41,583,LOWER,true,true,true,true,static,583,ordinary-nonchecking-capture,1
corpus:tail-kiwipete-e1d1:full,tail-kiwipete-e1d1,13466,16,16,7r/p1pk2b1/1n4p1/8/4n3/7p/PPP2PPP/R3K2R b - - 1 9,g7b2,100,1,282,291,141,41,307,LOWER,true,true,true,true,static,307,ordinary-nonchecking-capture,3
benchmark:kiwipete:2,kiwipete,6725,16,18,r1k2N2/p1p3b1/1n3nq1/8/8/8/PPPK1P1P/R6R w - - 1 10,f8g6,975,1,351,416,-665,41,435,LOWER,true,true,true,true,static,435,ordinary-nonchecking-capture,2
benchmark:middlegame:2,middlegame,1320,7,9,2r2Bk1/1pp2ppp/p1np4/2b1p3/2B1P3/P1NP4/1PP2PPP/5R1K b - - 0 14,c8f8,330,1,-8,-3,-379,41,0,LOWER,true,true,true,true,static,0,ordinary-nonchecking-capture,1
benchmark:middlegame:2,middlegame,2174,6,8,r4rk1/1pp2ppp/p1np4/4p1q1/2B1n3/P1NP1Q2/1PP3PP/1R2KR2 w - - 0 14,f3e4,320,1,-6,4,-367,41,66,LOWER,true,true,true,true,static,66,ordinary-nonchecking-capture,1
benchmark:middlegame:2,middlegame,5116,9,11,r4r2/1pp1q1pp/p1np2k1/4p1N1/6Q1/P1NP4/1PP3PP/R3R1K1 b - - 0 15,e7g5,320,1,-16,1,-377,41,-11,EXACT,true,false,true,true,static,-11,ordinary-nonchecking-capture,1
benchmark:kiwipete:3,kiwipete,1634,6,9,r3k2N/p1pp1pb1/4qn2/3n4/4P3/2p5/PPPBKPPP/R6R b q - 0 5,c3d2,330,1,792,797,421,41,850,LOWER,true,true,true,true,static,850,ordinary-nonchecking-capture,1
benchmark:kiwipete:3,kiwipete,9682,19,22,r3k2q/p1p5/1n2p1p1/3P4/4K3/8/P6P/R6R w q - 0 12,d5e6,100,1,-648,-616,-789,41,-494,LOWER,true,true,true,true,static,-494,ordinary-nonchecking-capture,2
benchmark:kiwipete:3,kiwipete,12947,5,8,1r2k2r/p1ppq1b1/Bn2p1p1/3PN3/4n3/2P5/P1PB1PPP/R3K2R w KQk - 0 5,e5g6,100,1,-668,-661,-809,41,-616,LOWER,true,true,true,true,static,-616,ordinary-nonchecking-capture,1
benchmark:kiwipete:3,kiwipete,14384,8,11,3rk2b/p1p1qp2/1n2pn2/3P4/4P3/2B5/PPP1KPPP/R6R b - - 0 6,e6d5,100,1,590,602,449,41,598,EXACT,true,false,true,true,static,598,ordinary-nonchecking-capture,1
benchmark:kiwipete:3,kiwipete,24822,6,9,r3k2r/p1p1q1b1/B3Pnp1/8/1p2P3/2n5/PPPB1PPP/R3K2R b KQkq - 0 5,e7e6,100,1,590,591,449,41,707,LOWER,true,true,true,true,static,707,same-target-q-recapture,1
benchmark:kiwipete:3,kiwipete,25164,14,17,r6r/p1p1kpb1/4p3/3b4/5K2/8/PPP2PPP/R6R b - - 1 9,d5g2,100,1,590,601,449,41,610,LOWER,true,true,true,true,static,610,ordinary-nonchecking-capture,2
benchmark:kiwipete:3,kiwipete,30807,6,9,r3k2r/p1p1q1b1/Bn2Pnp1/8/4P3/2N5/pPPB1PPP/R3K2R b KQkq - 0 5,e7e6,100,1,594,708,453,41,756,LOWER,true,true,true,true,static,756,same-target-q-recapture,1
benchmark:kiwipete:3,kiwipete,31639,12,15,r3k2b/p1p1q3/1n2Pn2/6B1/4P3/8/P1P1KPPP/R7 b q - 0 8,e7e6,100,1,590,657,449,41,835,LOWER,true,true,true,true,static,835,ordinary-nonchecking-capture,2
benchmark:kiwipete:3,kiwipete,32047,10,13,r3k2r/p1pn2b1/4Pq2/8/4P3/2p5/PPP1KPPP/R6R b kq - 0 7,f6e6,100,1,663,686,522,41,837,LOWER,true,true,true,true,static,837,ordinary-nonchecking-capture,4
benchmark:kiwipete:3,kiwipete,33150,11,14,3k3r/p1N1q1b1/4pn2/3P2p1/4P3/8/P1PBKPPP/b6R w - - 0 8,d2g5,100,1,-670,-663,-811,41,-662,LOWER,true,true,true,true,static,-662,ordinary-nonchecking-capture,1
benchmark:kiwipete:3,kiwipete,44574,9,12,r6r/p1ppkp2/Bn2p1p1/4Q3/8/8/PPPp1PpP/R2K3R w - - 0 7,d1d2,100,1,273,292,132,41,341,LOWER,true,true,true,true,static,341,ordinary-nonchecking-capture,2
benchmark:kiwipete:3,kiwipete,48377,14,17,r1k4r/p1p3b1/6Q1/8/1p2P3/7P/PqPK1P1P/R6R b - - 0 9,h8h3,100,1,-61,-56,-202,41,42,LOWER,true,true,true,true,static,42,same-target-q-recapture,1
benchmark:kiwipete:3,kiwipete,48406,14,17,r1k4r/p1p3b1/6Q1/8/1p2P3/7P/PqPK1P1P/R6R b - - 0 9,h8h3,100,1,-61,-46,-202,41,42,LOWER,true,true,true,true,static,42,ordinary-nonchecking-capture,1
benchmark:kiwipete:3,kiwipete,48439,10,13,r7/p2pkpb1/5np1/4q3/1p2P3/7Q/PPPK1PPP/R6R b - - 0 7,e5b2,100,1,-61,-54,-202,41,-34,LOWER,true,true,true,true,static,-34,ordinary-nonchecking-capture,1
benchmark:kiwipete:3,kiwipete,49180,16,19,7r/p1pp4/1n1k4/8/4n3/2P4p/P1P1KPPP/R6R b - - 0 10,h3g2,100,1,-50,-32,-191,41,253,LOWER,true,true,true,true,static,253,ordinary-nonchecking-capture,1
benchmark:evasion:3,evasion,6354,8,11,r3k2r/PpBp1p1p/5nbp/1P6/Q1P1P3/8/P2P2PP/b6K b kq - 0 6,f6e4,100,1,268,302,127,41,282,EXACT,true,false,true,true,static,282,ordinary-nonchecking-capture,1
benchmark:evasion:3,evasion,17778,13,16,4k2r/rpp3Rp/5n2/nPP5/B3b3/5N2/P5PP/6K1 w - - 0 9,g7c7,100,1,-433,-424,-574,41,-426,EXACT,true,false,true,true,static,-426,ordinary-nonchecking-capture,1
benchmark:middlegame:3,middlegame,13373,6,9,r3rk2/1pp3pp/p1np1q2/2b1N3/4P1Q1/P1NP4/1PP2PPP/4RRK1 b - - 0 14,f6e5,320,1,-17,-10,-378,41,5,LOWER,true,true,true,true,static,5,ordinary-nonchecking-capture,1
benchmark:middlegame:3,middlegame,14306,9,12,r4rk1/1pp1nppp/B2p4/4pb2/8/P2P1N2/1PP1R1PP/5RK1 w - - 0 16,a6b7,100,1,10,17,-131,41,45,LOWER,true,true,true,true,static,45,ordinary-nonchecking-capture,1
benchmark:middlegame:3,middlegame,17108,8,11,r4r2/1pp1q1pp/p1np2k1/4p1N1/6Q1/P1NP4/1PP3PP/R3R1K1 b - - 0 15,e7g5,320,1,-16,-10,-377,41,-11,EXACT,true,false,true,true,static,-11,ordinary-nonchecking-capture,1
benchmark:middlegame:3,middlegame,18105,0,3,r2q1rk1/1pp2ppp/p1np1B2/2b1p3/2B1P1b1/P1NP1N2/1PP1QPPP/R3R1K1 b - - 0 11,d8f6,330,1,-11,-10,-382,41,20,LOWER,true,true,true,true,static,20,ordinary-nonchecking-capture,1
benchmark:middlegame:3,middlegame,23908,13,16,r5k1/2p1qppp/p2p4/4p3/8/P1NQ1b2/1PP3PP/R4K2 w - - 0 18,g2f3,330,1,12,13,-359,41,90,LOWER,true,true,true,true,static,90,same-target-q-recapture,1
benchmark:middlegame:3,middlegame,32916,8,11,5rk1/1pp2ppp/Q1np4/3Np1qb/4P3/P4N2/1PP3PP/R4RK1 b - - 0 15,h5f3,320,-1,-111,-72,-472,41,-101,EXACT,true,false,true,true,static,-101,SEE-negative,1
corpus:tail-kiwipete-e1d1:full,tail-kiwipete-e1d1,13483,16,16,7r/p1pk2b1/1n4p1/8/4n3/4K2p/PPP2PPP/R6R b - - 1 9,g7b2,100,1,282,291,142,40,305,LOWER,true,true,true,true,static,305,ordinary-nonchecking-capture,3
corpus:tail-kiwipete-e1d1:full,tail-kiwipete-e1d1,13810,12,12,r2k3r/p1pp1Pb1/Bn4p1/8/4n3/7p/PPP2PPP/R3K2R b - - 1 7,g7b2,100,1,282,291,142,40,306,LOWER,true,true,true,true,static,306,ordinary-nonchecking-capture,1
corpus:tail-kiwipete-e1d1:full,tail-kiwipete-e1d1,18901,20,20,R6r/p1ppk1b1/1n6/8/4P3/8/P1PK1P1P/R7 b - - 0 11,h8a8,500,1,291,300,-249,40,295,EXACT,true,false,true,true,static,295,ordinary-nonchecking-capture,2
corpus:tail-kiwipete-e1d1:full,tail-kiwipete-e1d1,20445,11,11,r4k1r/p1pp1Pb1/Bn3nQ1/8/4P3/8/PqPp1P1P/R2K3R w - - 0 7,d1d2,100,1,-300,-291,-440,40,-235,LOWER,true,true,true,true,static,-235,ordinary-nonchecking-capture,1
corpus:tail-kiwipete-e1d1:lower,tail-kiwipete-e1d1,2075,11,11,r4k1r/p1pp1Pb1/Bn3nQ1/8/4P3/8/PqPp1P1P/R2K3R w - - 0 7,d1d2,100,1,-300,-299,-440,40,-235,LOWER,true,true,true,true,static,-235,ordinary-nonchecking-capture,1
corpus:tail-evasion-f1f2:full,tail-evasion-f1f2,435,8,8,r3k2r/Pppp1p1p/5nbp/nP6/2P1P3/B4N2/P2P1KPP/3B4 b kq - 0 5,a8a7,100,1,677,696,537,40,938,LOWER,true,true,true,true,static,938,ordinary-nonchecking-capture,1
benchmark:kiwipete:2,kiwipete,884,9,11,r6r/p1pp2b1/B2kp1N1/3P4/1p6/7p/PPPB1PPP/R3K2R b KQ - 0 6,g7b2,100,1,-694,-664,-834,40,-676,EXACT,true,false,true,false,static,-592,ordinary-nonchecking-capture,2
benchmark:kiwipete:2,kiwipete,2645,10,12,r3k2r/p1pN1p2/Bn4p1/8/1p6/2b2Q2/PPP1KP1P/R6r w kq - 0 7,a1h1,500,1,283,310,-257,40,314,LOWER,true,true,true,true,static,314,same-target-q-recapture,1
benchmark:kiwipete:2,kiwipete,3326,12,14,r3k2r/p1pN1p2/Bn4p1/8/1p6/2b2Q2/PPP1KP1P/R6r w kq - 0 8,a1h1,500,1,283,310,-257,40,314,LOWER,true,true,true,true,static,314,same-target-q-recapture,1
benchmark:evasion:2,evasion,1073,6,8,4k2r/rppp1ppp/6bN/nP6/BBP1n3/5N2/Rp1P2PP/3Q1K2 w k - 0 5,a2b2,100,1,380,406,240,40,401,EXACT,true,false,true,true,static,401,ordinary-nonchecking-capture,2
benchmark:evasion:2,evasion,7547,19,21,4k2r/1pR4p/5Rb1/1P6/2P1P3/8/r5PP/6K1 b - - 0 11,g6e4,100,1,-198,-193,-338,40,-61,LOWER,true,true,true,true,static,-61,ordinary-nonchecking-capture,2
benchmark:middlegame:2,middlegame,1616,6,8,r4rk1/1pp2ppp/p1np4/4p1q1/2B1n3/P1NP1Q2/1PP3PP/R3KR2 w - - 0 14,f3e4,320,1,-6,6,-366,40,67,LOWER,true,true,true,true,static,67,ordinary-nonchecking-capture,2
benchmark:kiwipete:3,kiwipete,14177,12,15,7r/p1p1kpb1/Bn2p3/3r4/4n3/8/PPP2PPP/R3K2R b - - 1 8,g7b2,100,1,602,628,462,40,623,EXACT,true,false,true,true,static,623,ordinary-nonchecking-capture,1
benchmark:kiwipete:3,kiwipete,17322,12,15,r3k2b/p1p5/4qnp1/8/4P3/2P5/P1PK1PPP/R6R b q - 0 8,e6e4,100,1,590,613,450,40,928,LOWER,true,true,true,true,static,928,ordinary-nonchecking-capture,1
benchmark:kiwipete:3,kiwipete,24329,6,9,r3kb1r/p1p1q3/1n2Pnp1/8/1p2P3/8/PPPBNPPP/R3K2R b KQkq - 0 5,e7e6,100,1,590,649,450,40,695,LOWER,true,true,true,true,static,695,ordinary-nonchecking-capture,1
benchmark:kiwipete:3,kiwipete,24351,11,14,r3kb1N/p1p1q3/1n2p1p1/3n4/8/8/PPP2PPP/R3K2R w q - 0 8,h8g6,100,1,-641,-632,-781,40,-518,LOWER,true,true,true,true,static,-518,ordinary-nonchecking-capture,1
benchmark:kiwipete:3,kiwipete,24449,11,14,r3kb1N/p1p1q3/1n2p1p1/8/4n3/8/PPP2PPP/R3K2R w q - 0 8,h8g6,100,1,-641,-630,-781,40,-518,LOWER,true,true,true,true,static,-518,ordinary-nonchecking-capture,1
benchmark:kiwipete:3,kiwipete,27089,10,13,r3k2r/p1p3b1/4q1p1/8/1p2P3/8/PPPKNPPP/R6R b kq - 0 7,e6e4,100,1,664,678,524,40,959,LOWER,true,true,true,true,static,959,ordinary-nonchecking-capture,3
benchmark:kiwipete:3,kiwipete,30932,8,11,r6r/p1p2kb1/Bn2qnp1/8/4P3/2N5/RPPB1PPP/4K2R b K - 0 6,f6e4,100,1,613,708,473,40,768,LOWER,true,true,true,true,static,768,ordinary-nonchecking-capture,1
benchmark:kiwipete:3,kiwipete,47979,16,19,5k2/3p1pb1/Np3np1/8/1p2Q3/8/PPP2PK1/R6r b - - 1 10,h1a1,500,1,-35,-32,-575,40,-26,LOWER,true,true,true,true,static,-26,ordinary-nonchecking-capture,1
benchmark:kiwipete:3,kiwipete,51965,14,17,2k5/p1pn1q2/1n2P1p1/8/4P3/2b4P/PPP2P1P/R4K1R b - - 0 9,f7e6,100,1,-6,76,-146,40,94,LOWER,true,true,true,true,static,94,same-target-q-recapture,1
benchmark:kiwipete:3,kiwipete,55865,10,13,r4k2/p1ppqPb1/Bn4p1/4N3/8/7P/NPPK1P1P/R6R b - - 0 7,e7e5,320,1,-24,-23,-384,40,161,LOWER,true,true,true,true,static,161,ordinary-nonchecking-capture,1
benchmark:evasion:3,evasion,942,3,6,r3k2r/Pppp1ppp/1b4b1/nP6/BqP1P1n1/5N2/P2P2PP/Q4R1K w kq - 0 4,a1g7,100,1,-601,-392,-741,40,-510,EXACT,true,false,true,true,static,-510,ordinary-nonchecking-capture,1
benchmark:evasion:3,evasion,1180,3,6,r3k2r/Pppp1ppp/1b4b1/nP6/BqP1P1n1/5N2/P2P2PP/Q4R1K w kq - 0 4,a1g7,100,1,-601,-510,-741,40,-510,LOWER,true,true,true,true,static,-510,ordinary-nonchecking-capture,3
benchmark:middlegame:3,middlegame,9920,0,3,5rk1/rpp1qppp/p1np1B2/2b1p3/2B1P1b1/P1NP1N2/1PP1QPPP/4RRK1 b - - 0 11,e7f6,330,1,-22,-10,-392,40,-4,LOWER,true,true,true,true,static,-4,ordinary-nonchecking-capture,1
benchmark:middlegame:3,middlegame,15451,12,15,r3k3/1pp3pp/p1np4/8/4P1N1/P1bP4/1PP2RPP/4R2K b - - 0 17,c3e1,500,1,-17,-10,-557,40,109,LOWER,true,true,true,true,static,109,ordinary-nonchecking-capture,1
benchmark:middlegame:3,middlegame,20415,10,13,2r2r2/1pp1q1pp/p1np2k1/4p1N1/6Q1/P1NP4/1PP3PP/R3R1K1 b - - 0 16,e7g5,320,1,-11,-10,-371,40,-4,LOWER,true,true,true,true,static,-4,ordinary-nonchecking-capture,1
benchmark:middlegame:3,middlegame,22164,0,3,r4rk1/1pp1qppp/p1Bp1n2/4p1B1/1b2P1b1/P1NP1N2/1PP1QPPP/R4RK1 b - - 0 11,b4c3,320,-1,-19,-10,-379,40,-13,EXACT,true,false,true,true,static,-13,SEE-negative,1
benchmark:middlegame:3,middlegame,38378,13,16,r5k1/2p2ppp/3p4/n2Np3/4N3/P2PK3/1PP3bP/R7 w - - 0 18,d5c7,100,1,50,60,-90,40,70,LOWER,true,true,true,true,static,70,ordinary-nonchecking-capture,1
benchmark:middlegame:3,middlegame,38479,9,12,r4rk1/npp2ppp/B2p4/3Np1n1/8/P2P4/1PP1K1PP/R4R2 w - - 0 16,a6b7,100,1,10,111,-130,40,123,LOWER,true,true,true,true,static,123,ordinary-nonchecking-capture,1
corpus:tail-kiwipete-e1d1:full,tail-kiwipete-e1d1,17474,10,10,r3k2b/p1pp4/1n2qnp1/8/4P3/7p/PPPKQPPP/R6R b q - 0 6,e6e4,100,1,286,291,147,39,339,LOWER,true,true,true,true,static,339,ordinary-nonchecking-capture,1
corpus:tail-kiwipete-f3h3:lower,tail-kiwipete-f3h3,73,10,10,r2k4/p1pPqpb1/1n3np1/4N3/4P3/7P/PPPK1P1P/R6R b - - 0 6,e7e5,320,1,589,590,230,39,672,LOWER,true,true,true,true,static,672,ordinary-nonchecking-capture,1
benchmark:kiwipete:2,kiwipete,5325,11,13,r7/p1ppB1b1/Bn4p1/8/4k3/7r/PPP2PPP/R3K2R b KQ - 0 7,g7b2,100,1,-151,-146,-290,39,-124,LOWER,true,true,true,true,static,-124,ordinary-nonchecking-capture,2
benchmark:kiwipete:2,kiwipete,7306,11,13,r2k4/p1p2p2/1n2pbp1/3P4/4P3/8/PPPBKP1P/R6R b - - 0 7,e6d5,100,1,-477,-462,-616,39,-459,LOWER,true,true,true,true,static,-459,ordinary-nonchecking-capture,2
benchmark:evasion:2,evasion,4550,5,7,r3k2r/Pppp1p1p/1b3Rbp/nP6/BBPPP3/8/P5PP/Q5K1 b kq - 0 4,a8a7,100,1,-626,-397,-765,39,-379,LOWER,true,true,true,true,static,-379,ordinary-nonchecking-capture,2
benchmark:middlegame:2,middlegame,6499,13,15,r5k1/2p2p1p/p1pp4/4B3/4P3/P1PP4/2P2PbP/R5K1 b - - 0 17,g2e4,100,-1,-13,0,-152,39,0,LOWER,true,true,true,true,static,0,SEE-negative,1
benchmark:kiwipete:3,kiwipete,4534,11,14,r3k3/p1p1q1b1/1n2p1N1/3P4/8/8/P1P1KPPP/r6R w q - 0 8,h1a1,500,1,-789,-771,-1328,39,-741,LOWER,true,true,true,true,static,-741,same-target-q-recapture,1
benchmark:kiwipete:3,kiwipete,27489,12,15,r1n1k2N/p1p2pB1/q7/8/8/8/PPP2nPP/R3K2R b KQq - 0 8,f2h1,500,1,598,603,59,39,633,LOWER,true,true,true,true,static,633,ordinary-nonchecking-capture,1
benchmark:kiwipete:3,kiwipete,43103,10,13,r1k4N/p1pnq1b1/4p1p1/3P4/8/2p2Q1p/PPP2PPP/R2K3R b - - 1 7,c3b2,100,1,-290,-273,-429,39,-272,LOWER,true,true,true,true,static,-272,ordinary-nonchecking-capture,1
benchmark:evasion:3,evasion,7134,2,5,r3k2r/Pppp1ppp/1b3nb1/nP3N2/BqPNP3/8/P2P2PP/Q4RK1 b kq - 0 3,a8a7,100,1,515,543,376,39,632,LOWER,true,true,true,true,static,632,ordinary-nonchecking-capture,1
benchmark:middlegame:3,middlegame,9268,0,3,r2q1rk1/1pp2ppp/p1np1B2/2b1p3/2B1P1b1/P1NP1N2/1PP1QPPP/4RRK1 b - - 0 11,d8f6,330,1,-22,-10,-391,39,1,LOWER,true,true,true,true,static,1,ordinary-nonchecking-capture,1
benchmark:middlegame:3,middlegame,11079,1,4,2r2rk1/1pp1qppp/p1np1n2/2bBp1B1/4P3/P1NP1b2/1PP1QPPP/4RRK1 w - - 0 12,e2f3,330,1,19,22,-350,39,33,LOWER,true,true,true,true,static,33,same-target-q-recapture,1
benchmark:middlegame:3,middlegame,18354,12,15,r2B1r1k/1pp2Bpp/p1np4/2b1p3/8/P1N2Q2/1PP3PP/4R2K b - - 0 17,a8d8,330,1,-11,-10,-380,39,3,LOWER,true,true,true,true,static,3,ordinary-nonchecking-capture,1
benchmark:middlegame:3,middlegame,18493,15,18,3r1r2/1pp2kpp/p1np4/2b5/6b1/P1N5/1PP1Q1PP/4RK2 w - - 0 19,e2g4,330,1,10,11,-359,39,122,LOWER,true,true,true,true,static,122,ordinary-nonchecking-capture,1
benchmark:middlegame:3,middlegame,19594,0,3,1r3rk1/1pp1qppp/p1np1B2/2b1p3/2B1P1b1/P1NP1N2/1PP1QPPP/R3R1K1 b - - 0 11,e7f6,330,1,-11,-10,-380,39,18,LOWER,true,true,true,true,static,18,ordinary-nonchecking-capture,1
benchmark:middlegame:3,middlegame,20214,1,4,2r2rk1/1pp1qppp/p1np1n2/2bBp1B1/4P3/P1NP1b2/1PP1QPPP/R3R1K1 w - - 0 12,e2f3,330,1,10,11,-359,39,22,LOWER,true,true,true,true,static,22,same-target-q-recapture,1
benchmark:middlegame:3,middlegame,22218,12,15,r5k1/2p2p1p/p1pp4/4B3/4P3/P1PP4/2P2PbP/R5K1 b - - 0 17,g2e4,100,-1,-13,-10,-152,39,0,LOWER,true,true,true,true,static,0,SEE-negative,2
benchmark:middlegame:3,middlegame,23907,13,16,r5k1/2p1qppp/p2p4/4p3/8/P1NQ1b2/1PP3PP/R4K2 w - - 0 18,d3f3,330,1,10,13,-359,39,12,EXACT,true,false,true,false,static,90,same-target-q-recapture,1
benchmark:middlegame:3,middlegame,25628,9,12,5rk1/1pp2ppp/p1np4/3Np3/2B1n3/P2P4/1PP3PP/R4K2 w - - 0 16,d3e4,320,1,10,23,-349,39,12,EXACT,true,false,true,true,static,12,ordinary-nonchecking-capture,1
benchmark:middlegame:3,middlegame,31344,13,16,r5k1/2p2ppp/2np4/3Np3/4N3/P2P4/1PP3bP/R3K3 w - - 0 18,d5c7,100,1,10,46,-129,39,30,EXACT,true,false,true,true,static,30,ordinary-nonchecking-capture,1
corpus:tail-kiwipete-e1d1:full,tail-kiwipete-e1d1,19165,10,10,r3k2r/p1ppqpb1/1n2P1p1/4N3/4Q3/8/PPPK1P1P/R6R b kq - 0 6,e7e6,100,1,291,300,153,38,303,LOWER,true,true,true,true,static,303,ordinary-nonchecking-capture,2
benchmark:kiwipete:2,kiwipete,3754,13,15,7r/p1pp2b1/Bn2k3/8/8/2n4P/PPP2P1P/R3K2R b KQ - 0 8,h8h3,100,1,-285,-283,-423,38,-233,LOWER,true,true,true,true,static,-233,same-target-q-recapture,1
benchmark:kiwipete:2,kiwipete,11153,18,20,r6r/p1B2pB1/1n4p1/8/4P1k1/8/PPP1KP1P/R6r w - - 0 11,a1h1,500,1,73,81,-465,38,138,LOWER,true,true,true,true,static,138,same-target-q-recapture,2
benchmark:evasion:2,evasion,6373,14,16,r3k2r/PpQp1ppp/6bN/1P6/1r2n3/5R2/6PP/3K4 w kq - 0 9,c7b7,100,1,-108,-66,-246,38,-79,EXACT,true,false,true,true,static,-79,ordinary-nonchecking-capture,2
benchmark:evasion:2,evasion,8143,3,5,r3k2r/Pppp1ppp/5nbN/nP6/BBP1P3/q4N2/P5PP/Q4RK1 b kq - 0 3,a3b4,330,1,171,410,-197,38,183,EXACT,true,false,true,true,static,183,ordinary-nonchecking-capture,1
benchmark:middlegame:2,middlegame,2172,0,2,r4rk1/1pp1qppp/p1np1n2/2b1p1B1/2B1P3/P1NP1b2/1PP1QPPP/1R3RK1 w - - 0 11,e2f3,330,1,-6,32769,-374,38,4,EXACT,true,false,true,true,static,4,ordinary-nonchecking-capture,1
benchmark:middlegame:2,middlegame,5594,6,8,r4rk1/1pp2ppp/p1np4/3Bp1q1/4n3/P1NP1Q2/1PP3PP/R3KR2 w - - 0 14,f3e4,320,1,-1,19,-359,38,75,LOWER,true,true,true,true,static,75,ordinary-nonchecking-capture,1
benchmark:kiwipete:3,kiwipete,4765,4,7,r3k2r/p1ppq1b1/Bn2p1p1/3PN3/1p6/2N5/PPPK1PPP/R6R b kq - 0 4,g7e5,320,1,842,843,484,38,873,LOWER,true,true,true,true,static,873,ordinary-nonchecking-capture,1
benchmark:kiwipete:3,kiwipete,9639,19,22,r3k2q/p1p5/1n2p1p1/3P4/8/3K4/P6P/R6R w q - 0 12,d5e6,100,1,-648,-616,-786,38,-491,LOWER,true,true,true,true,static,-491,ordinary-nonchecking-capture,2
benchmark:kiwipete:3,kiwipete,14652,10,13,3k3r/p1p3b1/1n2Pqp1/8/4P3/8/PPP1bPPP/R3K2R b KQ - 0 7,f6e6,100,1,590,649,452,38,806,LOWER,true,true,true,true,static,806,same-target-q-recapture,1
benchmark:kiwipete:3,kiwipete,15436,14,17,r3k3/p1p5/Bn4p1/8/4n3/2b5/PPP2rPP/R5KR b q - 1 9,c3b2,100,1,608,623,470,38,627,LOWER,true,true,true,true,static,627,ordinary-nonchecking-capture,1
benchmark:kiwipete:3,kiwipete,16250,14,17,r3k3/p1p5/Bn4p1/8/4n3/2b5/PPP2rPP/R5KR b q - 1 9,c3b2,100,1,608,629,470,38,627,EXACT,true,false,true,true,static,627,ordinary-nonchecking-capture,1
benchmark:kiwipete:3,kiwipete,20654,11,14,r3k2N/p1p1q3/1n2p1pb/3n4/8/8/PPP2PPP/R3K2R w q - 0 8,h8g6,100,1,-649,-638,-787,38,-524,LOWER,true,true,true,true,static,-524,ordinary-nonchecking-capture,1
benchmark:kiwipete:3,kiwipete,20745,11,14,r3k2N/p1p1q3/1n2p1pb/8/4n3/8/PPP2PPP/R3K2R w q - 0 8,h8g6,100,1,-649,-636,-787,38,-524,LOWER,true,true,true,true,static,-524,ordinary-nonchecking-capture,1
benchmark:kiwipete:3,kiwipete,33189,15,18,7r/p1k1q3/4pb2/3P4/4P3/8/P1P1KPPP/b6R w - - 0 10,d5e6,100,1,-670,-663,-808,38,-478,LOWER,true,true,true,true,static,-478,ordinary-nonchecking-capture,1
benchmark:kiwipete:3,kiwipete,39959,12,15,7r/p1pp2b1/Bn2k3/8/8/2n4P/PPP2P1P/R3K2R b KQ - 0 8,h8h3,100,1,-285,-272,-423,38,-233,LOWER,true,true,true,true,static,-233,same-target-q-recapture,1
benchmark:kiwipete:3,kiwipete,43624,17,20,r6Q/p1pnk3/4P1p1/8/8/8/PpP1KP1P/R6r w - - 1 11,h8b2,100,1,274,290,136,38,277,EXACT,true,false,true,true,static,277,ordinary-nonchecking-capture,1
benchmark:kiwipete:3,kiwipete,44230,7,10,N2k3r/p2pqp2/Bn2p1p1/3Pb3/1p6/5Q2/PPPK1PpP/R6R w - - 0 6,f3g2,100,1,273,280,135,38,305,LOWER,true,true,true,true,static,305,same-target-q-recapture,1
benchmark:middlegame:3,middlegame,5367,8,11,1r4k1/1pp2pBp/p1np4/2b1p3/2B1P3/P1NP4/1PP2PKP/R7 b - - 0 15,g8g7,330,1,-12,-10,-380,38,-2,LOWER,true,true,true,true,static,-2,ordinary-nonchecking-capture,1
benchmark:middlegame:3,middlegame,6773,11,14,r6k/1pp2ppp/p1nB4/3Np3/2b1P3/P7/1PP2KPP/2R5 w - - 0 17,d6c7,100,1,10,12,-128,38,30,LOWER,true,true,true,true,static,30,ordinary-nonchecking-capture,1
benchmark:middlegame:3,middlegame,8233,1,4,r4r1k/1pp1qppp/p1np1n2/2bNp1B1/2B1P3/P2P1b2/1PP1QPPP/4RRK1 w - - 0 12,e2f3,330,1,20,24,-348,38,22,EXACT,true,false,true,true,static,22,same-target-q-recapture,1
benchmark:middlegame:3,middlegame,11661,6,9,3rkr2/1pp3pp/p1np1q2/2b1N3/4P1Q1/P1NP4/1PP2PPP/4RRK1 b - - 0 14,f6e5,320,1,-22,-10,-380,38,47,LOWER,true,true,true,true,static,47,ordinary-nonchecking-capture,1
benchmark:middlegame:3,middlegame,11877,1,4,3r1rk1/1pp1qppp/p1np1n2/2bBp1B1/4P3/P1NP1b2/1PP1QPPP/4RRK1 w - - 0 12,e2f3,330,1,20,22,-348,38,35,LOWER,true,true,true,true,static,35,same-target-q-recapture,1
benchmark:middlegame:3,middlegame,12518,1,4,4rrk1/1pp1qppp/p1np1n2/2bBp1B1/4P3/P1NP1b2/1PP1QPPP/4RRK1 w - - 0 12,e2f3,330,1,10,14,-358,38,31,LOWER,true,true,true,true,static,31,same-target-q-recapture,1
benchmark:middlegame:3,middlegame,19817,8,11,1r3rk1/1pp1Bppp/p1np4/2b1p3/2B5/P1Nn1Q2/1PP3PP/R3R2K b - - 1 15,d3e1,500,1,-11,-10,-549,38,-5,LOWER,true,true,true,true,static,-5,ordinary-nonchecking-capture,1
benchmark:middlegame:3,middlegame,21149,8,11,4rr2/1pp2kpp/p1np4/4q3/4P1Q1/P1NP4/1PP2KPP/R3R3 b - - 0 15,e5h2,100,1,-11,-10,-149,38,27,LOWER,true,true,true,true,static,27,ordinary-nonchecking-capture,1
corpus:tail-kiwipete-e1d1:full,tail-kiwipete-e1d1,4368,5,5,r3k2r/p1ppqNb1/1n2pnp1/3P4/4P3/5Q1p/PPPpKPPP/R6R w kq - 0 4,f7h8,500,1,-263,-178,-800,37,-238,EXACT,true,false,true,true,static,-238,ordinary-nonchecking-capture,1
corpus:tail-kiwipete-e1d1:full,tail-kiwipete-e1d1,13473,16,16,7r/p1pk2b1/1n4p1/8/4n3/3K3p/PPP2PPP/R6R b - - 1 9,g7b2,100,1,282,291,145,37,311,LOWER,true,true,true,true,static,311,ordinary-nonchecking-capture,3
corpus:tail-kiwipete-e1d1:full,tail-kiwipete-e1d1,14423,12,12,r6r/p1ppk1b1/1n3Rp1/4N3/4P3/7p/PPPKbPPP/R6R b - - 0 7,e7f6,500,1,282,291,-255,37,341,LOWER,true,true,true,true,static,341,same-target-q-recapture,1
corpus:tail-kiwipete-e1d1:full,tail-kiwipete-e1d1,15817,11,11,r2k3b/p1pp1q2/Bn3n2/8/4P3/5Q2/PPPp1PpP/R2K3R w - - 0 7,d1d2,100,1,-291,-282,-428,37,-283,EXACT,true,false,true,false,static,-198,ordinary-nonchecking-capture,1
benchmark:kiwipete:2,kiwipete,3061,13,15,r3k2r/p1pN1pb1/Bn4p1/8/8/2p2Q2/PPP1KP1P/R7 b kq - 1 8,c3b2,100,1,-310,-283,-447,37,-256,LOWER,true,true,true,true,static,-256,ordinary-nonchecking-capture,1
benchmark:kiwipete:2,kiwipete,3380,13,15,r3k2r/p1pN1pb1/Bn4p1/8/8/2p2Q2/PPP1KP1P/R7 b kq - 0 8,c3b2,100,1,-310,-283,-447,37,-256,LOWER,true,true,true,true,static,-256,ordinary-nonchecking-capture,1
benchmark:kiwipete:2,kiwipete,10352,15,17,r7/p1p1kp2/1n3bp1/8/4P3/7p/PPPK1PPP/R6R b - - 0 9,f6b2,100,1,-98,-85,-235,37,-71,LOWER,true,true,true,true,static,-71,ordinary-nonchecking-capture,2
benchmark:kiwipete:2,kiwipete,10396,15,17,r6r/p1p1kpb1/1n4p1/8/4P3/8/PPPR1PKP/R6R b - - 0 9,g7b2,100,1,-98,-85,-235,37,-80,LOWER,true,true,true,true,static,-80,ordinary-nonchecking-capture,2
benchmark:middlegame:2,middlegame,7283,14,16,r5k1/1pp2p1p/p7/2p5/2n5/P2P4/1PP2P1P/R5K1 w - - 0 18,d3c4,320,1,-1,0,-358,37,0,LOWER,true,true,true,true,static,0,ordinary-nonchecking-capture,1
benchmark:kiwipete:3,kiwipete,9347,12,15,r3k2b/p1p5/1n2Pnp1/8/4P3/8/PPP2qPP/R1K4R b q - 1 8,f6e4,100,1,643,697,506,37,793,LOWER,true,true,true,true,static,793,ordinary-nonchecking-capture,2
benchmark:kiwipete:3,kiwipete,10935,6,9,r2qk2N/p1p2pb1/1n2pn2/3P4/4P3/2p5/PPPBKPPP/R6R b q - 0 5,c3d2,330,1,590,605,223,37,680,LOWER,true,true,true,true,static,680,ordinary-nonchecking-capture,2
benchmark:kiwipete:3,kiwipete,17173,0,3,r3k2r/p1ppqpb1/1n2Qnp1/3PN3/1pb1P3/2N5/PPPBBPPP/R3K2R b KQkq - 0 2,d7e6,975,1,590,32769,-422,37,673,EXACT,true,false,true,true,static,673,ordinary-nonchecking-capture,1
benchmark:kiwipete:3,kiwipete,23517,13,16,r3k2N/p1p1q3/4p1p1/3n4/1p6/8/PPP1N1PP/R1K4n w q - 0 9,h8g6,100,1,-919,-868,-1056,37,-790,LOWER,true,true,true,true,static,-790,ordinary-nonchecking-capture,1
benchmark:kiwipete:3,kiwipete,28344,21,24,r1B5/p1ppk3/4P3/8/4K3/2r5/5PP1/8 w - - 0 13,c8d7,100,1,-661,-641,-798,37,-174,LOWER,true,true,true,true,static,-174,ordinary-nonchecking-capture,2
benchmark:kiwipete:3,kiwipete,28496,21,24,r1B5/p1ppk3/4P3/8/4K3/2r5/5PP1/8 w - - 0 13,c8d7,100,1,-661,-659,-798,37,-174,LOWER,true,true,true,true,static,-174,ordinary-nonchecking-capture,2
benchmark:kiwipete:3,kiwipete,30809,8,11,r3k2r/p1p3b1/Bn2qnp1/8/4P3/2N5/RPPB1PPP/4K2R b Kkq - 0 6,f6e4,100,1,594,708,457,37,756,LOWER,true,true,true,true,static,756,ordinary-nonchecking-capture,1
benchmark:kiwipete:3,kiwipete,39261,12,15,r3k2r/p1pN1pb1/Bn4p1/8/8/2p2Q2/PPP1KP1P/R7 b kq - 1 8,c3b2,100,1,-310,-256,-447,37,-256,LOWER,true,true,true,true,static,-256,ordinary-nonchecking-capture,1
benchmark:kiwipete:3,kiwipete,39585,12,15,r3k2r/p1pN1pb1/Bn4p1/8/8/2p2Q2/PPP1KP1P/R7 b kq - 0 8,c3b2,100,1,-310,-256,-447,37,-256,LOWER,true,true,true,true,static,-256,ordinary-nonchecking-capture,1
benchmark:kiwipete:3,kiwipete,45107,6,9,r3k2r/p1ppPpb1/Bn2p1p1/4N3/8/5Q1p/PPPK1nPP/R6R b kq - 0 5,f2h1,500,1,-292,-273,-829,37,-32757,UPPER,false,false,false,false,mate,-359,mate,1
benchmark:middlegame:3,middlegame,9230,10,13,r4rk1/1pp3pp/p1np1R2/6B1/4P3/P1NP4/1PP1Q1PP/4b2K b - - 0 16,g7f6,500,1,-22,-10,-559,37,-4,LOWER,true,true,true,true,static,-4,same-target-q-recapture,1
benchmark:middlegame:3,middlegame,10339,0,3,1r3rk1/1pp1qppp/p1np1B2/2b1p3/2B1P1b1/P1NP1N2/1PP1QPPP/4RRK1 b - - 0 11,e7f6,330,1,-22,-10,-389,37,-1,LOWER,true,true,true,true,static,-1,ordinary-nonchecking-capture,1
benchmark:middlegame:3,middlegame,17313,1,4,r4r1k/1pp1qppp/p1np1n2/2bNp1B1/2B1P3/P2P1b2/1PP1QPPP/R3R1K1 w - - 0 12,e2f3,330,1,10,15,-357,37,11,EXACT,true,false,true,true,static,11,same-target-q-recapture,1
benchmark:middlegame:3,middlegame,29406,19,22,5k2/2p2ppp/2Bp4/3Np3/4P3/P4K2/7r/R7 w - - 0 21,d5c7,100,1,10,23,-127,37,43,LOWER,true,true,true,true,static,43,ordinary-nonchecking-capture,2
benchmark:middlegame:3,middlegame,33733,9,12,r4rk1/1pp3pp/p1nB4/4N3/4P1b1/P2P4/1PP2PPP/R4nK1 w - - 1 16,d6f8,500,1,74,111,-463,37,113,LOWER,true,true,true,true,static,113,ordinary-nonchecking-capture,1
benchmark:middlegame:3,middlegame,37093,14,17,B5k1/2p2pBp/p2p4/4p3/4P3/P2P4/5PPP/b5K1 b - - 0 18,g8g7,330,1,-104,-65,-471,37,-49,LOWER,true,true,true,true,static,-49,ordinary-nonchecking-capture,2
corpus:tail-kiwipete-e1d1:full,tail-kiwipete-e1d1,10854,13,13,r2k3r/p1pp1Qb1/1n2q3/4N3/8/2B5/PPP1KP1P/R6q w - - 1 8,a1h1,975,1,-282,-217,-1293,36,-274,EXACT,true,false,true,true,static,-274,ordinary-nonchecking-capture,1
corpus:tail-kiwipete-e1d1:full,tail-kiwipete-e1d1,11564,20,20,r7/p1pk2b1/1n4N1/8/8/8/PPP2n1P/R1K4R b - - 1 11,f2h1,500,1,282,291,-254,36,304,LOWER,true,true,true,true,static,304,ordinary-nonchecking-capture,3
corpus:tail-kiwipete-e1d1:full,tail-kiwipete-e1d1,13853,12,12,r2k3r/p1pp1Pb1/Bn4p1/8/4n3/4K2p/PPP2PPP/R6R b - - 1 7,g7b2,100,1,282,291,146,36,292,LOWER,true,true,true,true,static,292,ordinary-nonchecking-capture,1
corpus:tail-kiwipete-e1d1:full,tail-kiwipete-e1d1,20897,7,7,r3k2r/p1ppqNb1/1n2pnp1/3P4/4P3/8/PPPpKPQP/R6R w kq - 0 5,f7h8,500,1,-300,-291,-836,36,-290,LOWER,true,true,true,true,static,-290,ordinary-nonchecking-capture,1
corpus:tail-kiwipete-e1d1:lower,tail-kiwipete-e1d1,2527,7,7,r3k2r/p1ppqNb1/1n2pnp1/3P4/4P3/8/PPPpKPQP/R6R w kq - 0 5,f7h8,500,1,-300,-299,-836,36,-290,LOWER,true,true,true,true,static,-290,ordinary-nonchecking-capture,1
corpus:tail-kiwipete-f3h3:full,tail-kiwipete-f3h3,382,8,8,r2k4/p1p1qpb1/1n2pNp1/3P4/4P3/2p4P/PPPBKP1P/R6R b - - 0 5,c3d2,330,1,458,475,92,36,596,LOWER,true,true,true,true,static,596,ordinary-nonchecking-capture,3
benchmark:kiwipete:2,kiwipete,3820,13,15,7r/p1pk2b1/Bn6/8/8/2p4P/PPPn1P1P/R3K2R b KQ - 0 8,h8h3,100,1,-310,-294,-446,36,-282,LOWER,true,true,true,true,static,-282,same-target-q-recapture,2
benchmark:kiwipete:2,kiwipete,7899,9,11,r6r/p1p2pb1/1n3kp1/8/1B2P3/7p/PPP1NPPP/R3K2R b KQ - 0 6,h3g2,100,1,-149,-145,-285,36,161,LOWER,true,true,true,true,static,161,ordinary-nonchecking-capture,2
benchmark:kiwipete:2,kiwipete,8016,9,11,r6r/p1p2pb1/1n3kp1/8/1B2P3/7p/PPP1NPPP/R3K2R b KQ - 0 6,h3g2,100,1,-149,-144,-285,36,161,LOWER,true,true,true,true,static,161,ordinary-nonchecking-capture,2
benchmark:evasion:2,evasion,5944,13,15,r3k2N/Pppp2pp/6b1/nP6/1rPQn2K/5R2/6PP/8 b q - 1 8,b4c4,100,1,-39,26,-175,36,33,LOWER,true,true,true,true,static,33,ordinary-nonchecking-capture,2
benchmark:evasion:2,evasion,6861,18,20,r3k3/Pppp4/5pp1/RP6/2PQP3/8/7q/4K3 w q - 0 11,d4f6,100,1,241,242,105,36,383,LOWER,true,true,true,true,static,383,ordinary-nonchecking-capture,2
benchmark:middlegame:2,middlegame,266,9,11,r7/1pp1B1pp/p1npk3/8/4P1n1/P1NP4/1PP2RPP/R5K1 b - - 0 15,g4f2,500,1,-320,-287,-856,36,-284,LOWER,true,true,true,true,static,-284,same-target-q-recapture,2
benchmark:middlegame:2,middlegame,432,13,15,r3k3/1pB3pp/p1n5/8/4P3/P1Nn4/1PP3PP/R5K1 b - - 0 17,d3b2,100,1,-295,-289,-431,36,-286,LOWER,true,true,true,true,static,-286,ordinary-nonchecking-capture,2
benchmark:middlegame:2,middlegame,2928,1,3,4rrk1/1pp1qppp/p1np1B2/2b1p3/2B1P1b1/P1NP1N2/1PP1QPPP/2R2RK1 b - - 0 11,e7f6,330,1,3,6,-363,36,20,LOWER,true,true,true,true,static,20,same-target-q-recapture,1
benchmark:middlegame:2,middlegame,3300,11,13,r7/1pp1q1pp/p1np2k1/4p1N1/6Q1/P1NP4/1PP3PP/3R1K2 b - - 0 16,e7g5,320,1,-11,6,-367,36,-10,EXACT,true,false,true,true,static,-10,ordinary-nonchecking-capture,1
benchmark:middlegame:2,middlegame,3373,11,13,r7/1pp1q1pp/p1np2k1/4p1N1/6Q1/P1NP4/1PP3PP/3R1K2 b - - 0 16,e7g5,320,1,-11,-10,-367,36,-10,LOWER,true,true,true,true,static,-10,ordinary-nonchecking-capture,3
benchmark:kiwipete:3,kiwipete,6217,16,19,r3k3/p1pp4/1n6/3P4/8/8/P1q2PPP/R4K2 b q - 1 10,b6d5,100,1,801,816,665,36,920,LOWER,true,true,true,true,static,920,ordinary-nonchecking-capture,1
benchmark:kiwipete:3,kiwipete,21234,8,11,r3k2r/p1p1qp2/Bn2p1p1/3PN3/4n3/1K6/PPP2PPP/R6R b kq - 1 6,e6d5,100,1,948,955,812,36,975,LOWER,true,true,true,true,static,975,ordinary-nonchecking-capture,1
benchmark:kiwipete:3,kiwipete,26229,12,15,r3k2b/p1p1q3/4p1p1/3P4/1p6/2P2K2/P1P2PPP/R6R b q - 0 8,e6d5,100,1,590,649,454,36,762,LOWER,true,true,true,true,static,762,ordinary-nonchecking-capture,1
benchmark:kiwipete:3,kiwipete,28965,20,23,4k3/N1pp4/4P3/8/8/3K4/nbP2PP1/r7 b - - 0 12,d7e6,100,1,656,661,520,36,756,LOWER,true,true,true,true,static,756,same-target-q-recapture,1
benchmark:kiwipete:3,kiwipete,29899,0,3,r3k2r/p1ppqpb1/bn2Qnp1/3PN3/4P3/1pN5/PPPBBPPP/R3K2R b KQkq - 0 2,d7e6,975,1,590,32769,-421,36,708,EXACT,true,false,true,true,static,708,ordinary-nonchecking-capture,1
benchmark:kiwipete:3,kiwipete,34219,16,19,r3k2r/p2p4/B3p3/3p4/8/2b5/PPP1K1PP/7R b kq - 0 10,c3b2,100,1,625,663,489,36,648,EXACT,true,false,true,true,static,648,ordinary-nonchecking-capture,1
benchmark:kiwipete:3,kiwipete,42667,14,17,r7/p1pP4/Bn4kr/8/1p6/2n4P/P1P2P1P/R3K2R b KQ - 0 9,h6h3,100,1,-284,-273,-420,36,-223,LOWER,true,true,true,true,static,-223,same-target-q-recapture,1
benchmark:kiwipete:3,kiwipete,43094,15,18,r1k2n1Q/p1p1q3/4p1p1/3P4/8/8/PpP2PPP/R2K3R w - - 1 10,h8b2,100,1,273,284,137,36,388,LOWER,true,true,true,true,static,388,ordinary-nonchecking-capture,1
benchmark:kiwipete:3,kiwipete,43294,15,18,r3kq1Q/p1pn4/4p1p1/3P4/8/8/PpP2PPP/R3K2R w - - 1 10,h8b2,100,1,273,290,137,36,379,LOWER,true,true,true,true,static,379,ordinary-nonchecking-capture,1
benchmark:kiwipete:3,kiwipete,47085,0,3,r3k2r/p1ppqpb1/Bn3nN1/3p4/1p2P3/2N2Q1p/PPPB1PPP/R3K2R b KQkq - 0 2,f7g6,320,1,-61,-32,-417,36,-31,LOWER,true,true,true,true,static,-31,ordinary-nonchecking-capture,1
benchmark:kiwipete:3,kiwipete,65561,12,15,r6r/p2pkpb1/b3Nn2/8/4P3/8/PPPK1P1P/R2B3Q b - - 0 8,f7e6,320,1,-38,-32,-394,36,-15,LOWER,true,true,true,true,static,-15,ordinary-nonchecking-capture,1
benchmark:evasion:3,evasion,763,14,17,r6r/Pp1Q3p/1p6/nP5k/2P1P3/8/q2P2PP/7K b - - 0 9,a2c4,100,1,548,553,412,36,575,LOWER,true,true,true,true,static,575,ordinary-nonchecking-capture,1
benchmark:evasion:3,evasion,16359,8,11,4k3/rppp2pp/5nN1/nPb5/q2PP3/5N2/P5PP/Q4RK1 b - d3 0 6,a4b5,100,1,249,393,113,36,256,EXACT,true,false,true,true,static,256,ordinary-nonchecking-capture,1
benchmark:evasion:3,evasion,16474,8,11,4k3/rppp2pp/5nN1/nPb5/q2PP3/5N2/P5PP/Q4RK1 b - - 0 6,a4b5,100,1,249,411,113,36,256,EXACT,true,false,true,true,static,256,ordinary-nonchecking-capture,1
benchmark:middlegame:3,middlegame,4527,1,4,r4r1k/1pp1qppp/p1np1n2/2b1p1B1/2B1P3/P1NP1b2/1PP1QPPP/4RR1K w - - 0 12,e2f3,330,1,10,12,-356,36,13,LOWER,true,true,true,true,static,13,same-target-q-recapture,1
benchmark:middlegame:3,middlegame,6595,9,12,r7/1pp2pkp/p1np4/2bBp3/4P3/P1NP4/1PP2PbP/2R3K1 w - - 0 16,g1g2,330,1,10,11,-356,36,23,LOWER,true,true,true,true,static,23,ordinary-nonchecking-capture,1
benchmark:middlegame:3,middlegame,7883,1,4,r4r1k/1pp1qppp/p1np1n2/2b1p1B1/2B1P3/P1NP1b2/1PP1QPPP/4RR1K w - - 0 12,e2f3,330,1,10,16,-356,36,13,EXACT,true,false,true,true,static,13,same-target-q-recapture,1
corpus:tail-kiwipete-e1d1:full,tail-kiwipete-e1d1,7967,18,18,r4k1r/p2P4/1n4p1/8/8/7p/P1PK1PPP/R7 b - - 0 10,b6d7,100,1,186,261,51,35,563,LOWER,true,true,true,true,static,563,ordinary-nonchecking-capture,1
corpus:tail-kiwipete-e1d1:full,tail-kiwipete-e1d1,8144,18,18,r4k1r/p2P4/1n4p1/8/8/7p/P1PK1PPP/R7 b - - 0 10,b6d7,100,1,186,266,51,35,563,LOWER,true,true,true,true,static,563,ordinary-nonchecking-capture,1
corpus:tail-kiwipete-e1d1:full,tail-kiwipete-e1d1,14535,5,5,r2k3r/p1ppqPb1/bn3np1/4N3/4P3/5Q1p/PPPpBPPP/R2K3R w - - 1 4,e5g6,100,1,-291,-282,-426,35,-281,LOWER,true,true,true,true,static,-281,ordinary-nonchecking-capture,1
corpus:tail-kiwipete-e1d1:full,tail-kiwipete-e1d1,15107,8,8,r2k3r/p1pp1Pb1/bn3nN1/8/4Q3/7p/PPPpBPPP/R2K3R b - - 0 5,f6e4,975,1,282,291,-728,35,283,EXACT,true,false,true,true,static,283,same-target-q-recapture,1
corpus:tail-kiwipete-e1d1:full,tail-kiwipete-e1d1,20535,12,12,r4k1r/p1pp1Pb1/Bn3n2/8/4Q3/8/PPPp1P1P/R2K3R b - - 0 7,f6e4,975,1,291,300,-719,35,417,LOWER,true,true,true,true,static,417,same-target-q-recapture,1
corpus:tail-kiwipete-f3h3:lower,tail-kiwipete-f3h3,14,6,6,r3k3/p1ppqpb1/1n2pnp1/3PN3/4P3/2B4P/PPP1KP1P/R6R b q - 0 4,f6e4,100,1,589,590,454,35,612,LOWER,true,true,true,true,static,612,ordinary-nonchecking-capture,1
corpus:tail-evasion-:lower,tail-evasion-,140,13,13,r3k2N/Pppp2pp/5nb1/nP6/3bP3/5N2/P5PP/5R1K b q - 1 7,d4a7,100,1,391,392,256,35,510,LOWER,true,true,true,true,static,510,ordinary-nonchecking-capture,1
corpus:tail-middlegame-d3d4:lower,tail-middlegame-d3d4,116,12,12,r4k2/1pp3pp/p2p4/2b1N3/3nP3/P1N5/1PP2PPP/5RK1 b - - 0 16,d6e5,320,1,132,133,-223,35,133,LOWER,true,true,true,true,static,133,ordinary-nonchecking-capture,1
benchmark:kiwipete:2,kiwipete,860,13,15,r6r/p1p5/B2kP1p1/4b3/8/7p/PPP2PPP/R3K2R b KQ - 0 8,d6e6,100,1,-473,-471,-608,35,-268,LOWER,true,true,true,true,static,-268,same-target-q-recapture,4
benchmark:evasion:2,evasion,3786,5,7,r3k2r/Pppp1p1p/5nbp/bP6/B1PPP3/5N2/1R4PP/3Q1RK1 b kq - 0 4,a8a7,100,1,-1118,-880,-1253,35,-835,LOWER,true,true,true,true,static,-835,ordinary-nonchecking-capture,2
benchmark:middlegame:2,middlegame,274,11,13,r7/1pp3pp/p1nBk3/8/4P3/P1NP4/1PP2nPP/R5K1 b - - 0 16,f2d3,100,-1,-300,-287,-435,35,-284,LOWER,true,true,true,true,static,-284,SEE-negative,2
benchmark:middlegame:2,middlegame,2697,11,13,r7/1pp1q1pp/p1np2k1/4p1N1/6Q1/P1NP4/1PP3PP/2R2K2 b - - 0 16,e7g5,320,1,-12,6,-367,35,-10,EXACT,true,false,true,true,static,-10,ordinary-nonchecking-capture,1
benchmark:middlegame:2,middlegame,3545,1,3,4rrk1/1pp1qppp/p1np1B2/2b1p3/2B1P1b1/P1NP1N2/1PP1QPPP/3R1RK1 b - - 0 11,e7f6,330,1,4,6,-361,35,22,LOWER,true,true,true,true,static,22,same-target-q-recapture,1
benchmark:kiwipete:3,kiwipete,6573,4,7,r3k2r/p1p1qp2/Bn2p1p1/3Nb3/1p2P3/8/PPPB1PPP/R3K2R b KQkq - 0 4,e6d5,320,1,854,855,499,35,863,LOWER,true,true,true,true,static,863,same-target-q-recapture,1
benchmark:kiwipete:3,kiwipete,6716,5,8,r3k2r/p1p1qp2/5bp1/3p4/1p2P3/2N5/PPPBbPPP/R3K2R w KQkq - 0 5,c3d5,100,1,-783,-720,-918,35,-775,EXACT,true,false,true,true,static,-775,ordinary-nonchecking-capture,1
benchmark:kiwipete:3,kiwipete,9927,12,15,r3k2b/p1p5/1n2Pnp1/8/4P3/5K2/PPq2PPP/R6R b q - 1 8,c2b2,100,1,616,692,481,35,665,EXACT,true,false,true,false,static,882,ordinary-nonchecking-capture,2
benchmark:kiwipete:3,kiwipete,12783,20,23,4k2r/p1pp4/B3p3/8/8/2N5/P5rP/3K3R b k - 0 12,h8h2,100,1,661,668,526,35,698,LOWER,true,true,true,true,static,698,ordinary-nonchecking-capture,1
benchmark:kiwipete:3,kiwipete,16562,5,8,r3kr2/p1ppq1b1/Bn2p1p1/3PN3/4n3/2P5/P1PB1PPP/R3K2R w KQq - 0 5,e5g6,100,1,-663,-629,-798,35,-605,LOWER,true,true,true,true,static,-605,ordinary-nonchecking-capture,1
benchmark:kiwipete:3,kiwipete,20990,12,15,r3k2N/p1p2p2/1n3n2/8/4q3/2p5/PPP2PPP/R2K3R b q - 1 8,c3b2,100,1,671,677,536,35,793,LOWER,true,true,true,true,static,793,ordinary-nonchecking-capture,1
benchmark:kiwipete:3,kiwipete,22831,11,14,r3k3/p1p1q3/1n2pnN1/3P4/4P3/4K3/P1P1bPPP/q6R w q - 0 8,h1a1,975,1,-919,-882,-1929,35,-871,LOWER,true,true,true,true,static,-871,same-target-q-recapture,1
benchmark:kiwipete:3,kiwipete,27014,10,13,r3k2r/p1pnq3/4P1p1/8/1p2P3/2P5/P1P1KPPP/R6R b kq - 0 7,e7e6,100,1,664,678,529,35,704,LOWER,true,true,true,true,static,704,ordinary-nonchecking-capture,4
benchmark:kiwipete:3,kiwipete,29087,7,10,2r1k2r/p1ppq1b1/4p1p1/3PN3/4n3/2P5/P1PB1PPP/R3K2R w KQk - 0 6,e5g6,100,1,-661,-641,-796,35,-615,LOWER,true,true,true,true,static,-615,ordinary-nonchecking-capture,1
benchmark:kiwipete:3,kiwipete,32507,7,10,r6r/p1p1q1b1/1n2kn2/6p1/1p2P3/8/PPPBNPPP/R3K2R w KQ - 0 6,d2g5,100,1,-686,-663,-821,35,-536,LOWER,true,true,true,true,static,-536,ordinary-nonchecking-capture,1
benchmark:kiwipete:3,kiwipete,32963,11,14,7r/p1N1qkb1/4pn2/3P2p1/4P3/8/P1PBKPPP/b6R w - - 0 8,c7e6,100,1,-686,-663,-821,35,-655,LOWER,true,true,true,true,static,-655,ordinary-nonchecking-capture,1
benchmark:kiwipete:3,kiwipete,44799,16,19,7r/p1ppk1b1/Bn2p1p1/8/8/8/PPPK3P/R6Q b - - 0 10,g7b2,100,1,-292,-273,-427,35,-259,LOWER,true,true,true,true,static,-259,ordinary-nonchecking-capture,3
benchmark:kiwipete:3,kiwipete,55905,2,5,r3k3/p1ppqpb1/Bn2pnp1/3PN3/4P3/1pN4P/PPPB1P1P/R3K2R b KQq - 0 3,b3c2,100,1,67,504,-68,35,325,EXACT,true,false,true,true,static,325,ordinary-nonchecking-capture,1
benchmark:kiwipete:3,kiwipete,56881,8,11,r6r/p1p1qpQ1/Bn1kp1p1/3P4/8/7p/PPPK1PPP/R6R b - - 0 6,h3g2,100,1,-39,-32,-174,35,87,LOWER,true,true,true,true,static,87,ordinary-nonchecking-capture,1
benchmark:middlegame:3,middlegame,5612,1,4,2r2rk1/1pp1qppp/p1np1n2/2b1p1B1/2B1P3/P1NP1b2/1PP1QPPP/4RR1K w - - 0 12,e2f3,330,1,10,12,-355,35,26,LOWER,true,true,true,true,static,26,same-target-q-recapture,1
benchmark:middlegame:3,middlegame,6284,10,13,r7/1pp1q1pp/p1np2k1/4p1N1/6Q1/P1NP4/1PP3PP/2R2K2 b - - 0 16,e7g5,320,1,-12,-10,-367,35,-10,LOWER,true,true,true,true,static,-10,ordinary-nonchecking-capture,1
benchmark:middlegame:3,middlegame,10995,1,4,2r2rk1/1pp1qppp/p1np1n2/2b1p1B1/2B1P3/P1NP1b2/1PP1QPPP/4RR1K w - - 0 12,e2f3,330,1,10,19,-355,35,26,LOWER,true,true,true,true,static,26,same-target-q-recapture,1
benchmark:middlegame:3,middlegame,18210,1,4,r2q1rk1/1pp2ppp/p1np1n2/2b1p1B1/2B1P3/P1NP1b2/1PP1QPPP/R3R2K w - - 0 12,e2f3,330,1,10,11,-355,35,24,LOWER,true,true,true,true,static,24,same-target-q-recapture,1
benchmark:middlegame:3,middlegame,19146,6,9,4kr2/rpp3pp/p1np1q2/2b1N3/4P1Q1/P1NP4/1PP2PPP/R3R1K1 b - - 0 14,f6e5,320,1,-11,-10,-366,35,49,LOWER,true,true,true,true,static,49,ordinary-nonchecking-capture,1
benchmark:middlegame:3,middlegame,19697,1,4,1r3rk1/1pp1qppp/p1np1n2/2b1p1B1/2B1P3/P1NP1b2/1PP1QPPP/R3R2K w - - 0 12,e2f3,330,1,10,11,-355,35,24,LOWER,true,true,true,true,static,24,same-target-q-recapture,1
benchmark:middlegame:3,middlegame,36144,18,21,6k1/2p2pBp/p7/8/8/P7/2P2PBP/b5K1 b - - 0 20,g8g7,330,1,-111,-10,-476,35,-38,EXACT,true,false,true,false,static,0,ordinary-nonchecking-capture,2
benchmark:middlegame:3,middlegame,37586,14,17,B4k2/2p2ppp/p7/4p3/4P3/P2P4/1b3PPP/R5K1 b - - 0 18,b2a1,500,1,-111,-65,-646,35,-12,LOWER,true,true,true,true,static,-12,ordinary-nonchecking-capture,2
corpus:tail-kiwipete-e1d1:full,tail-kiwipete-e1d1,17883,13,13,r3k3/p1ppq3/1n2p1p1/3P4/4n3/5Q2/PKP2PpP/R6R w q - 0 8,f3g2,100,1,-291,-278,-425,34,-254,LOWER,true,true,true,true,static,-254,same-target-q-recapture,1
corpus:tail-evasion-:upper,tail-evasion-,147,13,13,r3k2N/Pppp2pp/5nb1/nP6/3bP3/5N2/P5PP/5R1K b q - 1 7,d4a7,100,1,390,391,256,34,510,LOWER,true,true,true,true,static,510,ordinary-nonchecking-capture,2
corpus:tail-middlegame-d3d4:full,tail-middlegame-d3d4,690,12,12,r4k2/1pp3pp/p2p4/2b1N3/3nP3/P1N5/1PP2PPP/5RK1 b - - 0 16,d6e5,320,1,131,133,-223,34,133,LOWER,true,true,true,true,static,133,ordinary-nonchecking-capture,1
benchmark:kiwipete:2,kiwipete,1323,1,3,r3k2r/p1ppqpb1/B3pnp1/3NN3/1p2P3/5Q1p/PPPB1PPP/R3K2R b KQkq - 0 2,e6d5,320,1,-340,-278,-694,34,-310,EXACT,true,false,true,true,static,-310,same-target-q-recapture,1
benchmark:kiwipete:2,kiwipete,5819,16,18,r2k1N2/p1p3b1/1n3nq1/8/8/8/PPPK1P1P/R6R w - - 1 10,f8g6,975,1,355,416,-654,34,445,LOWER,true,true,true,true,static,445,ordinary-nonchecking-capture,2
benchmark:kiwipete:2,kiwipete,9431,13,15,r6N/p1pp4/b3p3/3k4/1B6/7p/PbP2PPP/R2BK2R b KQ - 0 8,b2a1,500,1,-351,-313,-885,34,-253,LOWER,true,true,true,true,static,-253,ordinary-nonchecking-capture,2
benchmark:evasion:2,evasion,9,5,7,r3k2r/Pppp1p1p/5nbp/bP6/B1P1P3/5N2/1R1P2PP/3Q1R1K b kq - 0 4,a8a7,100,1,-1072,-831,-1206,34,-788,LOWER,true,true,true,true,static,-788,ordinary-nonchecking-capture,2
benchmark:middlegame:2,middlegame,4126,1,3,4rrk1/1pp1qppp/p1np1B2/2b1p3/2B1P1b1/P1NP1N2/1PP1QPPP/4RRK1 b - - 0 11,e7f6,330,1,-7,0,-371,34,22,LOWER,true,true,true,true,static,22,same-target-q-recapture,1
benchmark:middlegame:2,middlegame,4919,0,2,r4rk1/1pp1qppp/p1np1n2/2b1p1B1/2B1P3/P1NP1b2/1PP1QPPP/R3R1K1 w - - 0 11,e2f3,330,1,-1,32769,-365,34,16,EXACT,true,false,true,true,static,16,ordinary-nonchecking-capture,1
benchmark:middlegame:2,middlegame,5850,11,13,R7/1pp1q1pp/p1np2k1/4p1N1/8/P1NP4/1PP1b1PP/R5K1 b - - 0 16,e2d3,100,-1,-19,-4,-153,34,5,LOWER,true,true,true,true,static,5,SEE-negative,1
benchmark:kiwipete:3,kiwipete,1124,9,12,r7/p1pp1kb1/5n2/8/1p2q3/2P5/P1PBbPPP/R3K2R w KQ - 0 7,c3b4,100,1,-747,-693,-881,34,-681,LOWER,true,true,true,true,static,-681,ordinary-nonchecking-capture,1
benchmark:kiwipete:3,kiwipete,1409,9,12,r7/p1pp1kb1/5n2/8/1p2q3/2P5/P1PBbPPP/R3K2R w KQ - 0 7,c3b4,100,1,-747,-714,-881,34,-681,LOWER,true,true,true,true,static,-681,ordinary-nonchecking-capture,1
benchmark:kiwipete:3,kiwipete,9203,5,8,r4rk1/p1ppq1b1/Bn2p1p1/3PN3/4n3/2P5/P1PB1PPP/R3K2R w KQ - 0 5,e5g6,100,1,-728,-703,-862,34,-661,LOWER,true,true,true,true,static,-661,ordinary-nonchecking-capture,1
benchmark:kiwipete:3,kiwipete,22855,15,18,r3k3/p1p1N3/1n2pn2/3P4/4P3/8/P1P1KPPr/8 w q - 0 10,d5e6,100,1,-919,-882,-1053,34,-616,LOWER,true,true,true,true,static,-616,ordinary-nonchecking-capture,1
benchmark:kiwipete:3,kiwipete,37096,0,3,r3k2r/p1ppqpb1/B3pnp1/3NN3/1p2P3/5Q1p/PPPB1PPP/R3K2R b KQkq - 0 2,e6d5,320,1,-340,396,-694,34,-310,EXACT,true,false,true,true,static,-310,ordinary-nonchecking-capture,1
benchmark:kiwipete:3,kiwipete,40407,8,11,r2k3r/p1pp1Pb1/Bn4N1/8/8/2p4P/PPPn1P1P/R3K2R b KQ - 0 6,h8h3,100,1,-259,-256,-393,34,-241,LOWER,true,true,true,true,static,-241,ordinary-nonchecking-capture,1
benchmark:kiwipete:3,kiwipete,43088,15,18,r1kq3Q/p1pn4/4p1p1/3P4/8/8/PpP2PPP/R2K3R w - - 1 10,h8b2,100,1,273,284,139,34,436,LOWER,true,true,true,true,static,436,ordinary-nonchecking-capture,1
benchmark:kiwipete:3,kiwipete,46144,16,19,R6r/p3kp2/Bn4p1/4b3/8/8/PPPK1P1P/7R b - - 0 10,h8a8,500,1,-59,-49,-593,34,45,LOWER,true,true,true,true,static,45,same-target-q-recapture,1
benchmark:evasion:3,evasion,1489,2,5,r3k2r/Pppp1ppp/1b3nb1/nP3N2/BqP1P3/5N2/P2P2PP/Q4R1K b kq - 0 3,a8a7,100,1,507,543,373,34,628,LOWER,true,true,true,true,static,628,ordinary-nonchecking-capture,1
benchmark:evasion:3,evasion,18511,10,13,r3k2r/PpBp1p1p/5nbp/1P6/B3P3/5R2/P5PP/b6K b kq - 0 7,a8a7,100,1,503,523,369,34,770,LOWER,true,true,true,true,static,770,ordinary-nonchecking-capture,6
benchmark:middlegame:3,middlegame,6721,9,12,r7/1pp2pkp/p1np4/2bNp3/2B1P3/P2P4/1PP2PbP/2R3K1 w - - 0 16,g1g2,330,1,10,12,-354,34,22,LOWER,true,true,true,true,static,22,ordinary-nonchecking-capture,1
benchmark:middlegame:3,middlegame,7988,1,4,r4r1k/1pp1qppp/p1np1n2/2bBp1B1/4P3/P1NP1b2/1PP1QPPP/4RRK1 w - - 0 12,e2f3,330,1,13,21,-351,34,20,EXACT,true,false,true,true,static,20,same-target-q-recapture,1
benchmark:middlegame:3,middlegame,10665,11,14,2r2k2/1pp3pp/p1np4/6q1/4P1n1/P1NP2K1/1PP1Q1PP/4R3 w - - 0 17,e2g4,320,1,10,22,-344,34,21,EXACT,true,false,true,true,static,21,ordinary-nonchecking-capture,1
benchmark:middlegame:3,middlegame,10801,11,14,2r2k2/1pp3pp/p1np4/6q1/4P1n1/P1NP2K1/1PP1Q1PP/4R3 w - - 0 17,e2g4,320,1,10,15,-344,34,21,LOWER,true,true,true,true,static,21,ordinary-nonchecking-capture,1
benchmark:middlegame:3,middlegame,11463,11,14,3r1k2/1pp3pp/p1np4/6q1/4P1n1/P1NP2K1/1PP1Q1PP/4R3 w - - 0 17,e2g4,320,1,10,22,-344,34,21,EXACT,true,false,true,true,static,21,ordinary-nonchecking-capture,1
benchmark:middlegame:3,middlegame,11567,11,14,3r1k2/1pp3pp/p1np4/6q1/4P1n1/P1NP2K1/1PP1Q1PP/4R3 w - - 0 17,e2g4,320,1,10,17,-344,34,21,LOWER,true,true,true,true,static,21,ordinary-nonchecking-capture,1
benchmark:middlegame:3,middlegame,13488,1,4,r3r1k1/1pp1qppp/p1np1n2/2b1p1B1/2B1P3/P1NP1b2/1PP1QPPP/4RR1K w - - 0 12,e2f3,330,1,10,17,-354,34,47,LOWER,true,true,true,true,static,47,same-target-q-recapture,1
benchmark:middlegame:3,middlegame,21419,10,13,R7/1pp1q1pp/p1np2k1/4p1N1/8/P1NP4/1PP1b1PP/R5K1 b - - 0 16,e2d3,100,-1,-19,-10,-153,34,-9,LOWER,true,true,true,true,static,-9,SEE-negative,1
benchmark:middlegame:3,middlegame,27448,5,8,5rk1/1ppq1p1p/r1np1p2/2bNp3/4P3/P2P1Q2/1PP2PPP/R4RK1 w - - 0 14,f3f6,100,1,10,109,-124,34,65,EXACT,true,false,true,false,static,796,same-target-q-recapture,1
benchmark:middlegame:3,middlegame,33598,9,12,r4k2/1pp2ppp/p1n5/4p3/2B1P3/P2P1P2/1PP2P1P/R4nK1 w - - 0 16,g1f1,320,1,74,85,-280,34,85,LOWER,true,true,true,true,static,85,ordinary-nonchecking-capture,1
benchmark:middlegame:3,middlegame,38370,13,16,r5k1/2p2ppp/3p4/n2Np1n1/8/P2PK3/1PP3PP/5R2 w - - 0 18,d5c7,100,1,50,60,-84,34,144,LOWER,true,true,true,true,static,144,ordinary-nonchecking-capture,2
benchmark:middlegame:3,middlegame,42091,11,14,r4Bk1/2p2pp1/p1np4/3Np2p/4n3/P2P4/1PP3PP/R4K2 w - - 0 17,f8g7,100,-1,10,14,-124,34,69,LOWER,true,true,true,true,static,69,SEE-negative,1
corpus:tail-kiwipete-e1d1:full,tail-kiwipete-e1d1,8476,13,13,r2k3r/p1pp2b1/1n2p1N1/3P4/4P3/2B5/PPP1KP1P/R6q w - - 1 8,a1h1,975,1,-291,-200,-1299,33,-183,LOWER,true,true,true,true,static,-183,ordinary-nonchecking-capture,1
corpus:tail-evasion-:full,tail-evasion-,334,13,13,r3k2N/Pppp2pp/5nb1/nP6/3bP3/5N2/P5PP/5R1K b q - 1 7,d4a7,100,1,389,410,256,33,510,LOWER,true,true,true,true,static,510,ordinary-nonchecking-capture,2
corpus:tail-middlegame-d3d4:full,tail-middlegame-d3d4,76,12,12,r4r2/1pp1k1pp/p1np4/8/3bP1N1/P7/1PP1N1PP/R4R1K b - - 0 16,d4b2,100,1,75,130,-58,33,104,EXACT,true,false,true,true,static,104,ordinary-nonchecking-capture,1
corpus:tail-middlegame-d3d4:full,tail-middlegame-d3d4,643,12,12,r4k2/1pp3pp/p2p4/2b1N3/3nP3/P1N5/1PP2PPP/5RK1 b - - 0 16,d6e5,320,1,130,131,-223,33,133,LOWER,true,true,true,true,static,133,ordinary-nonchecking-capture,1
benchmark:kiwipete:2,kiwipete,5091,13,15,r6r/p1ppkP2/1n6/8/4n3/4K2p/P1P1QPPP/R7 b - - 0 8,e7f7,100,1,-131,-124,-264,33,29,LOWER,true,true,true,true,static,29,ordinary-nonchecking-capture,2
benchmark:evasion:2,evasion,8240,9,11,r3k2r/1ppp1p1p/5Rbp/nP6/2PNP3/B7/P5PP/3B3K b kq - 0 6,a5c4,100,1,185,189,52,33,200,LOWER,true,true,true,true,static,200,ordinary-nonchecking-capture,1
benchmark:middlegame:2,middlegame,4921,6,8,r4rk1/1pp2ppp/p1np4/4p1q1/2B1n3/P1NP1Q2/1PP3PP/R3RK2 w - - 0 14,f3e4,320,1,-1,16,-354,33,38,LOWER,true,true,true,true,static,38,ordinary-nonchecking-capture,1
benchmark:middlegame:2,middlegame,5376,11,13,r7/1pp1q1pp/p1np2k1/4p1N1/6Q1/P1NP4/1PP3PP/R4K2 b - - 0 16,e7g5,320,1,-3,1,-356,33,0,EXACT,true,false,true,true,static,0,ordinary-nonchecking-capture,1
benchmark:middlegame:2,middlegame,6505,15,17,r5k1/2p2p1p/p1pB4/8/4b3/P1PP4/2P2P1P/R5K1 b - - 0 18,e4d3,100,-1,-13,0,-146,33,0,LOWER,true,true,true,true,static,0,SEE-negative,1
benchmark:middlegame:2,middlegame,7651,4,6,r4rk1/1pp2ppp/p1np4/3Np1q1/2B1n1b1/P2P1N2/1PP1Q1PP/R3KR2 w - - 0 13,e2e4,320,1,-1,42,-354,33,23,EXACT,true,false,true,true,static,23,ordinary-nonchecking-capture,1
benchmark:kiwipete:3,kiwipete,22558,10,13,r3k2r/p1p1q3/1n2Pnp1/8/4P3/2p5/PPP1KPPP/R6R b kq - 0 7,e7e6,100,1,866,919,733,33,1110,LOWER,true,true,true,true,static,1110,same-target-q-recapture,1
benchmark:kiwipete:3,kiwipete,23620,14,17,r3k2N/p1p5/Bn2p3/8/1q6/8/P1P2nPP/R4K1R b q - 0 9,f2h1,500,1,810,899,277,33,828,EXACT,true,false,true,true,static,828,ordinary-nonchecking-capture,1
benchmark:kiwipete:3,kiwipete,24356,11,14,r3kb1N/p1p1q3/1n2p1p1/3n4/8/8/PPP2PPP/R4K1R w q - 0 8,h8g6,100,1,-641,-625,-774,33,-512,LOWER,true,true,true,true,static,-512,ordinary-nonchecking-capture,1
benchmark:kiwipete:3,kiwipete,28445,20,23,r7/p1pBk3/4P3/8/4n3/2P5/2r2PP1/3K4 b - - 1 12,c2f2,100,1,659,661,526,33,870,LOWER,true,true,true,true,static,870,ordinary-nonchecking-capture,1
benchmark:kiwipete:3,kiwipete,28464,20,23,r7/p1pBk3/4P3/8/4n3/2P5/2r2PP1/3K4 b - - 0 12,c2f2,100,1,659,661,526,33,870,LOWER,true,true,true,true,static,870,ordinary-nonchecking-capture,1
benchmark:kiwipete:3,kiwipete,33185,15,18,7r/p1k1q1b1/4pb2/3P4/4P3/8/P1P1KPPP/7R w - - 0 10,d5e6,100,1,-670,-663,-803,33,-478,LOWER,true,true,true,true,static,-478,ordinary-nonchecking-capture,1
benchmark:evasion:3,evasion,5520,10,13,r3k2N/Pppp2pp/5nb1/nP6/3bP3/5N2/P5PP/5R1K b q - 1 7,d4a7,100,1,389,523,256,33,510,EXACT,true,false,true,true,static,510,ordinary-nonchecking-capture,1
benchmark:evasion:3,evasion,18493,10,13,r3k2r/PpBp1p1p/5nbp/1P6/B3P3/5R2/P5PP/b4K2 b kq - 0 7,a8a7,100,1,503,523,370,33,771,LOWER,true,true,true,true,static,771,ordinary-nonchecking-capture,6
benchmark:middlegame:3,middlegame,5785,0,3,3r1rk1/1pp1qppp/p1np1B2/2b1p3/2B1P1b1/P1NP1N2/1PP1QPPP/R4R1K b - - 0 11,e7f6,330,1,-12,-10,-375,33,-9,LOWER,true,true,true,true,static,-9,ordinary-nonchecking-capture,1
benchmark:middlegame:3,middlegame,5875,1,4,3r1rk1/1pp1qppp/p1np1n2/2b1p1B1/2B1P3/P1NP1b2/1PP1QPPP/4RR1K w - - 0 12,e2f3,330,1,10,12,-353,33,28,LOWER,true,true,true,true,static,28,same-target-q-recapture,1
benchmark:middlegame:3,middlegame,11769,1,4,3r1rk1/1pp1qppp/p1np1n2/2b1p1B1/2B1P3/P1NP1b2/1PP1QPPP/4RR1K w - - 0 12,e2f3,330,1,10,20,-353,33,28,LOWER,true,true,true,true,static,28,same-target-q-recapture,1
benchmark:middlegame:3,middlegame,13320,0,3,r3r1k1/1pp1qppp/p1np1B2/2b1p3/2B1P1b1/P1NP1N2/1PP1QPPP/4RRK1 b - - 0 11,e7f6,330,1,-17,-10,-380,33,11,LOWER,true,true,true,true,static,11,ordinary-nonchecking-capture,1
benchmark:middlegame:3,middlegame,20965,12,15,4r2k/1pp1q1pp/p1np1B2/8/4P3/P1NP4/1PP1Q1PP/R3K3 b - - 0 17,e7f6,330,1,-11,-10,-374,33,35,LOWER,true,true,true,true,static,35,same-target-q-recapture,1
benchmark:middlegame:3,middlegame,22224,14,17,r5k1/2p2p1p/p1pB4/8/4b3/P1PP4/2P2P1P/R5K1 b - - 0 18,e4d3,100,-1,-13,-10,-146,33,0,LOWER,true,true,true,true,static,0,SEE-negative,2
benchmark:middlegame:3,middlegame,36949,15,18,r5k1/1Bp2p1p/p7/4p3/4P3/P2P4/2P2PKP/b7 w - - 0 19,b7a8,500,1,18,101,-515,33,127,LOWER,true,true,true,true,static,127,ordinary-nonchecking-capture,1
benchmark:middlegame:3,middlegame,37303,12,15,B4k2/2p2ppp/p2p4/4p3/4P3/P2P4/1bP2PPP/R4K2 b - - 0 17,b2a1,500,1,-97,-65,-630,33,0,LOWER,true,true,true,true,static,0,ordinary-nonchecking-capture,1
corpus:tail-kiwipete-e1d1:full,tail-kiwipete-e1d1,1397,18,18,r6N/p1pp2b1/3kp3/8/4P3/2nK4/PPP2P1P/7R b - - 1 10,c3e4,100,-1,200,263,68,32,238,EXACT,true,false,true,true,static,238,SEE-negative,1
corpus:tail-kiwipete-e1d1:full,tail-kiwipete-e1d1,4418,13,13,r3k2b/p1ppq3/4p1p1/3n4/4Q3/8/PPP2PpP/R1K4R w q - 0 8,e4g2,100,1,-263,-221,-395,32,-55,LOWER,true,true,true,true,static,-55,same-target-q-recapture,1
corpus:tail-kiwipete-e1d1:full,tail-kiwipete-e1d1,8412,18,18,r6N/p1pp2b1/3kp3/8/4P3/2nK4/PPP2P1P/7R b - - 1 10,c3e4,100,-1,200,273,68,32,238,EXACT,true,false,true,true,static,238,SEE-negative,1
corpus:tail-kiwipete-e1d1:full,tail-kiwipete-e1d1,17644,13,13,r2k3r/p1p2p2/1n2P1p1/8/4P3/7p/PbPK1PPP/R6R w - - 0 8,e6f7,100,1,-291,-261,-423,32,-257,LOWER,true,true,true,true,static,-257,ordinary-nonchecking-capture,1
corpus:tail-middlegame-d3d4:full,tail-middlegame-d3d4,106,12,12,r3kr2/1pp3pp/p1np4/8/3bP1N1/P7/1PP1N1PP/R4R1K b - - 0 16,d4b2,100,1,85,130,-47,32,116,EXACT,true,false,true,true,static,116,ordinary-nonchecking-capture,1
benchmark:kiwipete:2,kiwipete,1516,6,8,r3k2r/p1ppqp2/B3p1p1/3nb3/8/2B2Q1P/PPP2P1P/R3K2R w KQkq - 0 5,c3e5,330,1,318,329,-44,32,323,EXACT,true,false,true,true,static,323,same-target-q-recapture,2
benchmark:kiwipete:2,kiwipete,6393,15,17,r7/p4pb1/1n1kP1N1/8/8/8/PPPnKP1P/R6R b - - 0 9,d6e6,100,1,-452,-434,-584,32,-438,EXACT,true,false,true,true,static,-438,same-target-q-recapture,2
benchmark:kiwipete:2,kiwipete,11167,18,20,r6r/p1B2pB1/1n4p1/6k1/4P3/8/PPP1KP1P/R6r w - - 0 11,a1h1,500,1,66,81,-466,32,130,LOWER,true,true,true,true,static,130,same-target-q-recapture,2
benchmark:evasion:2,evasion,1338,6,8,4k2r/rppp1ppp/6bN/nP6/BBP1n3/5N2/Rp1P2PP/3Q2K1 w k - 0 5,a2b2,100,1,380,406,248,32,406,LOWER,true,true,true,true,static,406,ordinary-nonchecking-capture,2
benchmark:evasion:2,evasion,12122,7,9,r3k2r/Pppp1p1p/5Rbp/nPq5/B2NP3/8/P2P2PP/Q5K1 b kq - 0 5,c5a7,100,1,190,410,58,32,409,EXACT,true,false,true,false,static,435,ordinary-nonchecking-capture,1
benchmark:middlegame:2,middlegame,2306,11,13,r7/1pp1q1pp/p1np2k1/4p1N1/6Q1/P1NP4/1PP3PP/1R3K2 b - - 0 16,e7g5,320,1,-4,6,-356,32,0,EXACT,true,false,true,true,static,0,ordinary-nonchecking-capture,1
benchmark:middlegame:2,middlegame,2405,11,13,r7/1pp1q1pp/p1np2k1/4p1N1/6Q1/P1NP4/1PP3PP/1R3K2 b - - 0 16,e7g5,320,1,-4,-3,-356,32,0,LOWER,true,true,true,true,static,0,ordinary-nonchecking-capture,1
benchmark:kiwipete:3,kiwipete,1525,7,10,r3k2r/p1pp2b1/4qBp1/8/1p2P3/8/PPP1bPPP/R3K2R w KQkq - 0 6,f6g7,330,1,-774,-758,-1136,32,-771,EXACT,true,false,true,true,static,-771,ordinary-nonchecking-capture,1
benchmark:kiwipete:3,kiwipete,10241,14,17,r6B/p1p5/Bn2k1p1/8/4n3/8/PP3qPP/R2K3R b - - 1 9,a8h8,330,1,697,722,335,32,725,LOWER,true,true,true,true,static,725,ordinary-nonchecking-capture,2
benchmark:kiwipete:3,kiwipete,19108,0,3,r3k2r/pbppqpb1/1n2Qnp1/3PN3/1p2P3/2N5/PPPBBPPP/R3K2R b KQkq - 0 2,d7e6,975,1,590,32769,-417,32,708,EXACT,true,false,true,true,static,708,ordinary-nonchecking-capture,1
benchmark:kiwipete:3,kiwipete,19399,10,13,r1b4r/p1p1kpb1/1n2P3/8/4n3/8/PPP1BPPP/R1K4R b - - 0 7,c8e6,100,1,590,592,458,32,623,LOWER,true,true,true,true,static,623,same-target-q-recapture,1
benchmark:kiwipete:3,kiwipete,20325,16,19,r3k3/p1p5/1n5b/8/8/2P5/P1q2PPP/R4K1R b q - 1 10,c2c3,100,1,650,671,518,32,731,LOWER,true,true,true,true,static,731,ordinary-nonchecking-capture,1
benchmark:kiwipete:3,kiwipete,25573,10,13,r3k2b/p1p1qp2/4pn2/3P4/4P3/2P5/P1P1KPPP/R6R b q - 0 7,f6e4,100,1,590,618,458,32,622,LOWER,true,true,true,true,static,622,ordinary-nonchecking-capture,1
benchmark:kiwipete:3,kiwipete,33877,5,8,r3k2r/p3qpb1/Bnp1p1p1/3PN3/4n3/2P5/P1PB1PPP/R3K2R w KQkq - 0 5,e5c6,100,1,-666,-643,-798,32,-632,LOWER,true,true,true,true,static,-632,ordinary-nonchecking-capture,1
benchmark:kiwipete:3,kiwipete,50456,4,7,r3k3/p1pNqpb1/Bn2pnp1/3P4/1p2P3/2N4P/PPPB1P1P/R3K2R b KQ - 0 4,f6d7,320,1,186,297,-166,32,193,EXACT,true,false,true,true,static,193,ordinary-nonchecking-capture,1
benchmark:kiwipete:3,kiwipete,65491,16,19,N6r/p2pkp2/b3p3/8/8/8/PbP2K1P/R2B3Q b - - 0 10,b2a1,500,1,-38,-32,-570,32,32,LOWER,true,true,true,true,static,32,ordinary-nonchecking-capture,2
benchmark:evasion:3,evasion,17694,6,9,r3k2r/Pppp1p1p/5Rbp/nPq5/B2NP3/8/P2P2PP/Q5K1 b kq - 0 5,c5a7,100,1,190,423,58,32,409,EXACT,true,false,true,false,static,435,ordinary-nonchecking-capture,1
benchmark:middlegame:3,middlegame,5538,0,3,2r2rk1/1pp1qppp/p1np1B2/2b1p3/2B1P1b1/P1NP1N2/1PP1QPPP/R4R1K b - - 0 11,e7f6,330,1,-12,-10,-374,32,-8,LOWER,true,true,true,true,static,-8,ordinary-nonchecking-capture,1
benchmark:middlegame:3,middlegame,12770,11,14,4B2k/1pp1q1pp/p1np4/4p3/6b1/P1NP1r2/1PP3PP/4RRK1 w - - 0 17,g2f3,500,1,10,14,-522,32,52,LOWER,true,true,true,true,static,52,same-target-q-recapture,1
benchmark:middlegame:3,middlegame,18302,8,11,r2B1rk1/1pp2ppp/p1np4/2b1p3/2B5/P1Nn1Q2/1PP3PP/R3R2K b - - 1 15,d3e1,500,1,-11,-10,-543,32,-7,LOWER,true,true,true,true,static,-7,ordinary-nonchecking-capture,1
benchmark:middlegame:3,middlegame,19227,1,4,5rk1/rpp1qppp/p1np1n2/2b1p1B1/2B1P3/P1NP1b2/1PP1QPPP/R3R2K w - - 0 12,e2f3,330,1,10,11,-352,32,27,LOWER,true,true,true,true,static,27,same-target-q-recapture,1
benchmark:middlegame:3,middlegame,20682,0,3,3r1rk1/1pp1qppp/p1np1B2/2b1p3/2B1P1b1/P1NP1N2/1PP1QPPP/R3R1K1 b - - 0 11,e7f6,330,1,-11,-10,-373,32,25,LOWER,true,true,true,true,static,25,ordinary-nonchecking-capture,1
benchmark:middlegame:3,middlegame,23268,16,19,r5k1/2p2ppp/p2p4/4p3/8/P1PP1Q2/6qP/RK3R2 b - - 0 19,g2h2,100,1,-13,-10,-145,32,-32747,UPPER,false,false,false,false,mate,-104,mate,2
benchmark:middlegame:3,middlegame,24806,9,12,B4rk1/2p2ppp/p2p4/4p1q1/4n1b1/P1NP1N2/1P2Q1PP/n2K1R2 w - - 0 16,e2e4,320,1,10,13,-342,32,58,LOWER,true,true,true,true,static,58,ordinary-nonchecking-capture,1
benchmark:middlegame:3,middlegame,36819,16,19,B5k1/2p2p1p/p2p4/8/8/P2P4/1bP2P1P/R5K1 b - - 0 19,b2a1,500,1,-104,-10,-636,32,0,LOWER,true,true,true,true,static,0,ordinary-nonchecking-capture,1
benchmark:middlegame:3,middlegame,36846,16,19,B5k1/2p2p1p/p2p4/8/8/P2P4/1bP2P1P/R5K1 b - - 0 19,b2a1,500,1,-104,-27,-636,32,0,LOWER,true,true,true,true,static,0,ordinary-nonchecking-capture,1
benchmark:middlegame:3,middlegame,39633,13,16,B2n1rk1/2p2ppp/3p4/3Np1n1/8/P2PK3/1P4PP/R7 w - - 0 18,d5c7,100,1,47,54,-85,32,70,LOWER,true,true,true,true,static,70,ordinary-nonchecking-capture,1
corpus:tail-kiwipete-e1d1:full,tail-kiwipete-e1d1,1787,21,21,r6N/p1p3b1/1nk3p1/8/8/8/PPP3PP/R1K4n w - - 0 12,h8g6,100,1,-254,-231,-385,31,-39,LOWER,true,true,true,true,static,-39,ordinary-nonchecking-capture,2
corpus:tail-kiwipete-e1d1:full,tail-kiwipete-e1d1,11697,20,20,R6r/p1ppk1b1/1n6/8/4P3/8/P1PK1P1P/R7 b - - 0 11,h8a8,500,1,282,291,-249,31,295,LOWER,true,true,true,true,static,295,ordinary-nonchecking-capture,1
corpus:tail-kiwipete-e1d1:full,tail-kiwipete-e1d1,11802,20,20,R6r/p1ppk1b1/1n6/8/4P3/8/P1PK1P1P/R7 b - - 0 11,h8a8,500,1,282,290,-249,31,295,LOWER,true,true,true,true,static,295,ordinary-nonchecking-capture,1
benchmark:kiwipete:2,kiwipete,5381,9,11,r6r/p1Qpq1b1/Bn2knp1/8/4P3/8/PPPB1PPP/R3K2R b KQ - 0 6,f6e4,100,1,-163,-112,-294,31,-146,EXACT,true,false,true,true,static,-146,ordinary-nonchecking-capture,2
benchmark:kiwipete:2,kiwipete,7288,7,9,r2k4/p1p1qpb1/1n2pNp1/3P4/4P3/2p4Q/PPPBKP1P/R6R b - - 0 5,c3d2,330,1,-477,-462,-838,31,-383,LOWER,true,true,true,true,static,-383,ordinary-nonchecking-capture,2
benchmark:kiwipete:2,kiwipete,10360,15,17,7r/p1p1kp2/1n3bp1/8/4P3/7p/PPPK1PPP/R6R b - - 0 9,f6b2,100,1,-98,-85,-229,31,-65,LOWER,true,true,true,true,static,-65,ordinary-nonchecking-capture,2
benchmark:evasion:2,evasion,1316,14,16,4k2r/rppp1p1p/7p/BP6/B1P5/8/R5PP/1N3K2 w k - 0 9,a5c7,100,1,397,401,266,31,440,LOWER,true,true,true,true,static,440,ordinary-nonchecking-capture,2
benchmark:evasion:2,evasion,10548,10,12,r3k2r/1ppp1p1p/5p1N/nPB5/B3b3/8/P2P2PP/Q6K w kq - 0 7,a1f6,100,1,219,244,88,31,356,LOWER,true,true,true,true,static,356,ordinary-nonchecking-capture,4
benchmark:middlegame:2,middlegame,1352,9,11,2r3k1/1pp2pBp/p1np4/2b1p3/2B1P3/P1NP4/1PP2PKP/R7 b - - 0 15,g8g7,330,1,-8,-3,-369,31,9,LOWER,true,true,true,true,static,9,ordinary-nonchecking-capture,1
benchmark:middlegame:2,middlegame,3167,0,2,r4rk1/1pp1qppp/p1np1n2/2b1p1B1/2B1P3/P1NP1b2/1PP1QPPP/3R1RK1 w - - 0 11,e2f3,330,1,-6,32769,-367,31,11,EXACT,true,false,true,true,static,11,ordinary-nonchecking-capture,1
benchmark:kiwipete:3,kiwipete,1934,6,9,r2k3r/p1p2pb1/4qNp1/3n4/1p2P3/2N5/PPPBKPPP/R6R b - - 0 5,g7f6,320,1,757,774,406,31,763,EXACT,true,false,true,true,static,763,ordinary-nonchecking-capture,1
benchmark:kiwipete:3,kiwipete,9560,6,9,r3k2r/p1p3b1/1n2Pnp1/2q5/1p2P3/8/PPPBNPPP/R3K2R b KQkq - 0 5,f6e4,100,1,633,664,502,31,792,LOWER,true,true,true,true,static,792,ordinary-nonchecking-capture,1
benchmark:kiwipete:3,kiwipete,17870,6,9,r3k2r/p1p1q1b1/1n2Pnp1/8/1p2P3/8/PPPBNPPP/R3K2R b KQkq - 0 5,e7e6,100,1,590,673,459,31,700,LOWER,true,true,true,true,static,700,ordinary-nonchecking-capture,1
benchmark:kiwipete:3,kiwipete,29719,9,12,r3k1nN/p1p1q3/1n4p1/3p4/4P3/2P5/P1P1bPPP/R3K2R w KQq - 0 7,e4d5,100,1,-637,-590,-768,31,-617,EXACT,true,false,true,true,static,-617,same-target-q-recapture,1
benchmark:kiwipete:3,kiwipete,34267,14,17,r3k2r/p2pN3/Bn2p3/3p4/8/2P5/P1P1K1PP/R6n b kq - 0 9,h8h2,100,1,625,628,494,31,676,LOWER,true,true,true,true,static,676,ordinary-nonchecking-capture,2
benchmark:kiwipete:3,kiwipete,35125,6,9,r3k2r/p3q1b1/1n2Pnp1/2p5/1p2P3/8/PPPBNPPP/R3K2R b KQkq - 0 5,e7e6,100,1,590,660,459,31,706,LOWER,true,true,true,true,static,706,ordinary-nonchecking-capture,1
benchmark:kiwipete:3,kiwipete,43099,11,14,r1k4b/p1pnq3/4p1p1/3P4/8/2p2Q1p/PPP2PPP/R2K3R w - - 0 8,d5e6,100,1,284,290,153,31,520,LOWER,true,true,true,true,static,520,ordinary-nonchecking-capture,1
benchmark:kiwipete:3,kiwipete,43157,17,20,r2k4/p1pn4/4p1p1/3P4/8/3K4/PpP2PPP/R6R w - - 0 11,d5e6,100,1,273,282,142,31,460,LOWER,true,true,true,true,static,460,ordinary-nonchecking-capture,1
benchmark:kiwipete:3,kiwipete,43314,20,23,r3kn2/p1p5/4P1p1/8/8/8/P1P1KPPP/R7 b - - 0 12,f8e6,100,1,-290,-273,-421,31,87,LOWER,true,true,true,true,static,87,ordinary-nonchecking-capture,1
benchmark:kiwipete:3,kiwipete,44093,10,13,2rk3r/p1pP2b1/1n4N1/8/1p6/2N4p/PPPn1PPP/R3K2R b KQ - 0 7,d8d7,100,1,-286,-273,-417,31,-263,LOWER,true,true,true,true,static,-263,same-target-q-recapture,1
benchmark:kiwipete:3,kiwipete,45872,20,23,7k/4NPb1/Bn6/8/8/8/qPPK1P1P/8 b - - 0 12,a2a6,330,1,-61,-45,-422,31,-50,EXACT,true,false,true,false,static,-34,ordinary-nonchecking-capture,1
benchmark:kiwipete:3,kiwipete,50893,8,11,r3k2N/p1pp1p2/Bn2p3/3P4/1p2P3/7p/PPP2qPP/R1K4R b q - 1 6,h3g2,100,1,255,285,124,31,351,LOWER,true,true,true,true,static,351,ordinary-nonchecking-capture,1
benchmark:kiwipete:3,kiwipete,51866,16,19,8/p1p1qpb1/4k1p1/8/4K3/7P/PPP2P1P/R6R b - - 0 10,g7b2,100,1,73,76,-58,31,102,LOWER,true,true,true,true,static,102,ordinary-nonchecking-capture,2
benchmark:kiwipete:3,kiwipete,53447,8,11,r3k3/p1ppqp2/Bn2pnp1/3PN3/4P3/7P/PKP2P1P/R6R b q - 0 6,f6e4,100,1,451,515,320,31,492,EXACT,true,false,true,true,static,492,ordinary-nonchecking-capture,1
benchmark:kiwipete:3,kiwipete,61901,10,13,r7/p1ppkNb1/1n3Np1/8/1p2P3/7r/PPPBKP1P/R6R b - - 0 7,g7f6,320,1,-80,-79,-431,31,-64,LOWER,true,true,true,true,static,-64,ordinary-nonchecking-capture,1
benchmark:kiwipete:3,kiwipete,62247,16,19,8/pk1p2b1/1N3nN1/8/1q6/5b1p/PPP2PPP/R4K1R b - - 0 10,b4b2,100,1,-104,-36,-235,31,-82,EXACT,true,false,true,false,static,72,ordinary-nonchecking-capture,1
benchmark:middlegame:3,middlegame,607,8,11,5rk1/1Bp2ppp/3p1q2/4p3/4P1b1/P1NP1N2/2P1nPPP/5R1K b - - 0 15,f6f3,320,-1,802,852,451,31,823,EXACT,true,false,true,true,static,823,SEE-negative,1
benchmark:middlegame:3,middlegame,19618,6,9,1r2kr2/1pp3pp/p1np1q2/2b1N3/4P1Q1/P1NP4/1PP2PPP/R3R1K1 b - - 0 14,f6e5,320,1,-11,-10,-362,31,53,LOWER,true,true,true,true,static,53,ordinary-nonchecking-capture,1
benchmark:middlegame:3,middlegame,20102,0,3,2r2rk1/1pp1qppp/p1np1B2/2b1p3/2B1P1b1/P1NP1N2/1PP1QPPP/R3R1K1 b - - 0 11,e7f6,330,1,-11,-10,-372,31,-10,LOWER,true,true,true,true,static,-10,ordinary-nonchecking-capture,1
benchmark:middlegame:3,middlegame,36259,16,19,B5k1/2p2ppp/p7/8/8/P7/1bP2PPP/R5K1 b - - 0 19,b2a1,500,1,-105,-10,-636,31,0,LOWER,true,true,true,true,static,0,ordinary-nonchecking-capture,1
benchmark:middlegame:3,middlegame,36281,16,19,B5k1/2p2ppp/p7/8/8/P7/1bP2PPP/R5K1 b - - 0 19,b2a1,500,1,-105,-19,-636,31,0,LOWER,true,true,true,true,static,0,ordinary-nonchecking-capture,1
benchmark:middlegame:3,middlegame,36485,18,21,B5k1/2p2p1p/p7/8/8/P7/2P2PbP/B5K1 b - - 0 20,g2a8,330,1,-18,-10,-379,31,0,LOWER,true,true,true,true,static,0,ordinary-nonchecking-capture,1
benchmark:middlegame:3,middlegame,36654,14,17,B7/2p2pkp/p2p4/4p3/4P3/P2P4/1bP2PKP/R7 b - - 0 18,b2a1,500,1,-111,-10,-642,31,0,LOWER,true,true,true,true,static,0,ordinary-nonchecking-capture,3
corpus:tail-kiwipete-e1d1:full,tail-kiwipete-e1d1,3138,18,18,r6r/p1pn1kb1/6p1/8/4P3/7P/PPPK1P1P/R6R b - - 0 10,g7b2,100,1,206,208,76,30,239,LOWER,true,true,true,true,static,239,ordinary-nonchecking-capture,2
corpus:tail-kiwipete-e1d1:full,tail-kiwipete-e1d1,6178,10,10,r2k3r/p1pp1Pb1/1n3nN1/8/4Q3/7p/PPPp1PPP/R2K3R b - - 0 6,f6e4,975,1,244,263,-761,30,246,EXACT,true,false,true,true,static,246,same-target-q-recapture,1
corpus:tail-kiwipete-e1d1:full,tail-kiwipete-e1d1,6791,12,12,r3k3/p1pp1pb1/1n6/3p4/1B2P3/8/PPP1NPr1/R2K3R b q - 0 7,g7b2,100,1,118,119,-12,30,159,LOWER,true,true,true,true,static,159,ordinary-nonchecking-capture,1
corpus:tail-kiwipete-e1d1:full,tail-kiwipete-e1d1,13101,10,10,r2k3r/p1pp1Pb1/1n3nN1/8/4Q3/7p/PPPp1PPP/R2K3R b - - 0 6,f6e4,975,1,244,282,-761,30,246,EXACT,true,false,true,true,static,246,same-target-q-recapture,1
benchmark:kiwipete:2,kiwipete,2747,14,16,r3k2r/p1pn1p2/B5p1/8/1p6/2P5/P1P1KQ1P/R7 w kq - 0 9,c3b4,100,1,283,310,153,30,365,LOWER,true,true,true,true,static,365,ordinary-nonchecking-capture,1
benchmark:kiwipete:2,kiwipete,4510,9,11,r3k2b/p1pp4/Bn2P1p1/8/1p6/7p/PPPK1PPP/R6R b q - 0 6,h8b2,100,1,-310,-283,-440,30,-261,LOWER,true,true,true,true,static,-261,ordinary-nonchecking-capture,1
benchmark:kiwipete:2,kiwipete,6726,16,18,r2k1N2/p1p3b1/1n3nq1/8/8/8/PPPK1P1P/R6R w - - 1 10,f8g6,975,1,351,416,-654,30,445,LOWER,true,true,true,true,static,445,ordinary-nonchecking-capture,2
benchmark:evasion:2,evasion,4379,7,9,r3k2r/PpBp1ppp/5nbN/1P6/q1PPP3/5Q2/6PP/5RK1 b kq - 0 5,a4c4,100,1,18,68,-112,30,47,EXACT,true,false,true,false,static,160,ordinary-nonchecking-capture,2
benchmark:middlegame:2,middlegame,1154,1,3,r4r1k/1pp1qppp/p1np1B2/2b1p3/2B1P1b1/P1NP1N2/1PP1QPPP/R4R1K b - - 0 11,e7f6,330,1,-12,0,-372,30,-8,EXACT,true,false,true,true,static,-8,same-target-q-recapture,1
benchmark:middlegame:2,middlegame,1226,9,11,r6k/1pp2ppp/p1nB4/2b1p3/4P3/P1NB4/1PP2PPP/R6K b - - 0 15,c5d6,330,1,-8,0,-368,30,0,LOWER,true,true,true,true,static,0,ordinary-nonchecking-capture,1
benchmark:middlegame:2,middlegame,1237,11,13,r6k/1p3Bpp/p1np4/2b1p3/4P3/P1NP4/1P3PPP/R6K b - - 0 16,c5f2,100,1,-8,0,-138,30,0,LOWER,true,true,true,true,static,0,ordinary-nonchecking-capture,2
benchmark:middlegame:2,middlegame,1758,11,13,r7/1pp1q1pp/p1np2k1/4p1N1/6Q1/P1NP4/1PP3PP/R4K2 b - - 0 16,e7g5,320,1,-6,6,-356,30,0,EXACT,true,false,true,true,static,0,ordinary-nonchecking-capture,2
benchmark:middlegame:2,middlegame,2039,0,2,r4rk1/1pp1qppp/p1np1n2/2b1p1B1/2B1P3/P1NPQb2/1PP2PPP/R4RK1 w - - 0 11,e3f3,330,1,-6,32769,-366,30,6,EXACT,true,false,true,true,static,6,ordinary-nonchecking-capture,1
benchmark:middlegame:2,middlegame,2561,0,2,r4rk1/1pp1qppp/p1np1n2/2b1p1B1/2B1P3/P1NP1b2/1PP1QPPP/2R2RK1 w - - 0 11,e2f3,330,1,-6,32769,-366,30,12,EXACT,true,false,true,true,static,12,ordinary-nonchecking-capture,1
benchmark:middlegame:2,middlegame,3169,6,8,r4rk1/1pp2ppp/p1np4/4p1q1/2B1n3/P1NP1Q2/1PP3PP/3RKR2 w - - 0 14,f3e4,320,1,-6,11,-356,30,80,LOWER,true,true,true,true,static,80,ordinary-nonchecking-capture,1
benchmark:kiwipete:3,kiwipete,4470,10,13,r3k2b/p1p1q3/1n2p1p1/3P4/8/2P5/P1PK1PPP/R6R b q - 0 7,b6d5,100,1,771,797,641,30,811,LOWER,true,true,true,true,static,811,ordinary-nonchecking-capture,1
benchmark:kiwipete:3,kiwipete,4476,10,13,r3k2b/p1p1q3/1n2p1p1/3P4/8/2P5/P1P1KPPP/R6R b q - 0 7,b6d5,100,1,771,797,641,30,811,LOWER,true,true,true,true,static,811,ordinary-nonchecking-capture,2
benchmark:kiwipete:3,kiwipete,5332,16,19,r7/p1pk1N2/1n6/8/8/8/P1P1KPPP/7r b - - 0 10,h1h2,100,1,714,752,584,30,835,LOWER,true,true,true,true,static,835,ordinary-nonchecking-capture,1
benchmark:kiwipete:3,kiwipete,5640,12,15,r7/p1pp1kb1/1n6/3q4/8/8/PPP1KPPP/R6R b - - 0 8,d5g2,100,1,805,810,675,30,838,LOWER,true,true,true,true,static,838,ordinary-nonchecking-capture,1
benchmark:kiwipete:3,kiwipete,20659,11,14,r3k2N/p1p1q3/1n2p1pb/3n4/8/8/PPP2PPP/R4K1R w q - 0 8,h8g6,100,1,-649,-630,-779,30,-517,LOWER,true,true,true,true,static,-517,ordinary-nonchecking-capture,1
benchmark:kiwipete:3,kiwipete,23545,10,13,r3k2r/p1p1q3/1n2Pnp1/8/4P3/2p5/PPP1KPPP/R6R b kq - 0 7,e7e6,100,1,863,919,733,30,1110,LOWER,true,true,true,true,static,1110,same-target-q-recapture,1
benchmark:kiwipete:3,kiwipete,26213,12,15,r3k2b/p1p1q3/4p1p1/3P4/1p6/2PK4/P1P2PPP/R6R b q - 0 8,e6d5,100,1,590,649,460,30,780,LOWER,true,true,true,true,static,780,ordinary-nonchecking-capture,1
benchmark:kiwipete:3,kiwipete,38010,8,11,r3k2b/p1pp4/Bn2P1p1/8/1p6/7p/PPPK1PPP/R6R b q - 0 6,h8b2,100,1,-310,-221,-440,30,-261,EXACT,true,false,true,false,static,-57,ordinary-nonchecking-capture,1
benchmark:kiwipete:3,kiwipete,43346,15,18,r3kq1Q/p1pn4/4p1p1/3P4/8/3K4/PpP2PPP/R6R w - - 1 10,h8b2,100,1,273,280,143,30,385,LOWER,true,true,true,true,static,385,ordinary-nonchecking-capture,1
benchmark:kiwipete:3,kiwipete,44615,7,10,r3k2r/p1ppPp2/Bn2p1p1/4b3/4Q3/8/PPPp1PpP/R2K3R w kq - 0 6,e4g2,100,1,273,292,143,30,366,LOWER,true,true,true,true,static,366,same-target-q-recapture,1
benchmark:kiwipete:3,kiwipete,46257,16,19,R6r/p3k3/Bn4p1/8/8/7p/P1PK1PPP/b6R b - - 0 10,h8a8,500,1,-61,-48,-591,30,-3,LOWER,true,true,true,true,static,-3,same-target-q-recapture,2
benchmark:kiwipete:3,kiwipete,61115,10,13,r1k4r/p1p3b1/1n4Q1/4q3/1p2P3/7p/PPPBKPPP/R6R b - - 0 7,h3g2,100,1,-95,-32,-225,30,-55,EXACT,true,false,true,true,static,-55,ordinary-nonchecking-capture,1
benchmark:middlegame:3,middlegame,492,14,17,6k1/2p2ppp/3p4/2b1p3/4P3/R1PP1q2/2P2P1P/5RK1 b - - 0 18,c5a3,500,1,751,760,221,30,850,LOWER,true,true,true,true,static,850,same-target-q-recapture,2
benchmark:middlegame:3,middlegame,4495,0,3,r4r1k/1pp1qppp/p1np1B2/2b1p3/2B1P1b1/P1NP1N2/1PP1QPPP/R4R1K b - - 0 11,e7f6,330,1,-12,-10,-372,30,-8,LOWER,true,true,true,true,static,-8,ordinary-nonchecking-capture,1
benchmark:middlegame:3,middlegame,6658,13,16,r6k/1p3ppp/p1np4/3Bp3/4N3/P7/1PP2KPP/2R5 w - - 0 18,d5f7,100,1,10,11,-120,30,13,LOWER,true,true,true,true,static,13,ordinary-nonchecking-capture,1
benchmark:middlegame:3,middlegame,10696,12,15,2rk4/1pp1q1pp/p1np1R2/6B1/4P3/P1NP4/1PP3PP/4Q2K b - - 0 17,g7f6,500,1,-22,-21,-552,30,49,LOWER,true,true,true,true,static,49,same-target-q-recapture,1
benchmark:middlegame:3,middlegame,11488,14,17,3r1r2/1pp2k1p/p1np1B2/8/4P3/P1NP4/1PP3PP/4Q2K b - - 0 18,f7f6,330,1,-22,-21,-382,30,-21,LOWER,true,true,true,true,static,-21,same-target-q-recapture,1
benchmark:middlegame:3,middlegame,11576,14,17,3r1r2/1pp2k1p/p1np1B2/8/4P3/P1NP4/1PP3PP/4Q2K b - - 0 18,f7f6,330,1,-22,-10,-382,30,-21,EXACT,true,false,true,true,static,-21,same-target-q-recapture,1
benchmark:middlegame:3,middlegame,11620,0,3,3r1rk1/1pp1qppp/p1np1B2/2b1p3/2B1P1b1/P1NP1N2/1PP1QPPP/4RRK1 b - - 0 11,e7f6,330,1,-22,-10,-382,30,6,LOWER,true,true,true,true,static,6,ordinary-nonchecking-capture,1
benchmark:middlegame:3,middlegame,15489,12,15,r5k1/1pp3pp/p1np4/8/4P1N1/P1bP4/1PP2RPP/4R2K b - - 0 17,c3e1,500,1,-17,-10,-547,30,109,LOWER,true,true,true,true,static,109,ordinary-nonchecking-capture,1
benchmark:middlegame:3,middlegame,17350,7,10,r4r1k/1pp2ppp/p1np4/3Np1q1/2B1n3/P2P1Q2/1PP3PP/R3R1K1 w - - 0 15,f3e4,320,1,10,11,-340,30,62,LOWER,true,true,true,true,static,62,ordinary-nonchecking-capture,1
benchmark:middlegame:3,middlegame,17512,10,13,r4r1k/1pp1Nppp/p1np4/4p3/2B3Q1/P2P4/1PP3PP/R3n2K b - - 0 16,e1c2,100,1,-11,-10,-141,30,15,LOWER,true,true,true,true,static,15,ordinary-nonchecking-capture,1
benchmark:middlegame:3,middlegame,18129,6,9,r3kr2/1pp3pp/p1np1q2/2b1N3/4P1Q1/P1NP4/1PP2PPP/R3R1K1 b - - 0 14,f6e5,320,1,-11,-10,-361,30,54,LOWER,true,true,true,true,static,54,ordinary-nonchecking-capture,1
benchmark:middlegame:3,middlegame,36314,18,21,B5k1/2p2p1p/p7/8/8/P7/2P2PbP/B5K1 b - - 0 20,g2a8,330,1,-19,-10,-379,30,0,LOWER,true,true,true,true,static,0,ordinary-nonchecking-capture,2
benchmark:middlegame:3,middlegame,38397,13,16,B4rk1/2p2ppp/3p4/n2Np1n1/8/P2PK3/1P4PP/R7 w - - 0 18,d5c7,100,1,50,60,-80,30,75,LOWER,true,true,true,true,static,75,ordinary-nonchecking-capture,1
corpus:tail-kiwipete-e1d1:full,tail-kiwipete-e1d1,791,22,22,r6R/p3k3/1n4p1/8/8/8/PbPK1P1P/7R b - - 0 12,a8h8,500,1,256,261,-273,29,380,LOWER,true,true,true,true,static,380,same-target-q-recapture,4
corpus:tail-kiwipete-e1d1:full,tail-kiwipete-e1d1,6481,8,8,r3k2b/p1ppqp2/1n2pn2/3P4/4P3/7p/PPPQ1PPP/R2K3R b q - 0 5,f6e4,100,1,235,244,106,29,266,LOWER,true,true,true,true,static,266,ordinary-nonchecking-capture,2
corpus:tail-kiwipete-e1d1:full,tail-kiwipete-e1d1,6573,20,20,R6r/p1k5/1n1p2p1/8/4P3/7P/P1P2P1P/b2K3R b - - 0 11,h8a8,500,1,241,263,-288,29,357,LOWER,true,true,true,true,static,357,same-target-q-recapture,1
corpus:tail-kiwipete-e1d1:full,tail-kiwipete-e1d1,12201,10,10,r3k2r/p1ppqpb1/1n2P1p1/4N3/4Q3/8/PPPK1P1P/R6R b kq - 0 6,e7e6,100,1,282,291,153,29,303,LOWER,true,true,true,true,static,303,ordinary-nonchecking-capture,1
corpus:tail-kiwipete-e1d1:full,tail-kiwipete-e1d1,15290,18,18,r2k3N/p1pp1Pb1/1n6/8/4n3/3K4/PPP2P1P/3b3R b - - 1 10,g7b2,100,1,282,283,153,29,-32748,UPPER,false,false,false,false,mate,301,mate,1
corpus:tail-kiwipete-e1d1:full,tail-kiwipete-e1d1,17313,10,10,r3k2N/p1pp1pb1/1n3n2/8/4q3/5Q1p/PPPK1PPP/R6R b q - 0 6,h3g2,100,1,290,291,161,29,313,LOWER,true,true,true,true,static,313,ordinary-nonchecking-capture,1
corpus:tail-kiwipete-e1d1:full,tail-kiwipete-e1d1,17756,20,20,R6r/p1k5/1n1p2p1/8/4P3/7P/P1P2P1P/b2K3R b - - 0 11,h8a8,500,1,241,282,-288,29,357,LOWER,true,true,true,true,static,357,same-target-q-recapture,1
corpus:tail-evasion-:lower,tail-evasion-,2,3,3,r3k2r/Pppp1ppp/1b3nbN/nP6/BBP1P3/q4N2/P2P2PP/Q4R1K b kq - 0 2,a3b4,330,1,391,392,32,29,410,LOWER,true,true,true,true,static,410,ordinary-nonchecking-capture,1
benchmark:kiwipete:2,kiwipete,3091,13,15,r3k2r/p1pN1pb1/Bn4p1/8/8/2p1KQ2/PPP2P1P/R7 b kq - 1 8,c3b2,100,1,-310,-283,-439,29,-254,LOWER,true,true,true,true,static,-254,ordinary-nonchecking-capture,1
benchmark:kiwipete:2,kiwipete,3445,13,15,r3k2r/p1pN1pb1/Bn4p1/8/8/2p1KQ2/PPP2P1P/R7 b kq - 0 8,c3b2,100,1,-310,-283,-439,29,-254,LOWER,true,true,true,true,static,-254,ordinary-nonchecking-capture,1
benchmark:kiwipete:2,kiwipete,7463,9,11,r4k2/p1p1qp2/1n2pbp1/3P4/4P3/2B4Q/PPP1KP1P/R6R b - - 0 6,e6d5,100,1,-425,-424,-554,29,-400,LOWER,true,true,true,true,static,-400,ordinary-nonchecking-capture,2
benchmark:kiwipete:2,kiwipete,11221,15,17,3r3r/p1p2pB1/1n4p1/8/4Pk2/7p/PPP1KPPP/R6R b - - 0 9,h3g2,100,1,-110,-61,-239,29,99,LOWER,true,true,true,true,static,99,ordinary-nonchecking-capture,1
benchmark:kiwipete:2,kiwipete,11242,15,17,3r3r/p1p2pB1/1n4p1/8/4Pk2/7p/PPP1KPPP/R6R b - - 0 9,h3g2,100,1,-110,-69,-239,29,99,LOWER,true,true,true,true,static,99,ordinary-nonchecking-capture,2
benchmark:middlegame:2,middlegame,2883,1,3,r4r1k/1pp1qppp/p1np1B2/2b1p3/2B1P1b1/P1NP1N2/1PP1QPPP/2R2RK1 b - - 0 11,e7f6,330,1,-12,3,-371,29,5,LOWER,true,true,true,true,static,5,same-target-q-recapture,1
benchmark:middlegame:2,middlegame,4549,11,13,r4k2/1pp3pp/p2p4/2b1N3/3nP3/P1NP4/1PP2PPP/5RK1 b - - 0 16,d6e5,320,1,0,1,-349,29,12,LOWER,true,true,true,true,static,12,ordinary-nonchecking-capture,1
benchmark:middlegame:2,middlegame,4703,11,13,r7/1pp1q1pp/p1np2k1/4p1N1/6Q1/P1NP4/RPP3PP/5K2 b - - 0 16,e7g5,320,1,-1,1,-350,29,6,LOWER,true,true,true,true,static,6,ordinary-nonchecking-capture,1
benchmark:middlegame:2,middlegame,7285,14,16,r5k1/1pp2p1p/p2p4/2N5/8/P2P4/1nP2P1P/R5K1 w - - 0 18,c5b7,100,1,-1,0,-130,29,0,LOWER,true,true,true,true,static,0,ordinary-nonchecking-capture,1
benchmark:kiwipete:3,kiwipete,1688,12,15,r7/p1pp1kb1/5n2/3q4/8/8/PPP1KPPP/R6R b - - 0 8,d5g2,100,1,797,849,668,29,830,EXACT,true,false,true,true,static,830,ordinary-nonchecking-capture,1
benchmark:kiwipete:3,kiwipete,5378,14,17,r3k3/p1pp1q2/1n6/3P4/8/8/P1P1KPPP/R7 b q - 0 9,f7d5,100,1,710,714,581,29,864,LOWER,true,true,true,true,static,864,ordinary-nonchecking-capture,2
benchmark:kiwipete:3,kiwipete,5802,9,12,r3k2N/p1pp1p2/1q6/8/1p2P3/8/P1PBbPPP/b3K2R w Kq - 0 7,h8f7,100,-1,-810,-714,-939,29,-687,LOWER,true,true,true,true,static,-687,SEE-negative,1
benchmark:kiwipete:3,kiwipete,9760,10,13,r3k2b/p1p5/1n3np1/2qP4/8/2B5/PPP1KPPP/R6R b q - 0 7,c5d5,100,1,648,661,519,29,786,LOWER,true,true,true,true,static,786,same-target-q-recapture,1
benchmark:kiwipete:3,kiwipete,30704,6,9,r3k2r/p1p3b1/Bn2qnp1/8/4P3/1pN5/PPPB1PPP/R3K2R b KQkq - 0 5,f6e4,100,1,612,708,483,29,767,LOWER,true,true,true,true,static,767,ordinary-nonchecking-capture,1
benchmark:kiwipete:3,kiwipete,39291,12,15,r3k2r/p1pN1pb1/Bn4p1/8/8/2p1KQ2/PPP2P1P/R7 b kq - 1 8,c3b2,100,1,-310,-256,-439,29,-254,LOWER,true,true,true,true,static,-254,ordinary-nonchecking-capture,1
benchmark:kiwipete:3,kiwipete,39650,12,15,r3k2r/p1pN1pb1/Bn4p1/8/8/2p1KQ2/PPP2P1P/R7 b kq - 0 8,c3b2,100,1,-310,-256,-439,29,-254,LOWER,true,true,true,true,static,-254,ordinary-nonchecking-capture,1
benchmark:kiwipete:3,kiwipete,43175,11,14,r1k4b/p1pnq3/4p1p1/3P4/8/2pK1Q1p/PPP2PPP/R6R w - - 0 8,d5e6,100,1,282,290,153,29,520,LOWER,true,true,true,true,static,520,ordinary-nonchecking-capture,1
benchmark:kiwipete:3,kiwipete,47146,7,10,r7/p1p1qpb1/B1k2np1/3n4/1B2P3/7r/PPP2PPP/R3K2R w KQ - 0 6,b4e7,975,1,32,55,-972,29,61,LOWER,true,true,true,true,static,61,ordinary-nonchecking-capture,1
benchmark:kiwipete:3,kiwipete,50575,4,7,r5k1/p1pNqpb1/Bn2pnp1/3P4/1p2P3/2N4P/PPPB1P1P/R3K2R b KQ - 0 4,f6d7,320,1,219,297,-130,29,223,EXACT,true,false,true,true,static,223,ordinary-nonchecking-capture,1
benchmark:kiwipete:3,kiwipete,66762,14,17,3r3r/p1p2pB1/1n4p1/8/4Pk2/7p/PPP1KPPP/R6R b - - 0 9,h3g2,100,1,-110,-32,-239,29,99,LOWER,true,true,true,true,static,99,ordinary-nonchecking-capture,1
benchmark:evasion:3,evasion,508,6,9,r3k2r/Pppp1ppp/1b3nbN/1P6/2P1P3/1P3N2/3P2PP/R6K b kq - 0 5,a8a7,100,1,549,612,420,29,724,LOWER,true,true,true,true,static,724,ordinary-nonchecking-capture,1
benchmark:evasion:3,evasion,6984,6,9,r3k2r/Pppp1p1p/1b3Rbp/1P6/1qPNP3/1P6/3P2PP/Q5K1 b kq - 0 5,b4d2,100,1,390,543,261,29,425,EXACT,true,false,true,false,static,550,ordinary-nonchecking-capture,1
benchmark:evasion:3,evasion,18331,6,9,r3k2r/Pppp1ppp/5nbN/nPq5/B3P3/5N2/P4RPP/Q5K1 b kq - 1 5,c5a7,100,1,453,503,324,29,529,LOWER,true,true,true,true,static,529,ordinary-nonchecking-capture,1
benchmark:middlegame:3,middlegame,6526,0,3,r4r1k/1pp1qppp/p1np1B2/2b1p3/2B1P1b1/P1NP1N2/1PP1QPPP/2R2RK1 b - - 0 11,e7f6,330,1,-12,-10,-371,29,5,LOWER,true,true,true,true,static,5,ordinary-nonchecking-capture,1
benchmark:middlegame:3,middlegame,10848,0,3,2r2rk1/1pp1qppp/p1np1B2/2b1p3/2B1P1b1/P1NP1N2/1PP1QPPP/4RRK1 b - - 0 11,e7f6,330,1,-22,-10,-381,29,7,LOWER,true,true,true,true,static,7,ordinary-nonchecking-capture,1
benchmark:middlegame:3,middlegame,14815,1,4,r4rk1/1pp1qppp/p1np1n2/2b1p1B1/2B1P3/P1NP1b2/1PP1QPPP/4RR1K w - - 0 12,e2f3,330,1,11,17,-348,29,33,LOWER,true,true,true,true,static,33,same-target-q-recapture,1
benchmark:middlegame:3,middlegame,18534,14,17,r2B1r2/1ppk2pp/p1np4/2b5/6b1/P1N2N2/1PP1Q1PP/4RK2 b - - 0 18,d7d8,330,1,-11,-10,-370,29,-10,LOWER,true,true,true,true,static,-10,ordinary-nonchecking-capture,1
benchmark:middlegame:3,middlegame,23712,10,13,B4rk1/2p2ppp/p2p4/4p1q1/4K3/P1NP1Q2/1Pn3PP/R4R2 b - - 0 16,c2a1,500,1,-13,-10,-542,29,-10,LOWER,true,true,true,true,static,-10,ordinary-nonchecking-capture,1
benchmark:middlegame:3,middlegame,33213,4,7,r4Bk1/1pp2ppp/p1np4/4p3/2B1P1b1/P2PnN2/1PP2PPP/R4RK1 b - - 0 13,e3f1,500,1,-111,-10,-640,29,-74,EXACT,true,false,true,true,static,-74,ordinary-nonchecking-capture,1
benchmark:middlegame:3,middlegame,36124,16,19,6k1/2p2ppp/p7/4B3/4B3/P7/2P2PPP/b5K1 b - - 0 19,a1e5,330,1,-111,-10,-470,29,0,LOWER,true,true,true,true,static,0,ordinary-nonchecking-capture,2
benchmark:middlegame:3,middlegame,36459,16,19,r7/2p2pkp/p7/8/3b4/P7/1PP2PBP/R5K1 b - - 0 19,d4b2,100,1,-59,-12,-188,29,-28,EXACT,true,false,true,true,static,-28,ordinary-nonchecking-capture,1
benchmark:middlegame:3,middlegame,36479,14,17,r5k1/1Bp2pBp/p7/8/3b4/P7/1PP2PbP/R5K1 b - - 0 18,d4b2,100,-1,-18,-10,-147,29,-9,LOWER,true,true,true,true,static,-9,SEE-negative,1
benchmark:middlegame:3,middlegame,36736,16,19,B5k1/2p2p1p/p2p4/4B3/4P3/P7/2P2P1P/b5K1 b - - 0 19,a1e5,330,1,-95,-10,-454,29,27,LOWER,true,true,true,true,static,27,ordinary-nonchecking-capture,2
corpus:tail-kiwipete-e1d1:full,tail-kiwipete-e1d1,6085,17,17,r7/p1pk2b1/1n3nN1/8/8/8/PPP1KP1P/R6q w - - 0 10,a1h1,975,1,-221,-210,-1224,28,-75,LOWER,true,true,true,true,static,-75,same-target-q-recapture,2
corpus:tail-evasion-:full,tail-evasion-,782,11,11,r3k2r/PpBp1p1p/5nbp/1P6/B1P1P3/5R2/P5PP/b6K b kq - 0 6,a8a7,100,1,391,410,263,28,663,LOWER,true,true,true,true,static,663,ordinary-nonchecking-capture,2
corpus:tail-evasion-:full,tail-evasion-,985,11,11,r3k2r/PpBp1p1p/5nbp/1P6/B1P1P3/5R2/P5PP/b6K b kq - 0 6,a8a7,100,1,391,405,263,28,663,LOWER,true,true,true,true,static,663,ordinary-nonchecking-capture,2
corpus:tail-evasion-:full,tail-evasion-,1477,11,11,r3k2r/Pppp1p1p/5Rbp/nP6/B2NP3/8/P2P2PP/6K1 b kq - 0 6,a8a7,100,1,154,383,26,28,427,LOWER,true,true,true,true,static,427,ordinary-nonchecking-capture,3
corpus:tail-evasion-:lower,tail-evasion-,266,11,11,r3k2r/PpBp1p1p/5nbp/1P6/B1P1P3/5R2/P5PP/b6K b kq - 0 6,a8a7,100,1,391,392,263,28,663,LOWER,true,true,true,true,static,663,ordinary-nonchecking-capture,2
corpus:tail-evasion-:upper,tail-evasion-,2,3,3,r3k2r/Pppp1ppp/1b3nbN/nP6/BBP1P3/q4N2/P2P2PP/Q4R1K b kq - 0 2,a3b4,330,1,390,391,32,28,410,LOWER,true,true,true,true,static,410,ordinary-nonchecking-capture,1
benchmark:kiwipete:2,kiwipete,3076,13,15,r3k2r/p1pN1pb1/Bn4p1/8/8/2pK1Q2/PPP2P1P/R7 b kq - 1 8,c3b2,100,1,-310,-283,-438,28,-249,LOWER,true,true,true,true,static,-249,ordinary-nonchecking-capture,1
benchmark:kiwipete:2,kiwipete,3413,13,15,r3k2r/p1pN1pb1/Bn4p1/8/8/2pK1Q2/PPP2P1P/R7 b kq - 0 8,c3b2,100,1,-310,-283,-438,28,-249,LOWER,true,true,true,true,static,-249,ordinary-nonchecking-capture,1
benchmark:middlegame:2,middlegame,1106,0,2,r4rk1/1pp1qppp/p1np1n2/2b1p1B1/2B1P3/P1NP1b2/1PP1QPPP/R4R1K w - - 0 11,e2f3,330,1,-6,32769,-364,28,12,EXACT,true,false,true,true,static,12,ordinary-nonchecking-capture,1
benchmark:middlegame:2,middlegame,2517,1,3,r4r1k/1pp1qppp/p1np1B2/2b1p3/2B1P1b1/P1NP1N2/1PP1QPPP/1R3RK1 b - - 0 11,e7f6,330,1,-4,6,-362,28,14,LOWER,true,true,true,true,static,14,same-target-q-recapture,1
benchmark:middlegame:2,middlegame,3500,1,3,r4r1k/1pp1qppp/p1np1B2/2b1p3/2B1P1b1/P1NP1N2/1PP1QPPP/3R1RK1 b - - 0 11,e7f6,330,1,-11,4,-369,28,7,LOWER,true,true,true,true,static,7,same-target-q-recapture,1
benchmark:middlegame:2,middlegame,4854,1,3,r4r1k/1pp1qppp/p1np1B2/2b1p3/2B1P1b1/P1NP1N2/RPP1QPPP/5RK1 b - - 0 11,e7f6,330,1,-1,1,-359,28,17,LOWER,true,true,true,true,static,17,same-target-q-recapture,1
benchmark:middlegame:2,middlegame,5544,1,3,r4r1k/1pp1qppp/p1np1B2/2b1p3/4P1b1/PBNP1N2/1PP1QPPP/R4RK1 b - - 0 11,e7f6,330,1,-3,1,-361,28,15,LOWER,true,true,true,true,static,15,same-target-q-recapture,1
benchmark:middlegame:2,middlegame,5578,0,2,r4rk1/1pp1qppp/p1np1n2/2bBp1B1/4P3/P1NP1b2/1PP1QPPP/R4RK1 w - - 0 11,e2f3,330,1,-1,32769,-359,28,19,EXACT,true,false,true,true,static,19,ordinary-nonchecking-capture,1
benchmark:middlegame:2,middlegame,7694,10,12,5rk1/1pp2ppp/p1np4/3Np3/2B1n3/P2P4/1PP3PP/R4K2 w - - 0 16,d3e4,320,1,-1,23,-349,28,12,EXACT,true,false,true,true,static,12,ordinary-nonchecking-capture,1
benchmark:kiwipete:3,kiwipete,9416,8,11,r3k2b/p1p2p2/1n2pn2/2qP4/4P3/2B5/PPP1KPPP/R6R b q - 0 6,f6e4,100,1,591,664,463,28,620,EXACT,true,false,true,true,static,620,ordinary-nonchecking-capture,1
benchmark:kiwipete:3,kiwipete,10370,12,15,r7/p1p2k2/1n1qp3/3P4/4n3/2P5/P1P1KPPP/R6R b - - 0 8,d6d5,100,1,590,614,462,28,713,LOWER,true,true,true,true,static,713,ordinary-nonchecking-capture,2
benchmark:kiwipete:3,kiwipete,12079,12,15,1r6/p1p2kb1/1n2qn2/8/4P3/8/PPPK1PPP/R6R b - - 0 8,e6e4,100,1,590,661,462,28,966,LOWER,true,true,true,true,static,966,ordinary-nonchecking-capture,4
benchmark:kiwipete:3,kiwipete,16152,12,15,r3kr2/p1p2Nb1/1n4p1/8/4n3/8/PPP1KPPP/R6R b q - 0 8,f8f7,320,1,626,629,278,28,643,LOWER,true,true,true,true,static,643,ordinary-nonchecking-capture,3
benchmark:kiwipete:3,kiwipete,20702,7,10,r3k2N/p1p1q3/1n3npb/3p4/4P3/2B5/PPP1bPPP/R3K2R w KQq - 0 6,h8g6,100,1,-603,-590,-731,28,-582,LOWER,true,true,true,true,static,-582,ordinary-nonchecking-capture,1
benchmark:kiwipete:3,kiwipete,23886,8,11,r3kb1N/p1p1q3/1n2Pnp1/8/4P3/8/PPPpKPPP/R6R b q - 0 6,e7e6,100,1,590,649,462,28,702,LOWER,true,true,true,true,static,702,ordinary-nonchecking-capture,5
benchmark:kiwipete:3,kiwipete,24340,8,11,r3kb1N/p1p1q3/1n2Pnp1/8/4P3/8/PPPpKPPP/R6R b q - 0 6,e7e6,100,1,590,641,462,28,702,LOWER,true,true,true,true,static,702,same-target-q-recapture,1
benchmark:kiwipete:3,kiwipete,29407,9,12,r3k2N/p1p1q2n/1n4p1/3p4/4P3/2P5/P1P1bPPP/R3K2R w KQq - 0 7,e4d5,100,1,-621,-590,-749,28,-598,EXACT,true,false,true,true,static,-598,same-target-q-recapture,1
benchmark:kiwipete:3,kiwipete,39276,12,15,r3k2r/p1pN1pb1/Bn4p1/8/8/2pK1Q2/PPP2P1P/R7 b kq - 1 8,c3b2,100,1,-310,-256,-438,28,-249,LOWER,true,true,true,true,static,-249,ordinary-nonchecking-capture,1
benchmark:kiwipete:3,kiwipete,39618,12,15,r3k2r/p1pN1pb1/Bn4p1/8/8/2pK1Q2/PPP2P1P/R7 b kq - 0 8,c3b2,100,1,-310,-256,-438,28,-249,LOWER,true,true,true,true,static,-249,ordinary-nonchecking-capture,1
benchmark:kiwipete:3,kiwipete,42156,16,19,r6b/p1pp4/Bn1k2N1/8/8/2p4P/PPP2P1P/5RK1 b - - 0 10,c3b2,100,1,-296,-279,-424,28,44,LOWER,true,true,true,true,static,44,ordinary-nonchecking-capture,1
benchmark:kiwipete:3,kiwipete,42213,16,19,r6b/p1pp4/Bn1k2N1/8/8/2p4P/PPP2P1P/5RK1 b - - 0 10,c3b2,100,1,-296,-273,-424,28,44,LOWER,true,true,true,true,static,44,ordinary-nonchecking-capture,1
benchmark:kiwipete:3,kiwipete,45217,6,9,r3k3/p1ppqp2/Bn2p1p1/3P4/1p6/2B4P/PPP2P1P/R3K2R b KQq - 0 5,b4c3,330,1,412,414,54,28,427,LOWER,true,true,true,true,static,427,same-target-q-recapture,1
benchmark:kiwipete:3,kiwipete,55629,6,9,r3k3/p1ppqp2/Bn2p1p1/3P4/1p2P1P1/2B5/PPP2P1P/R3K2R b KQq - 0 5,b4c3,330,1,218,230,-140,28,230,LOWER,true,true,true,true,static,230,same-target-q-recapture,1
benchmark:kiwipete:3,kiwipete,61895,12,15,r1k5/p1pp1N2/1n3bp1/8/1B2P3/7r/PPP1KP1P/R6R b - - 0 8,f6b2,100,1,-80,-79,-208,28,-47,LOWER,true,true,true,true,static,-47,ordinary-nonchecking-capture,1
benchmark:evasion:3,evasion,621,2,5,r3k2r/Pppp1ppp/1b3nbN/nP6/1qP1P3/5N2/P1BP2PP/Q4R1K b kq - 0 3,a8a7,100,1,530,601,402,28,637,LOWER,true,true,true,true,static,637,ordinary-nonchecking-capture,1
benchmark:middlegame:3,middlegame,7281,0,3,r4r1k/1pp1qppp/p1np1B2/2b1p3/2B1P1b1/P1NP1N2/1PP1QPPP/3R1RK1 b - - 0 11,e7f6,330,1,-11,-10,-369,28,7,LOWER,true,true,true,true,static,7,ordinary-nonchecking-capture,1
benchmark:middlegame:3,middlegame,9604,9,12,r4rk1/1pB2ppp/p1np4/2b1p3/2B3b1/P1N2n2/1PP1Q1PP/5R1K w - - 0 16,g2f3,320,1,10,22,-338,28,104,LOWER,true,true,true,true,static,104,same-target-q-recapture,1
benchmark:middlegame:3,middlegame,14748,15,18,5r2/1pp3pQ/p1npk3/8/4P3/P1PP4/2P3PP/4b2K w - - 0 19,h7g7,100,1,15,17,-113,28,159,LOWER,true,true,true,true,static,159,ordinary-nonchecking-capture,1
benchmark:middlegame:3,middlegame,23302,14,17,r5k1/2p2ppp/p2p4/4p1q1/8/P1PQ4/2P3PP/R2K1R2 b - - 0 18,g5g2,100,1,-13,-10,-141,28,74,LOWER,true,true,true,true,static,74,ordinary-nonchecking-capture,1
benchmark:middlegame:3,middlegame,25966,3,6,r4rk1/1pp1Bppp/p1np4/2bNp3/2B1b3/P2P4/1PP2PPP/R4RK1 w - - 0 13,d3e4,330,1,217,252,-141,28,221,EXACT,true,false,true,true,static,221,same-target-q-recapture,1
benchmark:middlegame:3,middlegame,36288,12,15,r5k1/1Bp2ppp/p7/4B3/3bb3/P7/1PP2PPP/R5K1 b - - 0 17,d4b2,100,-1,-19,-10,-147,28,0,LOWER,true,true,true,true,static,0,SEE-negative,1
corpus:tail-kiwipete-e1d1:full,tail-kiwipete-e1d1,417,18,18,r4k1r/p2P1pb1/6p1/8/8/8/PPPK1P1P/7R b - - 0 10,g7b2,100,1,212,263,85,27,261,EXACT,true,false,true,true,static,261,ordinary-nonchecking-capture,2
corpus:tail-kiwipete-e1d1:full,tail-kiwipete-e1d1,3079,18,18,r6r/p1pn2b1/6p1/6k1/4P3/7P/PPPK1P1P/R6R b - - 0 10,g7b2,100,1,183,194,56,27,223,LOWER,true,true,true,true,static,223,ordinary-nonchecking-capture,1
corpus:tail-kiwipete-e1d1:full,tail-kiwipete-e1d1,7419,18,18,r4k1r/p2P1pb1/6p1/8/8/8/PPPK1P1P/7R b - - 0 10,g7b2,100,1,212,266,85,27,261,EXACT,true,false,true,true,static,261,ordinary-nonchecking-capture,2
corpus:tail-kiwipete-e1d1:full,tail-kiwipete-e1d1,16863,13,13,r2k3r/p1pp1Qb1/1n2q3/4N3/8/2B5/PPP1KP1P/R6q w - - 1 8,a1h1,975,1,-291,-282,-1293,27,-274,LOWER,true,true,true,true,static,-274,ordinary-nonchecking-capture,1
corpus:tail-kiwipete-f3h3:full,tail-kiwipete-f3h3,304,12,12,r7/p1pkqPb1/1n3np1/8/4P3/7P/PPPK1P1P/R6R b - - 0 7,e7e4,100,1,491,590,364,27,673,LOWER,true,true,true,true,static,673,ordinary-nonchecking-capture,3
corpus:tail-evasion-:full,tail-evasion-,764,11,11,r3k2r/PpBp1p1p/5nbp/1P6/B1P1P3/5R2/P5PP/b4K2 b kq - 0 6,a8a7,100,1,391,410,264,27,664,LOWER,true,true,true,true,static,664,ordinary-nonchecking-capture,2
corpus:tail-evasion-:full,tail-evasion-,967,11,11,r3k2r/PpBp1p1p/5nbp/1P6/B1P1P3/5R2/P5PP/b4K2 b kq - 0 6,a8a7,100,1,391,405,264,27,664,LOWER,true,true,true,true,static,664,ordinary-nonchecking-capture,2
corpus:tail-evasion-:lower,tail-evasion-,248,11,11,r3k2r/PpBp1p1p/5nbp/1P6/B1P1P3/5R2/P5PP/b4K2 b kq - 0 6,a8a7,100,1,391,392,264,27,664,LOWER,true,true,true,true,static,664,ordinary-nonchecking-capture,2
benchmark:kiwipete:2,kiwipete,4181,12,14,r6r/p1pk1p2/Bn4p1/8/8/8/PbPp1PQP/R2K3R w - - 0 8,d1d2,100,1,283,310,156,27,350,LOWER,true,true,true,true,static,350,ordinary-nonchecking-capture,2
benchmark:kiwipete:2,kiwipete,4483,12,14,r3k3/p1pp4/B3p1N1/3n4/1p6/7p/P1PK1PPP/R7 w q - 0 8,g2h3,100,1,283,310,156,27,322,LOWER,true,true,true,true,static,322,ordinary-nonchecking-capture,1
benchmark:kiwipete:2,kiwipete,8006,7,9,r6r/p1p1kpb1/1n3Np1/8/1p2P3/2N4p/PPPBKPPP/R6R b - - 0 5,g7f6,320,1,-149,-109,-496,27,-133,EXACT,true,false,true,false,static,-47,ordinary-nonchecking-capture,2
benchmark:kiwipete:2,kiwipete,10830,15,17,r7/p1pp2b1/1n4p1/4k3/4P3/7p/PPPK1PPP/R6R b - - 0 9,h3g2,100,1,-115,-61,-242,27,145,LOWER,true,true,true,true,static,145,ordinary-nonchecking-capture,3
benchmark:kiwipete:2,kiwipete,11086,18,20,r6r/p1B2pB1/1n4p1/6k1/4P3/8/PPP1KP1P/R6r w - - 1 11,a1h1,500,1,61,81,-466,27,130,LOWER,true,true,true,true,static,130,ordinary-nonchecking-capture,1
benchmark:evasion:2,evasion,6475,10,12,r3k2r/Pppp1ppp/6bN/nP6/rBPQn3/5R2/6PP/4K3 w kq - 0 7,d4g7,100,1,-66,-59,-193,27,-40,LOWER,true,true,true,true,static,-40,ordinary-nonchecking-capture,2
benchmark:evasion:2,evasion,8075,7,9,r3k2r/Pppp1p1p/5nbp/nP6/B1P1P3/B4N2/P5PP/R6K b kq - 0 5,a8a7,100,1,187,397,60,27,453,LOWER,true,true,true,true,static,453,ordinary-nonchecking-capture,1
benchmark:middlegame:2,middlegame,6519,13,15,r4Bk1/2p2ppp/p1p5/4p3/4P3/P1PP4/2P2PKP/R7 b - - 0 17,g8f8,330,1,-13,0,-370,27,7,LOWER,true,true,true,true,static,7,ordinary-nonchecking-capture,1
benchmark:kiwipete:3,kiwipete,2217,5,8,r3k2r/p1p2pb1/5qp1/3n4/1p2P3/2N5/PPPBbPPP/R3K2R w KQkq - 0 5,c3d5,320,1,-849,-757,-1196,27,-821,EXACT,true,false,true,true,static,-821,ordinary-nonchecking-capture,1
benchmark:kiwipete:3,kiwipete,6190,14,17,r3k3/p1pp4/1n6/3n4/8/2P5/P1q2PPP/R4K1R b q - 1 9,c2c3,100,1,788,816,661,27,947,LOWER,true,true,true,true,static,947,ordinary-nonchecking-capture,1
benchmark:kiwipete:3,kiwipete,10014,14,17,r6B/p1p5/Bn2k1p1/8/4n3/8/PP3qPP/R2K3R b - - 1 9,a8h8,330,1,692,697,335,27,725,LOWER,true,true,true,true,static,725,ordinary-nonchecking-capture,2
benchmark:kiwipete:3,kiwipete,14186,12,15,7r/p1p1kpb1/Bn2p3/3r4/4n3/8/PPP1KPPP/R6R b - - 1 8,g7b2,100,1,602,623,475,27,636,LOWER,true,true,true,true,static,636,ordinary-nonchecking-capture,1
benchmark:kiwipete:3,kiwipete,18366,6,9,r3k2r/p1ppq1b1/4pnp1/3P4/2B1P3/2B5/PPP2PPP/R3K2R b KQkq - 0 5,f6e4,100,1,692,693,565,27,720,LOWER,true,true,true,true,static,720,ordinary-nonchecking-capture,1
benchmark:kiwipete:3,kiwipete,24415,11,14,r3kb1N/p1p1q3/4pnp1/8/4n3/8/PPP2PPP/R3K2R w q - 0 8,h8g6,100,1,-641,-619,-768,27,-505,LOWER,true,true,true,true,static,-505,ordinary-nonchecking-capture,1
benchmark:kiwipete:3,kiwipete,29439,10,13,r3k3/p1p1q2n/1n2p1p1/3P4/4P3/2P5/P1P1KPPP/R6R b q - 0 7,e6d5,100,1,598,621,471,27,687,LOWER,true,true,true,true,static,687,ordinary-nonchecking-capture,1
benchmark:kiwipete:3,kiwipete,29751,10,13,r3k1n1/p1p1q3/1n2p1p1/3P4/4P3/2P5/P1P1KPPP/R6R b q - 0 7,e6d5,100,1,617,637,490,27,706,LOWER,true,true,true,true,static,706,ordinary-nonchecking-capture,1
benchmark:kiwipete:3,kiwipete,30818,6,9,r3k2r/p1p1q1b1/1n2Pnp1/8/4P3/1pN5/PPPBKPPP/R6R b kq - 0 5,e7e6,100,1,590,708,463,27,720,LOWER,true,true,true,true,static,720,ordinary-nonchecking-capture,1
benchmark:kiwipete:3,kiwipete,45845,18,21,7r/4rPbk/Bn6/8/8/8/PPPK1P1P/7R b - - 0 11,e7f7,100,1,-61,-45,-188,27,147,LOWER,true,true,true,true,static,147,same-target-q-recapture,1
benchmark:kiwipete:3,kiwipete,48910,10,13,B6r/p3kpb1/1n4p1/3pN3/8/7p/PPPn1PPP/R3K2R b KQ - 0 7,g7e5,320,1,-61,-32,-408,27,-32,LOWER,true,true,true,true,static,-32,ordinary-nonchecking-capture,1
benchmark:kiwipete:3,kiwipete,54015,11,14,r3k3/p1pp1p2/Bn4q1/8/1p2n3/2P4P/P1P1KP1P/R6R w q - 0 8,c3b4,100,1,-492,-405,-619,27,-415,EXACT,true,false,true,true,static,-415,ordinary-nonchecking-capture,1
benchmark:kiwipete:3,kiwipete,60444,11,14,n2k3r/p2p1pb1/5np1/8/1p6/5P1p/PPPB1P1P/R2K3R w - - 0 8,d2b4,100,1,32,60,-95,27,44,EXACT,true,false,true,true,static,44,ordinary-nonchecking-capture,1
benchmark:kiwipete:3,kiwipete,66267,14,17,r7/p1pp2b1/1n4p1/4k3/4P3/7p/PPPK1PPP/R6R b - - 0 9,h3g2,100,1,-115,-47,-242,27,145,LOWER,true,true,true,true,static,145,ordinary-nonchecking-capture,1
benchmark:kiwipete:3,kiwipete,66279,4,7,r6r/p1ppkpb1/1n2pNp1/3P4/1p2P3/2N4p/PPPBKPPP/R6R b - - 0 4,g7f6,320,1,-47,-32,-394,27,-31,LOWER,true,true,true,true,static,-31,ordinary-nonchecking-capture,1
benchmark:kiwipete:3,kiwipete,66394,14,17,r7/p1pp2b1/1n4p1/4k3/4P3/7p/PPPK1PPP/R6R b - - 0 9,h3g2,100,1,-115,-32,-242,27,145,LOWER,true,true,true,true,static,145,ordinary-nonchecking-capture,2
benchmark:evasion:3,evasion,3666,4,7,r3k2r/Pppp1p1p/1P3nbp/nP6/qB2P3/5N2/P2P1RPP/Q5K1 b kq - 0 4,f6e4,100,1,411,543,284,27,-32759,UPPER,false,false,false,false,mate,408,mate,1
benchmark:middlegame:3,middlegame,2089,2,5,5rk1/1pp1qppp/r2p1n2/2b1p1B1/3NP1b1/P1NPQ3/1PP2PPP/R4RK1 b - - 0 12,c5d4,320,1,230,235,-117,27,269,LOWER,true,true,true,true,static,269,same-target-q-recapture,1
benchmark:middlegame:3,middlegame,15353,0,3,r4rk1/1pp1qppp/p1np1B2/4p3/2BbP1b1/P1NP1N2/1PP1QPPP/4RRK1 b - - 0 11,e7f6,330,1,-17,-10,-374,27,10,LOWER,true,true,true,true,static,10,ordinary-nonchecking-capture,1
benchmark:middlegame:3,middlegame,18431,17,20,3rkr2/1pp3Qp/p1n5/2b1p3/8/P1N5/1PP3PP/R3K3 w - - 1 20,g7h7,100,1,10,11,-117,27,38,LOWER,true,true,true,true,static,38,ordinary-nonchecking-capture,1
benchmark:middlegame:3,middlegame,22238,12,15,r4Bk1/2p2ppp/p1p5/4p3/4P3/P1PP4/2P2PKP/R7 b - - 0 17,g8f8,330,1,-13,-10,-370,27,7,LOWER,true,true,true,true,static,7,ordinary-nonchecking-capture,2
benchmark:middlegame:3,middlegame,36011,14,17,B5k1/5ppp/p2p4/4p3/4P3/P2P4/1b3PPP/R5K1 b - - 0 18,b2a1,500,1,-108,-10,-635,27,0,LOWER,true,true,true,true,static,0,ordinary-nonchecking-capture,2
benchmark:middlegame:3,middlegame,36037,14,17,B5k1/5ppp/p2p4/4p3/4P3/P2P4/1b3PPP/R5K1 b - - 0 18,b2a1,500,1,-108,-20,-635,27,0,LOWER,true,true,true,true,static,0,ordinary-nonchecking-capture,1
benchmark:middlegame:3,middlegame,36834,14,17,r5k1/1Bp2p1p/p7/4p3/3bP3/P7/1PP2P1P/R5K1 b - - 0 18,d4b2,100,1,-23,-10,-150,27,0,LOWER,true,true,true,true,static,0,ordinary-nonchecking-capture,1
benchmark:middlegame:3,middlegame,36874,16,19,B5k1/2p2p1p/p2p4/8/4b3/P2P4/2P2P1P/B5K1 b - - 0 19,e4a8,330,1,-16,-10,-373,27,0,LOWER,true,true,true,true,static,0,ordinary-nonchecking-capture,1
benchmark:middlegame:3,middlegame,38774,11,14,rn3Bk1/2p2ppp/p2p4/3Np3/4n3/P2P4/1PP3PP/R4K2 w - - 0 17,f8g7,100,-1,33,40,-94,27,99,LOWER,true,true,true,true,static,99,SEE-negative,1
corpus:tail-kiwipete-e1d1:full,tail-kiwipete-e1d1,1087,18,18,r4k1r/p4P2/1n4p1/8/8/7p/P1PK1PPP/R7 b - - 0 10,f8f7,100,1,225,263,99,26,605,LOWER,true,true,true,true,static,605,ordinary-nonchecking-capture,1
corpus:tail-kiwipete-e1d1:full,tail-kiwipete-e1d1,4386,8,8,r3k2b/p1ppq3/1n2pnp1/3P4/4P3/5Q1p/PPPK1PPP/R6R b q - 0 5,e6d5,100,1,217,263,91,26,221,EXACT,true,false,true,true,static,221,ordinary-nonchecking-capture,1
corpus:tail-kiwipete-e1d1:full,tail-kiwipete-e1d1,8083,18,18,r4k1r/p4P2/1n4p1/8/8/7p/P1PK1PPP/R7 b - - 0 10,f8f7,100,1,225,266,99,26,605,LOWER,true,true,true,true,static,605,ordinary-nonchecking-capture,1
corpus:tail-kiwipete-e1d1:full,tail-kiwipete-e1d1,12017,14,14,r2k4/p1ppNPb1/1n3n2/8/4P3/8/PPPK1Pr1/R6R b - - 0 8,d8e7,320,1,282,290,-64,26,299,LOWER,true,true,true,true,static,299,ordinary-nonchecking-capture,1
corpus:tail-kiwipete-e1d1:full,tail-kiwipete-e1d1,13834,12,12,r2k3r/p1pp1Pb1/Bn4p1/8/4n3/3K3p/PPP2PPP/R6R b - - 1 7,g7b2,100,1,282,291,156,26,296,LOWER,true,true,true,true,static,296,ordinary-nonchecking-capture,1
corpus:tail-kiwipete-e1d1:full,tail-kiwipete-e1d1,17815,8,8,r3k2b/p1ppq3/1n2pnp1/3P4/4P3/5Q1p/PPPK1PPP/R6R b q - 0 5,e6d5,100,1,217,291,91,26,221,EXACT,true,false,true,true,static,221,ordinary-nonchecking-capture,1
corpus:tail-evasion-:full,tail-evasion-,1502,9,9,r3k2r/Pppp1p1p/5Rbp/nPq5/B2NP3/8/P2P2PP/Q5K1 b kq - 0 5,c5a7,100,1,184,391,58,26,409,LOWER,true,true,true,true,static,409,ordinary-nonchecking-capture,1
benchmark:kiwipete:2,kiwipete,11084,18,20,r6r/p1B2pB1/1n4p1/8/4P1k1/8/PPP1KP1P/R6r w - - 1 11,a1h1,500,1,61,81,-465,26,138,LOWER,true,true,true,true,static,138,ordinary-nonchecking-capture,1
benchmark:evasion:2,evasion,10385,5,7,r3k2r/Pppp1p1p/1P3nbp/nP6/BB2P3/5R2/P2P2PP/Q5K1 b kq - 0 4,f6e4,100,1,-603,-374,-729,26,-32759,UPPER,false,false,false,false,mate,-700,mate,2
benchmark:evasion:2,evasion,12030,7,9,r3k2r/Pppp1p1p/5Rbp/nPq5/B2NP3/8/P2P2PP/Q5K1 b kq - 0 5,c5a7,100,1,184,410,58,26,409,EXACT,true,false,true,false,static,435,ordinary-nonchecking-capture,1
benchmark:middlegame:2,middlegame,1058,7,9,r4r2/1pp2kpp/p1np4/4q3/4P1Q1/P1NP4/1PP2KPP/R4R2 b - - 0 14,e5h2,100,1,-46,6,-172,26,-28,EXACT,true,false,true,true,static,-28,ordinary-nonchecking-capture,1
benchmark:middlegame:2,middlegame,1230,9,11,r6k/1pp2ppp/p1n5/2B1p3/2B1P3/P1Nb4/1PP2PPP/R6K b - - 0 15,d3c4,330,1,-8,0,-364,26,0,LOWER,true,true,true,true,static,0,ordinary-nonchecking-capture,1
benchmark:middlegame:2,middlegame,1454,1,3,4rrk1/1pp1qppp/p1np1B2/2b1p3/2B1P1b1/P1NP1N2/1PP1QPPP/R4R1K b - - 0 11,e7f6,330,1,-8,6,-364,26,7,LOWER,true,true,true,true,static,7,same-target-q-recapture,1
benchmark:middlegame:2,middlegame,7222,6,8,r4k2/1pp2ppp/p1np4/2b1p3/2B1P3/P1NP4/1PP2PPP/R4bK1 w - - 0 14,g1f1,330,1,-1,0,-357,26,0,LOWER,true,true,true,true,static,0,ordinary-nonchecking-capture,1
benchmark:kiwipete:3,kiwipete,5321,16,19,r3k3/p1pp1N2/1n2P3/8/8/5K2/2q2PPP/7R b q - 1 10,d7e6,100,1,714,752,588,26,840,LOWER,true,true,true,true,static,840,ordinary-nonchecking-capture,1
benchmark:kiwipete:3,kiwipete,6454,8,11,r3k3/p1pp2b1/1n4q1/8/1p2P3/2P5/P1PBbPPP/R3K2R b KQq - 0 6,g6g2,100,1,761,830,635,26,925,LOWER,true,true,true,true,static,925,ordinary-nonchecking-capture,1
benchmark:kiwipete:3,kiwipete,14165,10,13,3rk2r/p1p1Npb1/1n2p3/3P4/4n3/8/PPP1KPPP/R6R b k - 0 7,e8e7,320,1,590,628,244,26,602,EXACT,true,false,true,true,static,602,ordinary-nonchecking-capture,2
benchmark:kiwipete:3,kiwipete,14264,10,13,3rk2r/p1p1Npb1/1n2p3/3P4/4n3/8/PPP1KPPP/R6R b k - 0 7,e8e7,320,1,590,602,244,26,602,LOWER,true,true,true,true,static,602,ordinary-nonchecking-capture,1
benchmark:kiwipete:3,kiwipete,20713,11,14,r3k2N/p1p1q3/4pnpb/8/4n3/8/PPP2PPP/R3K2R w q - 0 8,h8g6,100,1,-649,-626,-775,26,-512,LOWER,true,true,true,true,static,-512,ordinary-nonchecking-capture,1
benchmark:kiwipete:3,kiwipete,32730,16,19,7r/p4kb1/4Nn2/6B1/4P3/8/P1P1KPPP/7q b - - 0 10,f7e6,320,1,663,686,317,26,698,LOWER,true,true,true,true,static,698,ordinary-nonchecking-capture,1
benchmark:kiwipete:3,kiwipete,43549,11,14,r2k3r/p1pn1Qb1/4p1p1/3P4/8/7p/PpP1KPPP/R6R w - - 0 8,d5e6,100,1,274,290,148,26,298,LOWER,true,true,true,true,static,298,ordinary-nonchecking-capture,1
benchmark:kiwipete:3,kiwipete,44059,16,19,7r/p1pk4/1n6/8/1P6/7p/P1Pn1PPP/R3K2R b KQ - 0 10,h3g2,100,1,-286,-285,-412,26,-205,LOWER,true,true,true,true,static,-205,ordinary-nonchecking-capture,1
benchmark:kiwipete:3,kiwipete,50451,4,7,r3k3/p1pNqpb1/Bn2pnp1/3P4/1p2P3/2N4P/PPPB1P1P/R3K2R b KQ - 0 4,e7d7,320,1,180,297,-166,26,186,EXACT,true,false,true,false,static,193,ordinary-nonchecking-capture,1
benchmark:kiwipete:3,kiwipete,55211,13,16,r6r/p1p1kp2/4P1p1/8/2B1P3/7p/P1P2PPP/b2K3R w - - 0 9,e6f7,100,1,-289,-279,-415,26,-245,LOWER,true,true,true,true,static,-245,ordinary-nonchecking-capture,1
benchmark:evasion:3,evasion,17567,6,9,r3k2r/Pppp1p1p/5Rbp/nPq5/B2NP3/8/P2P2PP/Q5K1 b kq - 0 5,c5a7,100,1,184,423,58,26,409,EXACT,true,false,true,false,static,435,ordinary-nonchecking-capture,1
benchmark:middlegame:3,middlegame,3286,6,9,r4r2/1pp2kpp/p1np4/4q3/4P1Q1/P1NP4/1PP2KPP/R4R2 b - - 0 14,e5h2,100,1,-46,150,-172,26,-28,EXACT,true,false,true,true,static,-28,ordinary-nonchecking-capture,1
benchmark:middlegame:3,middlegame,6749,9,12,r6k/1pp2ppp/p1nb4/3Np3/2B1P3/P2b4/1PP2PPP/2R3K1 w - - 0 16,c4d3,330,1,10,12,-346,26,30,LOWER,true,true,true,true,static,30,ordinary-nonchecking-capture,1
benchmark:middlegame:3,middlegame,9417,1,4,r2q1rk1/1pp2ppp/p1np1n2/2b1p1B1/2B1P3/P1NP1b2/1PP1QPPP/4RR1K w - - 0 12,e2f3,330,1,10,22,-346,26,35,LOWER,true,true,true,true,static,35,same-target-q-recapture,1
benchmark:middlegame:3,middlegame,10488,1,4,1r3rk1/1pp1qppp/p1np1n2/2b1p1B1/2B1P3/P1NP1b2/1PP1QPPP/4RR1K w - - 0 12,e2f3,330,1,10,22,-346,26,35,LOWER,true,true,true,true,static,35,same-target-q-recapture,1
benchmark:middlegame:3,middlegame,27032,7,10,r7/1pp2pkp/p1np4/2bNp3/2B1P3/P2P4/1PP2PPP/R4bK1 w - - 0 15,a1f1,330,1,175,252,-181,26,212,EXACT,true,false,true,true,static,212,ordinary-nonchecking-capture,1
benchmark:middlegame:3,middlegame,35834,13,16,r5k1/1B3ppp/p2p4/4p3/4P3/P2P4/2P2PPP/b4K2 w - - 0 18,b7a8,500,1,10,105,-516,26,118,LOWER,true,true,true,true,static,118,ordinary-nonchecking-capture,2
benchmark:middlegame:3,middlegame,36860,14,17,r5k1/2p2p1p/p7/4p3/3bB3/P2P4/1PP2P1P/R5K1 b - - 0 18,d4b2,100,1,-27,-10,-153,26,-16,EXACT,true,false,true,true,static,-16,ordinary-nonchecking-capture,1
benchmark:middlegame:3,middlegame,37170,12,15,r5k1/1pp2p1p/p2p4/4B3/3bB3/P7/1PP2PPP/R5K1 b - - 0 17,d4e5,330,1,-104,-65,-460,26,-48,LOWER,true,true,true,true,static,-48,ordinary-nonchecking-capture,1
benchmark:middlegame:3,middlegame,38206,7,10,r4rk1/1Bp2ppp/3p4/n2Np1q1/4n3/P2P1b2/1PP1Q1PP/R4RK1 w - - 0 15,e2f3,330,1,38,77,-318,26,50,EXACT,true,false,true,true,static,50,same-target-q-recapture,1
benchmark:middlegame:3,middlegame,39543,11,14,r2n1Bk1/2p2ppp/p2p4/3Np3/4n3/P2P4/1PP3PP/R4K2 w - - 0 17,f8g7,100,-1,10,24,-116,26,77,LOWER,true,true,true,true,static,77,SEE-negative,1
corpus:tail-kiwipete-e1d1:full,tail-kiwipete-e1d1,698,18,18,r4k1r/p2P1pb1/6p1/8/8/8/PPPK1P1P/7R b - - 0 10,g7b2,100,1,210,263,85,25,261,EXACT,true,false,true,true,static,261,ordinary-nonchecking-capture,1
corpus:tail-kiwipete-e1d1:full,tail-kiwipete-e1d1,6546,15,15,r2k3r/p1p2p2/1n2P1p1/8/4P3/7P/PPP2b1P/R2K3R w - - 0 9,e6f7,100,1,-263,-257,-388,25,142,LOWER,true,true,true,true,static,142,ordinary-nonchecking-capture,1
corpus:tail-kiwipete-e1d1:full,tail-kiwipete-e1d1,7694,18,18,r4k1r/p2P1pb1/6p1/8/8/8/PPPK1P1P/7R b - - 0 10,g7b2,100,1,210,266,85,25,261,EXACT,true,false,true,true,static,261,ordinary-nonchecking-capture,1
corpus:tail-kiwipete-e1d1:full,tail-kiwipete-e1d1,13463,16,16,7r/p1pk2b1/1n4p1/8/4n3/7p/PPP2PPP/R2K3R b - - 1 9,g7b2,100,1,282,291,157,25,328,LOWER,true,true,true,true,static,328,ordinary-nonchecking-capture,3
benchmark:kiwipete:2,kiwipete,5509,15,17,r7/p4pb1/1n1kP1N1/8/8/8/PPPnKP1P/R6R b - - 0 9,d6e6,100,1,-459,-434,-584,25,-438,EXACT,true,false,true,true,static,-438,same-target-q-recapture,2
benchmark:kiwipete:2,kiwipete,6268,11,13,r7/p1p1qPb1/1nk3p1/8/1p6/7Q/PPPKNP1P/R6R b - - 0 7,e7f7,100,1,-607,-520,-732,25,-391,LOWER,true,true,true,true,static,-391,same-target-q-recapture,2
benchmark:evasion:2,evasion,6104,15,17,r4k1r/Pp4pp/5nb1/QP6/2r1P3/5R2/3B1KPP/8 b - - 0 9,c4e4,100,1,-30,-18,-155,25,150,LOWER,true,true,true,true,static,150,ordinary-nonchecking-capture,2
benchmark:evasion:2,evasion,8133,5,7,r3k2r/Pppp1ppp/5nbN/nP6/2PbP3/B4N2/P5PP/3B1R1K b kq - 0 4,d4a7,100,1,319,410,194,25,424,LOWER,true,true,true,true,static,424,ordinary-nonchecking-capture,1
benchmark:evasion:2,evasion,8977,6,8,r3k2r/bpBp1p1p/5n1p/1PP5/B3b3/5N2/Rp1P2PP/3Q1RK1 w kq - 0 5,a2b2,100,1,936,949,811,25,984,LOWER,true,true,true,true,static,984,ordinary-nonchecking-capture,2
benchmark:kiwipete:3,kiwipete,6512,10,13,r3k3/p1pp2b1/1n4q1/3n4/4P3/8/PPP1KPPP/R6R b q - 0 7,g6g2,100,1,830,854,705,25,913,LOWER,true,true,true,true,static,913,ordinary-nonchecking-capture,1
benchmark:kiwipete:3,kiwipete,7618,8,11,r3k2b/p1pnq3/6p1/3P4/1p6/8/PPPBbPPP/R3K2R b KQq - 0 6,h8b2,100,1,839,851,714,25,867,LOWER,true,true,true,true,static,867,ordinary-nonchecking-capture,1
benchmark:kiwipete:3,kiwipete,9612,12,15,r3k2b/p1p5/1n2Pnp1/8/4P3/8/PPP2qPP/R1K4R b q - 1 8,f6e4,100,1,631,692,506,25,793,LOWER,true,true,true,true,static,793,ordinary-nonchecking-capture,5
benchmark:kiwipete:3,kiwipete,9630,8,11,r3k2b/p1p5/1n2pnp1/2qP4/4P3/2B5/PPP1KPPP/R6R b q - 0 6,f6e4,100,1,616,692,491,25,648,EXACT,true,false,true,false,static,661,ordinary-nonchecking-capture,1
benchmark:kiwipete:3,kiwipete,21869,16,19,r3k2r/p1pp1p2/6p1/3KN3/8/8/1qP2PPP/R6R b kq - 1 10,b2c2,100,1,975,994,850,25,1034,LOWER,true,true,true,true,static,1034,ordinary-nonchecking-capture,1
benchmark:kiwipete:3,kiwipete,25584,8,11,r3k2N/p1p1qpb1/4Pn2/8/4P3/2p5/PPPnKPPP/R6R b q - 0 6,e7e6,100,1,590,618,465,25,616,EXACT,true,false,true,true,static,616,ordinary-nonchecking-capture,1
benchmark:kiwipete:3,kiwipete,30825,6,9,r3k2r/p1p1q1b1/1n2Pnp1/8/4P3/1p6/PPPBNPPP/R3K2R b KQkq - 0 5,e7e6,100,1,590,708,465,25,714,LOWER,true,true,true,true,static,714,ordinary-nonchecking-capture,1
benchmark:kiwipete:3,kiwipete,33956,6,9,r3k2r/p3qpb1/Bn2pnp1/3PN3/8/2P5/P1PB1PPP/R3K2R b KQkq - 0 5,b6d5,100,1,643,666,518,25,687,LOWER,true,true,true,true,static,687,same-target-q-recapture,1
benchmark:kiwipete:3,kiwipete,43276,15,18,r3kn1Q/p1p1q3/4p1p1/3P4/8/8/PpP2PPP/R2K3R w - - 1 10,h8b2,100,1,273,282,148,25,334,LOWER,true,true,true,true,static,334,ordinary-nonchecking-capture,1
benchmark:kiwipete:3,kiwipete,54692,2,5,r3k3/p1ppqpb1/B3pnp1/3PN3/1pn1P3/2N4P/PPPB1P1P/R3K2R b KQq - 0 3,c4e5,320,1,274,506,-71,25,305,EXACT,true,false,true,true,static,305,ordinary-nonchecking-capture,1
benchmark:kiwipete:3,kiwipete,60476,11,14,n2k3r/p2p1pb1/5np1/8/1p6/5P1p/PPPB1P1P/R4K1R w - - 0 8,d2b4,100,1,32,60,-93,25,45,EXACT,true,false,true,true,static,45,ordinary-nonchecking-capture,1
benchmark:kiwipete:3,kiwipete,60508,10,13,n2k3r/p2p1pb1/5np1/4q3/1B2P3/8/PPP2PQP/R3K2R b KQ - 0 7,f6e4,100,1,-34,-32,-159,25,-6,LOWER,true,true,true,true,static,-6,ordinary-nonchecking-capture,1
benchmark:kiwipete:3,kiwipete,61014,10,13,r1k4r/p1p3b1/1n4Q1/4q3/1p2P3/7p/PPPBKPPP/R6R b - - 0 7,h3g2,100,1,-100,-95,-225,25,-55,LOWER,true,true,true,true,static,-55,ordinary-nonchecking-capture,1
benchmark:kiwipete:3,kiwipete,62656,8,11,r6r/p1pp1pb1/Bn2kNp1/4q3/1B2P3/8/PPP2PQP/R3K2R b KQ - 0 6,g7f6,320,1,-104,-95,-449,25,-102,EXACT,true,false,true,true,static,-102,ordinary-nonchecking-capture,1
benchmark:evasion:3,evasion,385,2,5,r3k2r/Pppp1Npp/1b3nb1/nP6/BqP1P3/5N2/P2P2PP/Q4R1K b kq - 0 3,g6f7,320,1,609,1271,264,25,612,EXACT,true,false,true,true,static,612,ordinary-nonchecking-capture,1
benchmark:evasion:3,evasion,3165,8,11,r3k2r/PpBp1p1p/5nbp/1P6/2P1P3/5P2/P2P1K1P/3B4 b kq - 0 6,a8a7,100,1,408,473,283,25,841,LOWER,true,true,true,true,static,841,ordinary-nonchecking-capture,1
benchmark:evasion:3,evasion,16783,8,11,r3k2r/Pppp1Npp/5nb1/nP6/B2NP3/8/P5PP/5RK1 b kq - 0 6,e8f7,320,1,466,543,121,25,472,EXACT,true,false,true,true,static,472,ordinary-nonchecking-capture,1
benchmark:middlegame:3,middlegame,16025,1,4,r4rk1/1pp1qppp/pbnp1n2/4p1B1/2B1P3/P1NP1b2/1PP1QPPP/4RR1K w - - 0 12,e2f3,330,1,10,17,-345,25,36,LOWER,true,true,true,true,static,36,same-target-q-recapture,1
benchmark:middlegame:3,middlegame,35818,7,10,r5k1/1pp2ppp/p2b4/3np3/2BNP3/P2P4/1PP2PPP/R4bK1 w - - 0 15,a1f1,330,1,106,111,-249,25,141,LOWER,true,true,true,true,static,141,ordinary-nonchecking-capture,1
benchmark:middlegame:3,middlegame,36806,15,18,r5k1/1Bp2p1p/p7/4p3/4P3/P2P4/2P2PKP/b7 w - - 0 19,b7a8,500,1,10,104,-515,25,127,LOWER,true,true,true,true,static,127,ordinary-nonchecking-capture,1
benchmark:middlegame:3,middlegame,37162,15,18,r5k1/1Bp2p1p/p7/4p3/4P3/P2P4/5PPP/b5K1 w - - 0 19,b7a8,500,1,65,104,-460,25,176,LOWER,true,true,true,true,static,176,ordinary-nonchecking-capture,1
corpus:tail-kiwipete-e1d1:full,tail-kiwipete-e1d1,4063,10,10,r3k2b/p1pp1p2/1n2qn2/8/4P3/5Q1p/PPPK1PPP/R6R b q - 0 6,e6e4,100,1,217,263,93,24,261,EXACT,true,false,true,false,static,281,ordinary-nonchecking-capture,1
corpus:tail-kiwipete-e1d1:full,tail-kiwipete-e1d1,6786,10,10,r3k3/p1pp1pb1/1n2p3/3N4/1p2P3/8/PPPBNPr1/R2K3R b q - 0 6,e6d5,320,1,112,146,-232,24,119,EXACT,true,false,true,true,static,119,same-target-q-recapture,1
corpus:tail-kiwipete-e1d1:full,tail-kiwipete-e1d1,6788,12,12,r3k3/p1pp1pb1/1n6/3p4/1B2P3/8/PPP1NPr1/R2K3R b q - 0 7,g2f2,100,1,112,119,-12,24,118,EXACT,true,false,true,false,static,159,ordinary-nonchecking-capture,1
corpus:tail-kiwipete-e1d1:full,tail-kiwipete-e1d1,11190,10,10,r3k2b/p1pp1p2/1n2qn2/8/4P3/5Q1p/PPPK1PPP/R6R b q - 0 6,e6e4,100,1,217,282,93,24,261,EXACT,true,false,true,false,static,290,ordinary-nonchecking-capture,1
corpus:tail-kiwipete-e1d1:full,tail-kiwipete-e1d1,13947,16,16,r2k4/p1pp2b1/Bn4Q1/4q3/4P3/7p/PPP2rPP/R2K3R b - - 1 9,e5b2,100,1,282,289,158,24,364,LOWER,true,true,true,true,static,364,ordinary-nonchecking-capture,2
corpus:tail-kiwipete-e1d1:full,tail-kiwipete-e1d1,15938,19,19,r2k3b/p1pp4/Bn6/8/8/8/PPP1K2P/R6r w - - 0 11,a1h1,500,1,-291,-289,-815,24,-289,LOWER,true,true,true,true,static,-289,same-target-q-recapture,1
corpus:tail-kiwipete-e1d1:full,tail-kiwipete-e1d1,17876,18,18,r2k4/p1ppq3/1n2p1Q1/3P4/8/8/PKP2P1P/7R b - - 0 10,b6d5,100,1,278,291,154,24,309,LOWER,true,true,true,true,static,309,ordinary-nonchecking-capture,1
corpus:tail-kiwipete-f3h3:full,tail-kiwipete-f3h3,78,12,12,r7/p1pkqPb1/1n3np1/8/4P3/7P/PPPK1P1P/R6R b - - 0 7,e7e4,100,1,488,588,364,24,673,LOWER,true,true,true,true,static,673,ordinary-nonchecking-capture,3
benchmark:kiwipete:2,kiwipete,4520,11,13,r6b/p1pk4/Bn4p1/8/1p6/7p/PPPK1PPP/R6R b - - 0 7,h8b2,100,1,-310,-283,-434,24,-246,LOWER,true,true,true,true,static,-246,ordinary-nonchecking-capture,1
benchmark:kiwipete:2,kiwipete,11215,15,17,3r3r/p1p2pB1/1n4p1/8/4Pk2/7p/PPP1KPPP/R6R b - - 0 9,f4e4,100,1,-115,-61,-239,24,-110,EXACT,true,false,true,false,static,99,ordinary-nonchecking-capture,1
benchmark:kiwipete:2,kiwipete,11236,15,17,3r3r/p1p2pB1/1n4p1/8/4Pk2/7p/PPP1KPPP/R6R b - - 0 9,f4e4,100,1,-115,-69,-239,24,-110,EXACT,true,false,true,false,static,99,ordinary-nonchecking-capture,2
benchmark:evasion:2,evasion,6152,15,17,r5kr/Pp4pp/5nb1/QP6/2r1P3/5R2/3B1KPP/8 b - - 0 9,c4e4,100,1,-18,59,-142,24,162,LOWER,true,true,true,true,static,162,ordinary-nonchecking-capture,2
benchmark:evasion:2,evasion,7837,9,11,r3k2r/PpBp1p1p/5nbp/1P6/Q1P1P3/5N2/P5PP/b4K2 b kq - 0 6,f6e4,100,1,31,77,-93,24,47,EXACT,true,false,true,true,static,47,ordinary-nonchecking-capture,2
benchmark:evasion:2,evasion,8115,7,9,4k2r/rppp1ppp/5nbN/nP6/2PNP3/B7/P5PP/3B1R1K b k - 0 5,a5c4,100,1,290,410,166,24,319,EXACT,true,false,true,true,static,319,ordinary-nonchecking-capture,1
benchmark:middlegame:2,middlegame,4547,11,13,r4k2/1pp3pp/p2p4/2b1N3/3nP3/P1NP4/1PP2PPP/4RK2 b - - 0 16,d6e5,320,1,0,1,-344,24,36,LOWER,true,true,true,true,static,36,ordinary-nonchecking-capture,1
benchmark:middlegame:2,middlegame,5221,1,3,r4r1k/1pp1qppp/p1np1B2/2b1p3/2B1P1b1/P1NP1N2/1PP1QPPP/R3R1K1 b - - 0 11,e7f6,330,1,-16,1,-370,24,26,LOWER,true,true,true,true,static,26,same-target-q-recapture,1
benchmark:kiwipete:3,kiwipete,1671,12,15,r7/p1pp1kb1/5n2/3q4/8/8/PPP1KPPP/R6R b - - 0 8,d5g2,100,1,792,797,668,24,830,LOWER,true,true,true,true,static,830,ordinary-nonchecking-capture,1
benchmark:kiwipete:3,kiwipete,4699,7,10,r3k2N/p1p5/bn2q1p1/8/1p6/2b5/PPPnBPPP/R3K2R w KQq - 0 6,h8g6,100,-1,-797,-771,-921,24,-32756,UPPER,false,false,false,false,mate,-921,SEE-negative;mate,1
benchmark:kiwipete:3,kiwipete,9847,14,17,r3k3/p1p5/4pbp1/3P4/8/8/PPq2PPP/R3K2R b q - 1 9,e6d5,100,1,650,661,526,24,830,LOWER,true,true,true,true,static,830,ordinary-nonchecking-capture,1
benchmark:kiwipete:3,kiwipete,13935,16,19,4k3/p1p3b1/1n3nN1/8/4P3/8/P1PK1PPP/7q b - - 0 10,h1g2,100,1,646,673,522,24,821,LOWER,true,true,true,true,static,821,ordinary-nonchecking-capture,3
benchmark:kiwipete:3,kiwipete,20504,13,16,r3k3/p1p1N3/1n2pn2/3P4/4P3/8/P1P1KPPP/7r w q - 0 9,d5e6,100,1,-671,-590,-795,24,-362,LOWER,true,true,true,true,static,-362,ordinary-nonchecking-capture,2
benchmark:kiwipete:3,kiwipete,20625,8,11,r3k2N/p1p1q3/1n2Pnpb/8/4P3/8/PPPpKPPP/R6R b q - 0 6,e7e6,100,1,590,649,466,24,856,LOWER,true,true,true,true,static,856,same-target-q-recapture,1
benchmark:kiwipete:3,kiwipete,21353,10,13,r3k2r/p1p5/Bn2qnp1/8/4P3/2K5/PPP2PPP/R6R b kq - 0 7,e6e4,100,1,874,955,750,24,1169,LOWER,true,true,true,true,static,1169,ordinary-nonchecking-capture,1
benchmark:kiwipete:3,kiwipete,21425,11,14,r3k2r/p1ppq3/B3p1p1/3nN3/8/8/PPP2nPP/R1K4R w kq - 0 8,e5g6,100,1,-963,-955,-1087,24,-890,LOWER,true,true,true,true,static,-890,ordinary-nonchecking-capture,1
benchmark:kiwipete:3,kiwipete,23998,16,19,r3kb2/p1p5/1n6/8/8/2P5/P1q2PPP/R4K1R b q - 1 10,c2c3,100,1,644,649,520,24,730,LOWER,true,true,true,true,static,730,ordinary-nonchecking-capture,2
benchmark:kiwipete:3,kiwipete,28250,14,17,r1n5/p1ppk1B1/B3P3/8/4n3/8/PPP1KPP1/r7 b - - 0 9,e7e6,100,1,641,661,517,24,669,LOWER,true,true,true,true,static,669,same-target-q-recapture,1
benchmark:kiwipete:3,kiwipete,33235,15,18,3k3r/p1q5/4pb2/3P4/4P3/8/P1P1KPPP/b6R w - - 0 10,d5e6,100,1,-670,-663,-794,24,-456,LOWER,true,true,true,true,static,-456,ordinary-nonchecking-capture,1
benchmark:kiwipete:3,kiwipete,38021,10,13,r6b/p1pk4/Bn4p1/8/1p6/7p/PPPK1PPP/R6R b - - 0 7,h8b2,100,1,-310,-221,-434,24,-246,EXACT,true,false,true,false,static,-39,ordinary-nonchecking-capture,1
benchmark:kiwipete:3,kiwipete,43455,13,16,r3k2N/p1pnq1b1/6p1/3p4/8/2P5/P1PK1PQP/R6R w - - 0 9,g2d5,100,1,273,290,149,24,411,LOWER,true,true,true,true,static,411,same-target-q-recapture,1
benchmark:kiwipete:3,kiwipete,44707,5,8,r3k2r/p1ppPpb1/Bn2p1p1/4N3/4n3/5Q2/PPPp1PpP/R2K3R w kq - 0 5,f3g2,100,1,273,292,149,24,319,LOWER,true,true,true,true,static,319,same-target-q-recapture,1
benchmark:kiwipete:3,kiwipete,49768,6,9,r2k3r/p1ppqpb1/B4Np1/8/1p2P3/5Q1p/PPPK1PPP/R6R b - - 0 5,e7f6,320,1,-51,-49,-395,24,-28,LOWER,true,true,true,true,static,-28,ordinary-nonchecking-capture,1
benchmark:kiwipete:3,kiwipete,54727,10,13,r3k3/p1ppqpb1/B5p1/3p4/8/7P/PPPN1P1P/R4K1R b q - 1 7,g7b2,100,1,300,305,176,24,337,LOWER,true,true,true,true,static,337,ordinary-nonchecking-capture,1
benchmark:kiwipete:3,kiwipete,55784,6,9,r3k3/p1ppqpb1/Bn2p1p1/3PN3/4N3/7P/RPPB1P1P/4K2R b Kq - 0 5,g7e5,320,1,37,83,-307,24,67,EXACT,true,false,true,true,static,67,ordinary-nonchecking-capture,1
benchmark:kiwipete:3,kiwipete,60904,8,11,n2k3r/p2p1pb1/5np1/4q3/1B2P3/7p/PPP1QPPP/R3K2R b KQ - 0 6,f6e4,100,1,-65,-56,-189,24,-49,LOWER,true,true,true,true,static,-49,ordinary-nonchecking-capture,2
benchmark:kiwipete:3,kiwipete,66756,14,17,3r3r/p1p2pB1/1n4p1/8/4Pk2/7p/PPP1KPPP/R6R b - - 0 9,f4e4,100,1,-115,-32,-239,24,-110,EXACT,true,false,true,false,static,99,ordinary-nonchecking-capture,1
benchmark:evasion:3,evasion,5419,2,5,r3k2r/Pppp1ppp/1b3nbN/nPq5/B1P1P3/5N2/P2P2PP/Q4R1K b kq - 0 3,a8a7,100,1,540,543,416,24,652,LOWER,true,true,true,true,static,652,ordinary-nonchecking-capture,1
benchmark:middlegame:3,middlegame,16973,9,12,r6k/1pp2rpp/p1np4/4p1q1/2B1N3/P2P4/1PP1K1PP/R3R3 w - - 0 16,e4g5,975,1,10,16,-989,24,112,LOWER,true,true,true,true,static,112,ordinary-nonchecking-capture,1
benchmark:middlegame:3,middlegame,17231,0,3,r4r1k/1pp1qppp/p1np1B2/2b1p3/2B1P1b1/P1NP1N2/1PP1QPPP/R3R1K1 b - - 0 11,e7f6,330,1,-16,-10,-370,24,26,LOWER,true,true,true,true,static,26,ordinary-nonchecking-capture,1
benchmark:middlegame:3,middlegame,23350,14,17,B4rk1/2p2ppp/p2p4/4p3/4Q3/P1N1K3/1nP3qP/R4R2 b - - 1 18,g2h2,100,1,-13,-10,-137,24,31,LOWER,true,true,true,true,static,31,ordinary-nonchecking-capture,1
benchmark:middlegame:3,middlegame,23902,13,16,B4rk1/2p1qppp/p2p4/4p3/8/P1N2P2/1nP1Q2P/R4K2 w - - 0 18,e2a6,100,1,10,13,-114,24,90,LOWER,true,true,true,true,static,90,ordinary-nonchecking-capture,1
benchmark:middlegame:3,middlegame,26989,7,10,r6k/1pp2ppp/p1nb4/3Np3/2B1P3/P2P4/1PP2PPP/R4bK1 w - - 0 15,a1f1,330,1,124,138,-230,24,160,LOWER,true,true,true,true,static,160,ordinary-nonchecking-capture,1
benchmark:middlegame:3,middlegame,37707,15,18,r7/1Bp2pkp/p7/4p3/4P3/P2P4/5PPP/b5K1 w - - 0 19,b7a8,500,1,65,111,-459,24,178,LOWER,true,true,true,true,static,178,ordinary-nonchecking-capture,1
benchmark:middlegame:3,middlegame,39444,7,10,r2n1rk1/1Bp2ppp/3p4/3Np1q1/4n3/P2P1b2/1PP1Q1PP/R4RK1 w - - 0 15,e2f3,330,1,32,75,-322,24,47,EXACT,true,false,true,true,static,47,same-target-q-recapture,1
corpus:tail-kiwipete-e1d1:full,tail-kiwipete-e1d1,5234,20,20,r7/p1pk2b1/1n4N1/8/8/8/PPP2n1P/R3K2R b - - 1 11,f2h1,500,1,263,300,-260,23,275,EXACT,true,false,true,true,static,275,ordinary-nonchecking-capture,3
corpus:tail-kiwipete-e1d1:full,tail-kiwipete-e1d1,6608,8,8,r3k2b/p1ppq3/1n2pnp1/3P4/4P3/7p/PPPQ1PPP/R2K3R b q - 0 5,f6e4,100,1,260,263,137,23,297,LOWER,true,true,true,true,static,297,ordinary-nonchecking-capture,1
corpus:tail-kiwipete-e1d1:full,tail-kiwipete-e1d1,18549,8,8,r3k2b/p1ppq3/1n2pnp1/3P4/4P3/7p/PPPQ1PPP/R2K3R b q - 0 5,f6e4,100,1,260,291,137,23,297,LOWER,true,true,true,true,static,297,ordinary-nonchecking-capture,1
corpus:tail-kiwipete-e1d1:full,tail-kiwipete-e1d1,19234,8,8,r3k2r/p1ppqpb1/Bn3nN1/3p4/4P3/8/PPPK1PQP/R6R b kq - 0 5,e7e4,100,1,319,328,196,23,345,LOWER,true,true,true,true,static,345,ordinary-nonchecking-capture,1
corpus:tail-evasion-:full,tail-evasion-,1211,7,7,r3k2r/Pppp1pQp/1P4bN/nP6/qB2n3/5N2/P2P2PP/5RK1 b kq - 0 4,a4a2,100,1,57,188,-66,23,-32759,UPPER,false,false,false,false,mate,-50,mate,1
corpus:tail-evasion-:full,tail-evasion-,1212,7,7,r3k2r/Pppp1pQp/1P4bN/nP6/qB2n3/5N2/P2P2PP/5RK1 b kq - 0 4,a4b5,100,1,57,188,-66,23,-32759,UPPER,false,false,false,false,mate,-50,mate,1
corpus:tail-evasion-:full,tail-evasion-,1214,7,7,r3k2r/Pppp1pQp/1P4bN/nP6/qB2n3/5N2/P2P2PP/5RK1 b kq - 0 4,a8a7,100,-1,57,188,-66,23,-32759,UPPER,false,false,false,false,mate,-50,SEE-negative;mate,1
corpus:tail-evasion-:full,tail-evasion-,1215,7,7,r3k2r/Pppp1pQp/1P4bN/nP6/qB2n3/5N2/P2P2PP/5RK1 b kq - 0 4,e4d2,100,-1,57,188,-66,23,-32759,UPPER,false,false,false,false,mate,-50,SEE-negative;mate,1
benchmark:kiwipete:2,kiwipete,2260,3,5,r3k2r/p1ppqp2/Bn2P1p1/4b3/1p2N3/5Q1p/PPPB1PPP/R3K2R b KQkq - 0 3,e5b2,100,1,-287,-283,-410,23,-271,LOWER,true,true,true,true,static,-271,ordinary-nonchecking-capture,1
benchmark:kiwipete:2,kiwipete,9287,11,13,7r/p1pp1pb1/1n2Pk2/8/4P3/2p2P1p/PPP2P1P/R3K2R b KQ - 0 7,c3b2,100,1,-62,-61,-185,23,314,LOWER,true,true,true,true,static,314,ordinary-nonchecking-capture,1
benchmark:evasion:2,evasion,5530,20,22,r4k1N/Pppp3Q/5p2/1r6/2n5/8/5KPP/8 w - - 0 12,h7d7,100,1,-1,11,-124,23,70,LOWER,true,true,true,true,static,70,ordinary-nonchecking-capture,2
benchmark:middlegame:2,middlegame,279,13,15,r7/1pB3pp/p1n1k3/8/4P3/P1Nn4/1PP3PP/R5K1 b - - 0 17,d3b2,100,1,-300,-287,-423,23,-278,LOWER,true,true,true,true,static,-278,ordinary-nonchecking-capture,2
benchmark:middlegame:2,middlegame,6694,1,3,r4rk1/1pp1qppp/p1np1B2/3Bp3/3bP1b1/P1NP1N2/1PP1QPPP/R4RK1 b - - 0 11,e7f6,330,1,-19,-13,-372,23,-13,LOWER,true,true,true,true,static,-13,same-target-q-recapture,2
benchmark:kiwipete:3,kiwipete,17758,12,15,r6r/p1p1kpb1/4P3/8/2n1n3/8/PPP2PPP/R2K3R b - - 0 8,g7b2,100,1,591,605,468,23,632,LOWER,true,true,true,true,static,632,ordinary-nonchecking-capture,1
benchmark:kiwipete:3,kiwipete,27616,8,11,r1n1k2N/p1p2pb1/4qn2/8/4P3/2p5/PPPBKPPP/R6R b q - 0 6,c3d2,330,1,590,641,237,23,752,LOWER,true,true,true,true,static,752,ordinary-nonchecking-capture,1
benchmark:kiwipete:3,kiwipete,27770,8,11,r1n1k2N/p1p2pb1/4qn2/8/4P3/2p5/PPPBKPPP/R6R b q - 0 6,c3d2,330,1,590,622,237,23,752,LOWER,true,true,true,true,static,752,ordinary-nonchecking-capture,2
benchmark:kiwipete:3,kiwipete,30946,6,9,r6r/p1p1q1b1/Bn2knp1/8/4P3/1pN5/PPPB1PPP/R3K2R b KQ - 0 5,b3c2,100,1,590,708,467,23,820,LOWER,true,true,true,true,static,820,ordinary-nonchecking-capture,1
benchmark:kiwipete:3,kiwipete,34215,16,19,r3k2r/p2p4/B3p3/3p4/8/2P5/P1P1K1PP/R6n b kq - 0 10,h8h2,100,1,625,663,502,23,757,LOWER,true,true,true,true,static,757,ordinary-nonchecking-capture,1
benchmark:kiwipete:3,kiwipete,38377,2,5,r3k2r/p1ppqp2/Bn2P1p1/4b3/1p2N3/5Q1p/PPPB1PPP/R3K2R b KQkq - 0 3,e5b2,100,1,-287,-256,-410,23,-267,EXACT,true,false,true,false,static,-208,ordinary-nonchecking-capture,1
benchmark:kiwipete:3,kiwipete,55782,4,7,r3k3/p1ppqpb1/Bn2pnp1/3PN3/4P3/2N4P/RPPB1P1P/4K2R b Kq - 0 4,f6e4,100,-1,37,287,-86,23,67,EXACT,true,false,true,true,static,67,SEE-negative,1
benchmark:kiwipete:3,kiwipete,61740,10,13,r1k4r/p1p3b1/1n4Q1/4q3/1p2P3/7p/PPPBKPPP/R6R b - - 0 7,h3g2,100,1,-102,-79,-225,23,-55,LOWER,true,true,true,true,static,-55,ordinary-nonchecking-capture,1
benchmark:kiwipete:3,kiwipete,64887,10,13,7r/p1pp1pb1/1n2Pk2/8/4P3/2p2P1p/PPP2P1P/R3K2R b KQ - 0 7,c3b2,100,1,-62,-55,-185,23,314,LOWER,true,true,true,true,static,314,ordinary-nonchecking-capture,1
benchmark:middlegame:3,middlegame,9110,11,14,r4k2/1pp3pp/p1np4/6q1/4P1n1/P1NP2K1/1PP1Q1PP/4R3 w - - 0 17,e2g4,320,1,10,22,-333,23,31,LOWER,true,true,true,true,static,31,ordinary-nonchecking-capture,2
benchmark:middlegame:3,middlegame,9171,12,15,r2q3k/1pp3pp/p1np1R2/6B1/4P3/P1NP4/1PP3PP/4Q2K b - - 0 17,g7f6,500,1,-22,-10,-545,23,45,LOWER,true,true,true,true,static,45,same-target-q-recapture,1
benchmark:middlegame:3,middlegame,10069,1,4,5rk1/rpp1qppp/p1np1n2/2b1p1B1/2B1P3/P1NP1b2/1PP1QPPP/4RR1K w - - 0 12,e2f3,330,1,10,22,-343,23,38,LOWER,true,true,true,true,static,38,same-target-q-recapture,1
benchmark:middlegame:3,middlegame,10246,11,14,1r3k2/1pp3pp/p1np4/6q1/4P1n1/P1NP2K1/1PP1Q1PP/4R3 w - - 0 17,e2g4,320,1,10,22,-333,23,31,LOWER,true,true,true,true,static,31,ordinary-nonchecking-capture,2
benchmark:middlegame:3,middlegame,15252,11,14,r4k2/1pp3pp/p1np4/6q1/4P1n1/P1NP2K1/1PP1Q1PP/4R3 w - - 0 17,e2g4,320,1,10,17,-333,23,31,LOWER,true,true,true,true,static,31,ordinary-nonchecking-capture,6
benchmark:middlegame:3,middlegame,16263,6,9,r4rk1/bpp3pp/p1np1q2/4N3/4P1Q1/P1NP4/1PP2PPP/4RRK1 b - - 0 14,f6e5,320,1,-17,-13,-360,23,70,LOWER,true,true,true,true,static,70,ordinary-nonchecking-capture,1
benchmark:middlegame:3,middlegame,19781,12,15,1r3r1k/1pp1BBpp/p1np4/2b1p3/8/P1N2Q2/1PP3PP/4RK2 b - - 0 17,c6e7,330,1,-11,-10,-364,23,-4,LOWER,true,true,true,true,static,-4,ordinary-nonchecking-capture,1
benchmark:middlegame:3,middlegame,26827,9,12,r6k/1pp2rpp/B1np4/3Np3/4n3/P2P4/1PP1b1PP/R3KR2 w - - 0 16,f1f7,500,1,61,96,-462,23,200,LOWER,true,true,true,true,static,200,same-target-q-recapture,1
benchmark:middlegame:3,middlegame,32129,5,8,r3r1k1/1pp2ppp/B1np4/3Np1q1/4n1b1/P2P1N2/1PP1Q1PP/R3KR2 w - - 0 14,e2e4,320,1,67,101,-276,23,119,LOWER,true,true,true,true,static,119,ordinary-nonchecking-capture,1
benchmark:middlegame:3,middlegame,36864,14,17,r5k1/1Bp2p1p/p7/4p3/3bP3/P7/1PP2P1P/R5K1 b - - 0 18,d4b2,100,1,-27,-16,-150,23,0,LOWER,true,true,true,true,static,0,ordinary-nonchecking-capture,1
benchmark:middlegame:3,middlegame,36943,15,18,r5k1/1Bp2p1p/p2p4/8/4P3/P2P4/2P2PKP/b7 w - - 0 19,b7a8,500,1,18,101,-505,23,137,LOWER,true,true,true,true,static,137,ordinary-nonchecking-capture,1
benchmark:middlegame:3,middlegame,37433,13,16,5rk1/1Bp2ppp/p7/4p3/4P3/b2P4/2P2PPP/5RK1 w - - 0 18,b7a6,100,1,65,111,-58,23,121,LOWER,true,true,true,true,static,121,ordinary-nonchecking-capture,3
corpus:tail-kiwipete-e1d1:full,tail-kiwipete-e1d1,1148,18,18,r4k1r/p2P4/1n4p1/8/8/7p/P1PK1PPP/R7 b - - 0 10,b6d7,100,1,173,263,51,22,563,LOWER,true,true,true,true,static,563,ordinary-nonchecking-capture,1
corpus:tail-kiwipete-e1d1:full,tail-kiwipete-e1d1,1722,17,17,r6b/p1p5/1nk2np1/8/8/4K3/PPPp1PPP/R6R w - - 0 10,e3d2,100,1,-254,-231,-376,22,92,LOWER,true,true,true,true,static,92,ordinary-nonchecking-capture,2
corpus:tail-kiwipete-e1d1:full,tail-kiwipete-e1d1,13583,14,14,r6b/p1pkq3/1n4p1/8/4n3/7p/PPP1QPPP/R1K4R b - - 1 8,h3g2,100,1,282,291,160,22,433,LOWER,true,true,true,true,static,433,ordinary-nonchecking-capture,1
benchmark:kiwipete:2,kiwipete,10836,15,17,7r/p1pp2b1/1n4p1/4k3/4P3/7p/PPPK1PPP/R6R b - - 0 9,h3g2,100,1,-115,-61,-237,22,170,LOWER,true,true,true,true,static,170,ordinary-nonchecking-capture,3
benchmark:evasion:2,evasion,1360,5,7,r3k2r/Pppp1p1p/5nbp/nP6/BBP1P3/5N2/Rp1P1KPP/3Q4 b kq - 0 4,a8a7,100,1,-422,-406,-544,22,-402,LOWER,true,true,true,true,static,-402,ordinary-nonchecking-capture,2
benchmark:evasion:2,evasion,6847,18,20,r3k3/Pppp4/5pp1/RP6/2PQP3/8/7q/4K3 w q - 0 11,d4f6,100,1,227,242,105,22,383,LOWER,true,true,true,true,static,383,ordinary-nonchecking-capture,4
benchmark:middlegame:2,middlegame,526,10,12,r5k1/1pp3pp/p1np4/6B1/4n1N1/P1NP4/1PP1K1PP/R4r2 w - - 0 16,a1f1,500,1,56,240,-466,22,74,EXACT,true,false,true,true,static,74,same-target-q-recapture,2
benchmark:middlegame:2,middlegame,4075,1,3,r4r1k/1pp1qppp/p1np1B2/2b1p3/2B1P1b1/P1NP1N2/1PP1QPPP/4RRK1 b - - 0 11,e7f6,330,1,-27,-7,-379,22,7,LOWER,true,true,true,true,static,7,same-target-q-recapture,1
benchmark:kiwipete:3,kiwipete,16333,14,17,r3k3/p1p1N1b1/1n6/8/4n3/8/PPP2rPP/R3K2R b q - 1 9,e8e7,320,1,608,628,266,22,613,EXACT,true,false,true,true,static,613,ordinary-nonchecking-capture,1
benchmark:kiwipete:3,kiwipete,17462,8,11,r3k2N/p1p2pb1/1n2qn2/8/4P3/2p5/PPPBKPPP/R6R b q - 0 6,c3d2,330,1,611,673,259,22,777,LOWER,true,true,true,true,static,777,ordinary-nonchecking-capture,1
benchmark:kiwipete:3,kiwipete,17757,12,15,r6r/p1p1kpb1/4P3/8/2n1n3/8/PPP2PPP/R2K3R b - - 0 8,e7e6,100,1,590,605,468,22,591,EXACT,true,false,true,false,static,632,same-target-q-recapture,1
benchmark:kiwipete:3,kiwipete,24401,7,10,r3kb1N/p1p1q3/1n3np1/3p4/4P3/2B5/PPP1bPPP/R3K2R w KQq - 0 6,h8g6,100,1,-600,-590,-722,22,-571,LOWER,true,true,true,true,static,-571,ordinary-nonchecking-capture,1
benchmark:kiwipete:3,kiwipete,29918,6,9,r3k2r/p1p1q1b1/Bn2Pnp1/8/4P3/2N5/PPpB1PPP/R3K2R b KQkq - 0 5,e7e6,100,1,590,708,468,22,841,LOWER,true,true,true,true,static,841,same-target-q-recapture,1
benchmark:kiwipete:3,kiwipete,43217,13,16,r1k4N/p1pnq1b1/6p1/3p4/8/2P5/P1PK1PQP/R6R w - - 0 9,g2d5,100,1,273,290,151,22,413,LOWER,true,true,true,true,static,413,same-target-q-recapture,1
benchmark:kiwipete:3,kiwipete,46119,10,13,r4k1r/p2n1Pb1/B5p1/8/8/7p/PPPn1PPP/R3K2R b KQ - 0 7,f8f7,100,1,-61,-31,-183,22,61,LOWER,true,true,true,true,static,61,same-target-q-recapture,1
benchmark:kiwipete:3,kiwipete,46698,11,14,r3k2B/p1ppqp2/Bn4p1/3p4/8/5Q2/PPPK1P1P/r6R w q - 0 8,h1a1,500,1,60,61,-462,22,217,LOWER,true,true,true,true,static,217,same-target-q-recapture,1
benchmark:kiwipete:3,kiwipete,66273,14,17,7r/p1pp2b1/1n4p1/4k3/4P3/7p/PPPK1PPP/R6R b - - 0 9,h3g2,100,1,-115,-47,-237,22,170,LOWER,true,true,true,true,static,170,ordinary-nonchecking-capture,1
benchmark:kiwipete:3,kiwipete,66400,14,17,7r/p1pp2b1/1n4p1/4k3/4P3/7p/PPPK1PPP/R6R b - - 0 9,h3g2,100,1,-115,-32,-237,22,170,LOWER,true,true,true,true,static,170,ordinary-nonchecking-capture,2
benchmark:middlegame:3,middlegame,598,6,9,5rk1/1Bp2ppp/3p1q2/2b1p3/4P1b1/R1NP1N2/1PP1nPPP/5R1K b - - 0 14,c5a3,500,1,760,890,238,22,802,EXACT,true,false,true,true,static,802,same-target-q-recapture,1
benchmark:middlegame:3,middlegame,5373,4,7,1r3rk1/1pp1Bppp/p1np4/2b1p3/2B1P3/P2P4/1PP1NPPP/R4R1K b - - 0 13,c6e7,330,1,-12,-10,-364,22,-3,LOWER,true,true,true,true,static,-3,ordinary-nonchecking-capture,1
benchmark:middlegame:3,middlegame,6049,0,3,4rrk1/1pp1qppp/p1np1B2/2b1p3/2B1P1b1/P1NP1N2/1PP1QPPP/R4R1K b - - 0 11,e7f6,330,1,-12,-10,-364,22,7,LOWER,true,true,true,true,static,7,ordinary-nonchecking-capture,1
benchmark:middlegame:3,middlegame,7845,0,3,r4r1k/1pp1qppp/p1np1B2/2b1p3/2B1P1b1/P1NP1N2/1PP1QPPP/4RRK1 b - - 0 11,e7f6,330,1,-27,-10,-379,22,7,LOWER,true,true,true,true,static,7,ordinary-nonchecking-capture,1
benchmark:middlegame:3,middlegame,8727,6,9,r4Nk1/1pp3pp/p1np1n2/2b3B1/4P3/P1NP4/1PP1bPPP/4RRK1 b - - 0 14,e2f1,500,1,-22,-10,-544,22,70,LOWER,true,true,true,true,static,70,ordinary-nonchecking-capture,1
benchmark:middlegame:3,middlegame,20830,11,14,3r1rk1/1pp1nppp/p2p4/2b1p3/2B5/P1N2Q2/1PP3PP/4RK2 w - - 0 17,f3b7,100,1,10,11,-112,22,19,LOWER,true,true,true,true,static,19,ordinary-nonchecking-capture,1
benchmark:middlegame:3,middlegame,33246,6,9,r4Bk1/1pp2ppp/p1np4/4p3/2B1P1b1/P2P1N2/1PP2PPP/5RK1 b - - 0 14,a8f8,330,1,-41,-36,-393,22,-1,LOWER,true,true,true,true,static,-1,ordinary-nonchecking-capture,1
benchmark:middlegame:3,middlegame,36292,16,19,B5k1/2p2ppp/p7/8/4b3/P7/2P2PPP/B5K1 b - - 0 19,e4a8,330,1,-19,-10,-371,22,0,LOWER,true,true,true,true,static,0,ordinary-nonchecking-capture,1
benchmark:middlegame:3,middlegame,36467,16,19,B5k1/2p2pbp/p7/8/8/P7/1PP2PbP/R5K1 b - - 0 19,g2a8,330,1,-28,-10,-380,22,-1,LOWER,true,true,true,true,static,-1,same-target-q-recapture,1
corpus:tail-kiwipete-e1d1:full,tail-kiwipete-e1d1,971,18,18,r4k1r/p2P4/1n4p1/8/8/7p/P1PK1PPP/R7 b - - 0 10,b6d7,100,1,172,261,51,21,563,LOWER,true,true,true,true,static,563,ordinary-nonchecking-capture,1
corpus:tail-kiwipete-e1d1:full,tail-kiwipete-e1d1,15034,16,16,r6r/p1ppkPb1/1n3n2/8/4P3/5K2/PPP2P1P/R6R b - - 0 9,e7f7,100,1,282,291,161,21,580,LOWER,true,true,true,true,static,580,ordinary-nonchecking-capture,4
corpus:tail-evasion-f1f2:lower,tail-evasion-f1f2,2,4,4,r3k2r/Pppp1ppp/5nbN/nP6/BBP1P3/q4N2/P2P1KPP/Q7 b kq - 0 3,a3b4,330,1,695,696,344,21,696,LOWER,true,true,true,true,static,696,ordinary-nonchecking-capture,1
benchmark:kiwipete:2,kiwipete,5250,13,15,r7/p1p1Bp2/Bn4p1/8/4k3/7P/PbP2P1P/R3K2R b KQ - 0 8,b2a1,500,1,-203,-132,-724,21,-99,LOWER,true,true,true,true,static,-99,ordinary-nonchecking-capture,2
benchmark:kiwipete:2,kiwipete,7928,5,7,r4k1r/p1p2pb1/1n2qNp1/8/1p2P3/2N2Q1p/PPPBKPPP/R6R b - - 0 4,g7f6,320,1,-149,-138,-490,21,-132,LOWER,true,true,true,true,static,-132,ordinary-nonchecking-capture,2
benchmark:kiwipete:2,kiwipete,9263,7,9,r6N/p1pp1pb1/1n2pk2/3P4/1p2P3/2N2b1p/PPP2PPP/R3K2R b KQ - 0 5,b4c3,320,1,-62,-61,-403,21,-55,LOWER,true,true,true,true,static,-55,ordinary-nonchecking-capture,1
benchmark:evasion:2,evasion,5928,13,15,r3k2N/Pppp2pp/6b1/nP6/1rPQn1K1/5R2/6PP/8 b q - 1 8,b4c4,100,1,-39,26,-160,21,35,LOWER,true,true,true,true,static,35,ordinary-nonchecking-capture,2
benchmark:evasion:2,evasion,7529,19,21,4k2r/6Rp/5nb1/1P6/2r1P3/5R2/P5PP/6K1 b - - 0 11,f6e4,100,1,-198,-191,-319,21,-78,LOWER,true,true,true,true,static,-78,ordinary-nonchecking-capture,2
benchmark:evasion:2,evasion,7873,9,11,r3k2r/PpBp1p1p/5nbp/1P6/Q1P1P3/5N2/P5PP/b6K b kq - 0 6,f6e4,100,1,26,75,-95,21,44,EXACT,true,false,true,true,static,44,ordinary-nonchecking-capture,4
benchmark:middlegame:2,middlegame,6470,13,15,r5k1/2p2ppp/p1pB4/4p3/4P3/P1PP4/2P2PKP/R7 b - - 0 17,c7d6,330,1,-13,0,-364,21,83,LOWER,true,true,true,true,static,83,ordinary-nonchecking-capture,1
benchmark:middlegame:2,middlegame,7145,5,7,r3kr2/1pp1q1pp/p2p1n2/2b1N1B1/3nP1Q1/P1NP4/1PP2PPP/R4RK1 b - - 0 13,e7e5,320,1,-13,1,-354,21,23,LOWER,true,true,true,true,static,23,ordinary-nonchecking-capture,1
benchmark:kiwipete:3,kiwipete,5604,6,9,r3k2N/p1pp1pb1/1n2q3/3n4/4P3/2p5/PPPBKPPP/R6R b q - 0 5,c3d2,330,1,785,810,434,21,861,LOWER,true,true,true,true,static,861,ordinary-nonchecking-capture,1
benchmark:kiwipete:3,kiwipete,14665,8,11,3k3r/p1p1q1b1/1n2Pnp1/8/4P3/2P5/P1PBbPPP/R3K2R b KQ - 0 6,e7e6,100,1,625,649,504,21,864,LOWER,true,true,true,true,static,864,same-target-q-recapture,1
benchmark:kiwipete:3,kiwipete,25550,4,7,r3k2N/p1p1qpb1/b3pn2/3P4/2n1P3/2p5/PPPBBPPP/R3K2R b KQq - 0 4,c4d2,330,1,590,664,239,21,618,EXACT,true,false,true,false,static,947,ordinary-nonchecking-capture,1
benchmark:kiwipete:3,kiwipete,27928,6,9,r1n1k2N/p1p1q1b1/4pnp1/3P4/4P3/2p5/PPPBKPPP/R6R b q - 0 5,c3d2,330,1,590,621,239,21,671,LOWER,true,true,true,true,static,671,ordinary-nonchecking-capture,1
benchmark:kiwipete:3,kiwipete,28312,20,23,r7/p1pBk3/4P3/8/4n3/2P5/2r2PP1/3K4 b - - 0 12,c2f2,100,1,647,661,526,21,870,LOWER,true,true,true,true,static,870,ordinary-nonchecking-capture,1
benchmark:kiwipete:3,kiwipete,28874,20,23,4k3/N1pp4/4P3/8/8/3K4/nbP2PP1/r7 b - - 0 12,d7e6,100,1,641,661,520,21,756,LOWER,true,true,true,true,static,756,same-target-q-recapture,1
benchmark:kiwipete:3,kiwipete,29389,6,9,r3k2N/p1p1q1bn/1n2p1p1/3P4/4P3/2p5/PPPBKPPP/R6R b q - 0 5,c3d2,330,1,590,621,239,21,673,LOWER,true,true,true,true,static,673,ordinary-nonchecking-capture,1
benchmark:kiwipete:3,kiwipete,31672,18,21,r3k2B/p1p5/1n6/8/4P3/8/2q2PPP/5K1R b q - 1 11,c2e4,100,1,590,646,469,21,859,LOWER,true,true,true,true,static,859,ordinary-nonchecking-capture,1
benchmark:kiwipete:3,kiwipete,31676,18,21,r3k2B/p1p5/1n6/8/4P3/8/2q2PPP/5K1R b q - 1 11,c2e4,100,1,590,657,469,21,859,LOWER,true,true,true,true,static,859,ordinary-nonchecking-capture,1
benchmark:kiwipete:3,kiwipete,33225,15,18,3k3r/p1q3b1/4pb2/3P4/4P3/8/P1P1KPPP/7R w - - 0 10,d5e6,100,1,-670,-663,-791,21,-447,LOWER,true,true,true,true,static,-447,ordinary-nonchecking-capture,1
benchmark:kiwipete:3,kiwipete,41187,15,18,7r/p1pp4/Bn2k3/8/1p6/2P4p/P1P2PPP/R4K2 w - - 0 10,c3b4,100,1,273,281,152,21,301,LOWER,true,true,true,true,static,301,ordinary-nonchecking-capture,3
benchmark:kiwipete:3,kiwipete,48554,8,11,r6r/p1ppkpb1/5Np1/4N3/1p2P3/7p/PPPK1PPP/R6R b - - 0 6,g7f6,320,1,-61,-54,-402,21,-37,LOWER,true,true,true,true,static,-37,ordinary-nonchecking-capture,1
benchmark:kiwipete:3,kiwipete,48598,12,15,r6r/p1pN1pb1/6p1/6k1/1p2P3/7P/PPPK1P1P/R6R b - - 0 8,g7b2,100,1,-61,-54,-182,21,-8,LOWER,true,true,true,true,static,-8,ordinary-nonchecking-capture,1
benchmark:kiwipete:3,kiwipete,51357,8,11,r4k1r/p1pp1p2/Bn2pb2/3P4/4P3/7p/PPPK1PPP/R6R b - - 0 6,f6b2,100,1,174,189,53,21,196,LOWER,true,true,true,true,static,196,ordinary-nonchecking-capture,1
benchmark:kiwipete:3,kiwipete,55242,8,11,r6r/p1p1kqb1/6p1/8/1pB1P3/2N4p/PPPB1PPP/R3K2R b KQ - 0 6,f7c4,330,1,279,289,-72,21,302,LOWER,true,true,true,true,static,302,same-target-q-recapture,1
benchmark:kiwipete:3,kiwipete,60898,8,11,n2k3r/p2p1pb1/5np1/4q3/1B2P3/7p/PPP1QPPP/R3K2R b KQ - 0 6,e5b2,100,1,-68,-56,-189,21,-65,EXACT,true,false,true,false,static,-49,ordinary-nonchecking-capture,1
benchmark:kiwipete:3,kiwipete,61564,10,13,r1k4r/p1p3b1/1n4Q1/4q3/1p2P3/7p/PPPBKPPP/R6R b - - 0 7,h3g2,100,1,-104,-95,-225,21,-55,LOWER,true,true,true,true,static,-55,ordinary-nonchecking-capture,1
benchmark:kiwipete:3,kiwipete,64863,6,9,r6N/p1pp1pb1/1n2pk2/3P4/1p2P3/2N2b1p/PPP2PPP/R3K2R b KQ - 0 5,b4c3,320,1,-62,-32,-403,21,-55,EXACT,true,false,true,false,static,29,ordinary-nonchecking-capture,1
benchmark:middlegame:3,middlegame,4693,7,10,r4N2/1pp1k1pp/p1np1n2/2b3B1/4P3/P1NP4/1PP2PPP/R4b1K w - - 0 15,f8h7,100,1,10,12,-111,21,21,LOWER,true,true,true,true,static,21,ordinary-nonchecking-capture,1
benchmark:middlegame:3,middlegame,6616,9,12,r6k/1pp2ppp/p1nb4/3Bp3/4P3/P1Nb4/1PP2PPP/2R3K1 w - - 0 16,c2d3,330,1,10,11,-341,21,19,LOWER,true,true,true,true,static,19,ordinary-nonchecking-capture,1
benchmark:middlegame:3,middlegame,14677,14,17,r5k1/1pp1B1pp/p1Np4/8/4N3/P2P4/1PP3PP/5bK1 b - - 0 18,f1d3,100,-1,-14,-10,-135,21,-3,LOWER,true,true,true,true,static,-3,SEE-negative,1
benchmark:middlegame:3,middlegame,14927,4,7,r3kr2/1ppbq1pp/p1np1B2/2b1N3/4P3/P1NP4/1PP1QPPP/4RRK1 b - - 0 13,e7f6,330,1,-17,-10,-368,21,7,LOWER,true,true,true,true,static,7,same-target-q-recapture,1
benchmark:middlegame:3,middlegame,21054,0,3,4rrk1/1pp1qppp/p1np1B2/2b1p3/2B1P1b1/P1NP1N2/1PP1QPPP/R3R1K1 b - - 0 11,e7f6,330,1,-11,-10,-362,21,27,LOWER,true,true,true,true,static,27,ordinary-nonchecking-capture,1
benchmark:middlegame:3,middlegame,22189,12,15,r5k1/2p2ppp/p1pB4/4p3/4P3/P1PP4/2P2PKP/R7 b - - 0 17,c7d6,330,1,-13,-10,-364,21,83,LOWER,true,true,true,true,static,83,ordinary-nonchecking-capture,2
benchmark:middlegame:3,middlegame,25166,4,7,r3kr2/1pp1q1pp/p2p1n2/2b1N1B1/3nP1Q1/P1NP4/1PP2PPP/R4RK1 b - - 0 13,e7e5,320,1,-13,-10,-354,21,23,LOWER,true,true,true,true,static,23,ordinary-nonchecking-capture,1
benchmark:middlegame:3,middlegame,28858,10,13,1r3rk1/2p2ppp/p1np4/3Np1N1/4P3/P7/1PP1K1PP/R4R2 b - - 0 16,b8b2,100,1,-111,-48,-232,21,-11,LOWER,true,true,true,true,static,-11,ordinary-nonchecking-capture,1
benchmark:middlegame:3,middlegame,28961,10,13,1r3rk1/2p2ppp/p1np4/3Np1N1/4P3/P7/1PP1K1PP/R4R2 b - - 0 16,b8b2,100,1,-111,-10,-232,21,-11,EXACT,true,false,true,true,static,-11,ordinary-nonchecking-capture,1
benchmark:middlegame:3,middlegame,29757,10,13,1r3rk1/2p2ppp/p1np4/3Np1N1/4P3/P7/1PP1K1PP/R4R2 b - - 0 16,b8b2,100,1,-111,-67,-232,21,-11,LOWER,true,true,true,true,static,-11,ordinary-nonchecking-capture,1
benchmark:middlegame:3,middlegame,31586,13,16,Br4k1/2p2ppp/3p4/3np3/4n3/P2P4/1PP3PP/R4K2 w - - 0 18,a8d5,320,1,40,49,-301,21,128,LOWER,true,true,true,true,static,128,same-target-q-recapture,1
benchmark:middlegame:3,middlegame,38730,13,16,1n3k2/1pp2ppp/r2p4/3Np3/4P3/P7/1PP3PP/R4K2 w - - 0 18,d5c7,100,1,10,108,-111,21,13,EXACT,true,false,true,true,static,13,ordinary-nonchecking-capture,1
benchmark:middlegame:3,middlegame,38743,13,16,1n3k2/1pp2ppp/r2p4/3Np3/4P3/P7/1PP3PP/R4K2 w - - 0 18,d5c7,100,1,10,106,-111,21,13,EXACT,true,false,true,true,static,13,ordinary-nonchecking-capture,1
corpus:tail-kiwipete-e1d1:full,tail-kiwipete-e1d1,3119,18,18,r6r/p1pk2b1/1n4p1/8/4P3/7P/PPPK1P1P/R6R b - - 0 10,g7b2,100,1,202,206,82,20,251,LOWER,true,true,true,true,static,251,ordinary-nonchecking-capture,2
corpus:tail-kiwipete-e1d1:full,tail-kiwipete-e1d1,17725,15,15,r2k3r/p1p2p2/1n2P1p1/8/4P3/7P/PbP2P1P/R2K3R w - - 0 9,e6f7,100,1,-291,-257,-411,20,-245,LOWER,true,true,true,true,static,-245,ordinary-nonchecking-capture,1
corpus:tail-kiwipete-f3h3:lower,tail-kiwipete-f3h3,9,2,2,r3k3/p1ppqpb1/bn2pnp1/3PN3/1p2P3/2N4P/PPPBBP1P/R3K2R b KQq - 0 2,b4c3,320,1,589,590,249,20,590,LOWER,true,true,true,true,static,590,ordinary-nonchecking-capture,1
corpus:tail-evasion-:lower,tail-evasion-,130,15,15,4k2N/rppp2pp/5nb1/nP6/3NP3/8/P5PP/5R1K b - - 0 8,g6e4,100,1,391,392,271,20,475,LOWER,true,true,true,true,static,475,ordinary-nonchecking-capture,1
benchmark:kiwipete:2,kiwipete,3946,13,15,7r/p1ppk3/Bn2P1p1/8/4n3/2P4p/P1P1KPPP/R6R b - - 0 8,e7e6,100,1,-310,-289,-430,20,-305,EXACT,true,false,true,false,static,-262,ordinary-nonchecking-capture,2
benchmark:kiwipete:2,kiwipete,5674,7,9,r3k3/p1Qpqpb1/1n2p1p1/3PN3/4n3/8/PPPBKP1P/R6R b q - 0 5,b6d5,100,1,-369,-355,-489,20,-337,LOWER,true,true,true,true,static,-337,ordinary-nonchecking-capture,2
benchmark:kiwipete:2,kiwipete,6558,7,9,r3k3/p1Qpqpb1/1n2p1p1/3PN3/4n3/8/PPPBKP1P/R6R b q - 0 5,b6d5,100,1,-369,-351,-489,20,-337,LOWER,true,true,true,true,static,-337,ordinary-nonchecking-capture,2
benchmark:kiwipete:2,kiwipete,7867,5,7,r6r/p1p1kpb1/1n2qNp1/8/1p2P3/2N2Q1p/PPPBKPPP/R6R b - - 0 4,e6f6,320,1,-149,-134,-489,20,-133,LOWER,true,true,true,true,static,-133,ordinary-nonchecking-capture,2
benchmark:middlegame:2,middlegame,3785,0,2,r4rk1/1pp1qppp/p1np1n2/2b1p1B1/2B1P3/P1NP1b2/1PP1QPPP/4RRK1 w - - 0 11,e2f3,330,1,-6,32769,-356,20,27,EXACT,true,false,true,true,static,27,ordinary-nonchecking-capture,1
benchmark:middlegame:2,middlegame,6596,7,9,B4rk1/2p2ppp/p2p1q2/4p3/4P1b1/P2P1N2/1bP1QPPP/R4RK1 b - - 0 14,b2a1,500,1,-19,-13,-539,20,11,LOWER,true,true,true,true,static,11,ordinary-nonchecking-capture,8
benchmark:middlegame:2,middlegame,6815,7,9,r3kr2/1pp3pp/p1np1q2/4N3/3bP1Q1/P1NP4/1PP2PPP/R4RK1 b - - 0 14,f6e5,320,1,-19,-13,-359,20,75,LOWER,true,true,true,true,static,75,ordinary-nonchecking-capture,2
benchmark:kiwipete:3,kiwipete,1557,6,9,r3k2N/p1pp1pb1/b3qn2/8/4P3/2p5/PPP1BPPP/R3K2R b KQq - 0 5,a6e2,330,1,771,792,421,20,774,EXACT,true,false,true,false,static,916,ordinary-nonchecking-capture,1
benchmark:kiwipete:3,kiwipete,6483,10,13,r3k3/p1pp2b1/1n4q1/3n4/4P3/8/PPPK1PPP/R6R b q - 0 7,g6g2,100,1,830,854,710,20,902,LOWER,true,true,true,true,static,902,ordinary-nonchecking-capture,2
benchmark:kiwipete:3,kiwipete,18984,10,13,r3k2r/p1pN2b1/1n2p1p1/3P4/4n3/8/PPP1KPPP/R6R b kq - 1 7,e8d7,320,1,590,606,250,20,600,EXACT,true,false,true,true,static,600,ordinary-nonchecking-capture,1
benchmark:kiwipete:3,kiwipete,22819,10,13,r3k2r/p1p1q3/1n2Pnp1/8/4P3/2p5/PPP1KPPP/R6R b kq - 0 7,e7e6,100,1,853,919,733,20,1110,LOWER,true,true,true,true,static,1110,ordinary-nonchecking-capture,1
benchmark:kiwipete:3,kiwipete,43085,11,14,r1k4b/p1pnq3/4p1p1/3P4/8/2p2Q1p/PPP2PPP/R2K3R w - - 0 8,f3h3,100,1,273,290,153,20,284,EXACT,true,false,true,false,static,520,ordinary-nonchecking-capture,1
benchmark:kiwipete:3,kiwipete,43155,11,14,r1k4b/p1pnq3/4p1p1/3P4/8/2pK1Q1p/PPP2PPP/R6R w - - 0 8,f3h3,100,1,273,290,153,20,282,EXACT,true,false,true,false,static,520,ordinary-nonchecking-capture,1
benchmark:kiwipete:3,kiwipete,47383,12,15,r3k2r/p1pp1pb1/B5p1/3n4/1B6/8/PPP2P1P/2K3QR b kq - 0 8,d5b4,330,1,-51,-36,-401,20,-37,EXACT,true,false,true,true,static,-37,ordinary-nonchecking-capture,1
benchmark:kiwipete:3,kiwipete,51274,11,14,r6r/p1Npkp2/Bn3b2/3P4/4P3/8/PPPK1P1P/R6q w - - 1 8,a1h1,975,1,-189,-136,-1184,20,-80,LOWER,true,true,true,true,static,-80,ordinary-nonchecking-capture,1
benchmark:kiwipete:3,kiwipete,54666,10,13,r4k2/p1p2pb1/q4Np1/8/1p2P3/2N4P/PPPK1P1P/R6R b - - 0 7,g7f6,320,1,217,225,-123,20,248,LOWER,true,true,true,true,static,248,ordinary-nonchecking-capture,1
benchmark:kiwipete:3,kiwipete,55029,10,13,r6r/p1p2Pb1/2k2qp1/8/2B1P3/7p/PPPK1PPP/R6R b - - 0 7,f6b2,100,1,199,289,79,20,326,LOWER,true,true,true,true,static,326,ordinary-nonchecking-capture,1
benchmark:kiwipete:3,kiwipete,61285,12,15,r2k3r/p1pn1Qb1/6p1/8/1B2P3/7p/P1P1KPPP/R7 b - - 0 8,g7a1,500,1,-55,-32,-575,20,-23,LOWER,true,true,true,true,static,-23,same-target-q-recapture,1
benchmark:middlegame:3,middlegame,7133,3,6,r4r2/1pp1qkpp/p1np1n2/4p1B1/4P3/P1NP1b2/2P1QPPP/3R1RK1 w - - 0 13,e2f3,330,1,10,11,-340,20,14,LOWER,true,true,true,true,static,14,same-target-q-recapture,1
benchmark:middlegame:3,middlegame,12859,17,20,4r3/1pp3pp/p1np4/4p2k/6R1/P1NPK3/1PP3PP/8 w - - 1 20,g4g7,100,1,10,13,-110,20,70,LOWER,true,true,true,true,static,70,ordinary-nonchecking-capture,1
benchmark:middlegame:3,middlegame,18286,12,15,r2B1r1k/1pp2Bpp/p1np4/2b1p3/8/P1N2Q2/1PP3PP/4RK2 b - - 0 17,a8d8,330,1,-11,-10,-361,20,26,LOWER,true,true,true,true,static,26,ordinary-nonchecking-capture,1
benchmark:middlegame:3,middlegame,20283,11,14,2r4k/1pp2rpp/p1np4/3Bp1q1/4N3/P2P4/1PP1K1PP/R3R3 w - - 0 17,e4g5,975,1,10,11,-985,20,111,LOWER,true,true,true,true,static,111,ordinary-nonchecking-capture,1
benchmark:middlegame:3,middlegame,20706,6,9,3rkr2/1pp3pp/p1np1q2/2b1N3/4P1Q1/P1NP4/1PP2PPP/R3R1K1 b - - 0 14,f6e5,320,1,-11,-10,-351,20,67,LOWER,true,true,true,true,static,67,ordinary-nonchecking-capture,1
benchmark:middlegame:3,middlegame,32947,9,12,5rk1/2p2ppp/r1np4/3Np1qb/4P3/P4N2/1PP3PP/R4RK1 w - - 0 16,f3g5,975,1,72,86,-923,20,136,LOWER,true,true,true,true,static,136,ordinary-nonchecking-capture,1
benchmark:middlegame:3,middlegame,34304,4,7,r4Bk1/1pp2ppp/p1np4/3Np3/2BbP3/P2P4/1PP1bPPP/R4RK1 b - - 0 13,e2f1,500,1,-111,-92,-631,20,-88,LOWER,true,true,true,true,static,-88,ordinary-nonchecking-capture,1
benchmark:middlegame:3,middlegame,36509,16,19,r5k1/1Bp2p1p/p7/8/8/P7/1BP2PbP/R5K1 b - - 0 19,g2b7,330,1,-18,-10,-368,20,0,LOWER,true,true,true,true,static,0,ordinary-nonchecking-capture,1
corpus:tail-kiwipete-e1d1:full,tail-kiwipete-e1d1,6363,10,10,r6r/p1pkqPb1/1n3np1/8/4P3/7p/PPPKQPPP/R6R b - - 0 6,e7e4,100,1,210,263,91,19,296,LOWER,true,true,true,true,static,296,ordinary-nonchecking-capture,1
corpus:tail-kiwipete-e1d1:full,tail-kiwipete-e1d1,10296,18,18,r6r/p1pk2b1/1n4p1/8/4P3/7P/PPPK1P1P/R6R b - - 0 10,g7b2,100,1,201,202,82,19,251,LOWER,true,true,true,true,static,251,ordinary-nonchecking-capture,1
corpus:tail-kiwipete-e1d1:full,tail-kiwipete-e1d1,10390,10,10,r6r/p1pkqPb1/1n3np1/8/4P3/5Q1p/PPPK1PPP/R6R b - - 0 6,e7e4,100,1,201,217,82,19,247,LOWER,true,true,true,true,static,247,ordinary-nonchecking-capture,1
corpus:tail-kiwipete-e1d1:full,tail-kiwipete-e1d1,10844,17,17,r2k3r/p1p5/1n2p3/4b3/8/2B5/PPP1KP1P/7R w - - 0 10,c3e5,330,1,-282,-267,-631,19,-274,EXACT,true,false,true,true,static,-274,same-target-q-recapture,1
corpus:tail-kiwipete-e1d1:full,tail-kiwipete-e1d1,10869,17,17,r2k3r/p1p5/1n2p3/4b3/8/2B5/PPP1KP1P/7R w - - 0 10,c3e5,330,1,-282,-217,-631,19,-274,EXACT,true,false,true,true,static,-274,ordinary-nonchecking-capture,1
corpus:tail-kiwipete-e1d1:full,tail-kiwipete-e1d1,13286,10,10,r6r/p1pkqPb1/1n3np1/8/4P3/7p/PPPKQPPP/R6R b - - 0 6,e7e4,100,1,210,282,91,19,296,LOWER,true,true,true,true,static,296,ordinary-nonchecking-capture,1
corpus:tail-kiwipete-e1d1:full,tail-kiwipete-e1d1,13806,12,12,r2k3r/p1pp1Pb1/Bn4p1/8/4n3/7p/PPP2PPP/R2K3R b - - 1 7,g7b2,100,1,282,291,163,19,307,LOWER,true,true,true,true,static,307,ordinary-nonchecking-capture,1
corpus:tail-kiwipete-e1d1:lower,tail-kiwipete-e1d1,87,10,10,r2k3r/p1pPqpb1/1n3np1/4N3/4P3/8/PPPK1PQP/R6R b - - 0 6,e7e5,320,1,299,300,-40,19,400,LOWER,true,true,true,true,static,400,ordinary-nonchecking-capture,3
corpus:tail-evasion-:upper,tail-evasion-,137,15,15,4k2N/rppp2pp/5nb1/nP6/3NP3/8/P5PP/5R1K b - - 0 8,g6e4,100,1,390,391,271,19,475,LOWER,true,true,true,true,static,475,ordinary-nonchecking-capture,2
benchmark:evasion:2,evasion,1362,7,9,4k2r/rppp1p1p/5nbp/nP6/BBP1P3/5N2/1R1P1KPP/3Q4 b k - 0 5,g6e4,100,1,-422,-406,-541,19,-402,LOWER,true,true,true,true,static,-402,ordinary-nonchecking-capture,4
benchmark:evasion:2,evasion,1758,7,9,4k2r/rppp1p1p/5nbp/nPP5/B1P1P3/5N2/1R4PP/3Q1RK1 b k - 0 5,f6e4,100,1,-725,-516,-844,19,-718,EXACT,true,false,true,true,static,-718,ordinary-nonchecking-capture,2
benchmark:evasion:2,evasion,1778,7,9,4k2r/rppp1p1p/5nbp/nPP5/B1P1P3/5N2/1R4PP/3Q1RK1 b k - 0 5,f6e4,100,1,-725,-718,-844,19,-718,LOWER,true,true,true,true,static,-718,ordinary-nonchecking-capture,2
benchmark:evasion:2,evasion,6873,19,21,4k3/1ppp4/5pp1/QP6/2P1P3/8/6qP/R3K3 b - - 0 11,g2h2,100,1,-242,-227,-361,19,-215,LOWER,true,true,true,true,static,-215,ordinary-nonchecking-capture,2
benchmark:evasion:2,evasion,10838,5,7,r3k2r/Pppp1p1p/1P3nbp/nP6/BB2P3/5P2/P2P3P/Q4RK1 b kq - 0 4,f6e4,100,-1,-545,-314,-664,19,-32759,UPPER,false,false,false,false,mate,-650,SEE-negative;mate,2
benchmark:kiwipete:3,kiwipete,7543,6,9,r3k2N/p1pnq1b1/1n4p1/3p4/4P3/2p5/PPPBKPPP/R6R b q - 0 5,c3d2,330,1,839,851,490,19,872,LOWER,true,true,true,true,static,872,ordinary-nonchecking-capture,1
benchmark:kiwipete:3,kiwipete,13579,15,18,2B1k3/p1ppq3/1n4p1/3p4/3K4/8/PPP2PP1/R6r w - - 0 10,a1h1,500,1,-673,-651,-1192,19,-605,LOWER,true,true,true,true,static,-605,same-target-q-recapture,1
benchmark:kiwipete:3,kiwipete,13681,15,18,2B1k3/p1ppq3/1n4p1/3p4/3K4/8/PPP2PP1/R6r w - - 0 10,a1h1,500,1,-673,-605,-1192,19,-605,LOWER,true,true,true,true,static,-605,same-target-q-recapture,1
benchmark:kiwipete:3,kiwipete,27134,5,8,r3k2r/p1pnq1b1/b5p1/4N3/1p2P3/2N5/PPPnBPPP/R3K2R w KQkq - 0 5,e5g6,100,1,-678,-664,-797,19,-622,LOWER,true,true,true,true,static,-622,ordinary-nonchecking-capture,1
benchmark:kiwipete:3,kiwipete,51973,14,17,2k5/p1pn1q2/1n2P1p1/8/4P3/2b4P/PPP1KP1P/R6R b - - 0 9,f7e6,100,1,-6,76,-125,19,211,LOWER,true,true,true,true,static,211,same-target-q-recapture,1
benchmark:middlegame:3,middlegame,1823,4,7,5rk1/1pp2ppp/r2p1q2/2b1p3/3NP1b1/P1NP4/1PPQ1PPP/R4RK1 b - - 0 13,c5d4,320,1,230,235,-109,19,288,LOWER,true,true,true,true,static,288,same-target-q-recapture,1
benchmark:middlegame:3,middlegame,6418,3,6,r4r2/1pp1qkpp/p1np1n2/4p1B1/4P3/P1NP1b2/2P1QPPP/2R2RK1 w - - 0 13,e2f3,330,1,10,12,-339,19,15,LOWER,true,true,true,true,static,15,same-target-q-recapture,1
benchmark:middlegame:3,middlegame,12339,0,3,4rrk1/1pp1qppp/p1np1B2/2b1p3/2B1P1b1/P1NP1N2/1PP1QPPP/4RRK1 b - - 0 11,e7f6,330,1,-22,-10,-371,19,22,LOWER,true,true,true,true,static,22,ordinary-nonchecking-capture,1
benchmark:middlegame:3,middlegame,31787,5,8,r1r3k1/1pp2ppp/B1np4/3Np1q1/4n1b1/P2P1N2/1PP1Q1PP/R3KR2 w - - 0 14,e2e4,320,1,107,111,-232,19,119,LOWER,true,true,true,true,static,119,ordinary-nonchecking-capture,1
benchmark:middlegame:3,middlegame,35670,4,7,r4Bk1/1pp2ppp/p2p4/2bnp3/2BNP3/P2P4/1PP1bPPP/R4RK1 b - - 0 13,e2f1,500,1,-111,-10,-630,19,-65,EXACT,true,false,true,true,static,-65,ordinary-nonchecking-capture,1
benchmark:middlegame:3,middlegame,35678,12,15,B4k2/2p2ppp/p2p4/4p3/4P3/P2P4/1bP2PPP/R4K2 b - - 0 17,b2a1,500,1,-111,-10,-630,19,0,LOWER,true,true,true,true,static,0,ordinary-nonchecking-capture,1
benchmark:middlegame:3,middlegame,35727,12,15,B4k2/2p2ppp/p2p4/4p3/4P3/P2P4/1bP2PPP/R4K2 b - - 0 17,b2a1,500,1,-111,-16,-630,19,0,LOWER,true,true,true,true,static,0,ordinary-nonchecking-capture,1
benchmark:middlegame:3,middlegame,36469,16,19,r5k1/1Bp2pbp/p7/8/8/P7/1PP2PKP/R7 b - - 0 19,g7b2,100,1,-28,-10,-147,19,6,LOWER,true,true,true,true,static,6,ordinary-nonchecking-capture,1
benchmark:middlegame:3,middlegame,37252,12,15,B4k2/2p2ppp/p2p4/4p3/4P3/P2P4/1bP2PPP/R4K2 b - - 0 17,b2a1,500,1,-111,-65,-630,19,0,LOWER,true,true,true,true,static,0,ordinary-nonchecking-capture,1
benchmark:middlegame:3,middlegame,38272,11,14,r4Bk1/2p2ppp/p2p4/n2Np3/4n3/P2P4/1PP3PP/R4K2 w - - 0 17,f8g7,100,-1,10,45,-109,19,84,LOWER,true,true,true,true,static,84,SEE-negative,1
benchmark:middlegame:3,middlegame,42072,13,16,8/1pp2pk1/r1np4/3Np2p/4n3/P2P4/1PP3PP/R4K2 w - - 0 18,d3e4,320,1,10,14,-329,19,32,LOWER,true,true,true,true,static,32,ordinary-nonchecking-capture,1
corpus:tail-kiwipete-e1d1:full,tail-kiwipete-e1d1,4202,10,10,r3k2b/p1pp4/1n2qnp1/8/4P3/5Q1p/PPPK1PPP/R6R b q - 0 6,e6e4,100,1,250,263,132,18,269,LOWER,true,true,true,true,static,269,ordinary-nonchecking-capture,1
corpus:tail-kiwipete-e1d1:full,tail-kiwipete-e1d1,4578,9,9,r3k2N/p1ppq1b1/1n3np1/3p4/4P3/8/PPPpKPQP/R6R w q - 0 6,e2d2,100,1,-263,-238,-381,18,-196,LOWER,true,true,true,true,static,-196,ordinary-nonchecking-capture,1
corpus:tail-kiwipete-e1d1:full,tail-kiwipete-e1d1,4884,9,9,r3k2N/p1ppq1b1/1n2p1p1/3P4/4Q3/8/PPPpKPpP/R6R w q - 0 6,e4g2,100,1,-263,-238,-381,18,-190,LOWER,true,true,true,true,static,-190,same-target-q-recapture,1
corpus:tail-kiwipete-e1d1:full,tail-kiwipete-e1d1,11354,10,10,r3k2b/p1pp4/1n2qnp1/8/4P3/5Q1p/PPPK1PPP/R6R b q - 0 6,e6e4,100,1,250,282,132,18,319,LOWER,true,true,true,true,static,319,ordinary-nonchecking-capture,1
corpus:tail-kiwipete-e1d1:full,tail-kiwipete-e1d1,16792,6,6,r3k2r/p1pp1pb1/1n2qnp1/4N3/4P3/2B2Q1p/PPP1KPPP/R6R b kq - 0 4,f6e4,100,-1,282,291,164,18,292,LOWER,true,true,true,true,static,292,SEE-negative,1
corpus:tail-evasion-:full,tail-evasion-,324,15,15,4k2N/rppp2pp/5nb1/nP6/3NP3/8/P5PP/5R1K b - - 0 8,g6e4,100,1,389,410,271,18,475,LOWER,true,true,true,true,static,475,ordinary-nonchecking-capture,2
benchmark:kiwipete:2,kiwipete,7454,11,13,r4k2/p1p1qp2/1n2p1p1/3P4/4P3/2Q5/PPP1KP1P/R6R b - - 0 7,e6d5,100,1,-469,-424,-587,18,-425,EXACT,true,false,true,true,static,-425,ordinary-nonchecking-capture,2
benchmark:evasion:2,evasion,5426,20,22,r4k1N/Pppp3Q/5p2/1r6/2n5/8/4K1PP/8 w - - 0 12,h7d7,100,1,-14,-2,-132,18,62,LOWER,true,true,true,true,static,62,ordinary-nonchecking-capture,2
benchmark:evasion:2,evasion,7675,5,7,r3k2r/Pppp1ppp/5nbN/nP6/BBP1P3/5R2/P5PP/Rq1Q2K1 b kq - 1 4,b1b4,330,1,-130,-99,-478,18,-102,EXACT,true,false,true,true,static,-102,ordinary-nonchecking-capture,2
benchmark:middlegame:2,middlegame,4016,14,16,r4r2/1pp3pp/p1np4/4p2k/6R1/P1NPK3/1PP3PP/4R3 w - - 1 18,g4g7,100,1,-6,4,-124,18,46,LOWER,true,true,true,true,static,46,ordinary-nonchecking-capture,1
benchmark:middlegame:2,middlegame,6846,13,15,r4k2/1pp3pp/p1np4/8/3bP1N1/P2P4/1PP1N1PP/R6K b - - 0 17,d4b2,100,1,-19,-13,-137,18,18,LOWER,true,true,true,true,static,18,ordinary-nonchecking-capture,2
benchmark:middlegame:2,middlegame,8157,15,17,r4r2/1p2k2p/p2p1p2/8/4P1Q1/P2P4/1Pq3PP/R4RK1 b - - 1 18,c2d3,100,1,-166,-163,-284,18,-113,LOWER,true,true,true,true,static,-113,ordinary-nonchecking-capture,2
benchmark:kiwipete:3,kiwipete,11400,18,21,r3k2N/p1p5/1n2P1p1/4K3/8/8/P1q3PP/R7 b q - 1 11,c2g2,100,1,590,640,472,18,617,EXACT,true,false,true,true,static,617,ordinary-nonchecking-capture,1
benchmark:kiwipete:3,kiwipete,12480,8,11,1r2k2b/p1p1q3/1n2pnp1/3P4/4P3/2B5/PPP1KPPP/R6R b - - 0 6,e6d5,100,1,590,661,472,18,659,EXACT,true,false,true,true,static,659,ordinary-nonchecking-capture,1
benchmark:kiwipete:3,kiwipete,13585,10,13,2B1k2r/p1ppq3/1n2p1p1/3Pb3/4K3/8/PPP2PPP/R6R b k - 0 7,e5b2,100,1,651,673,533,18,656,EXACT,true,false,true,false,static,899,ordinary-nonchecking-capture,1
benchmark:kiwipete:3,kiwipete,14996,4,7,3rk2r/p1ppq1b1/Bn2pnp1/3PN3/4P3/2B5/PPP2PPP/R3K2R b KQk - 0 4,e6d5,100,1,673,676,555,18,686,LOWER,true,true,true,true,static,686,ordinary-nonchecking-capture,1
benchmark:kiwipete:3,kiwipete,19237,10,13,r6r/pbp1kpb1/1n2P3/8/4n3/8/PPP1BPPP/R3K2R b - - 0 7,g7b2,100,1,596,601,478,18,636,LOWER,true,true,true,true,static,636,ordinary-nonchecking-capture,1
benchmark:kiwipete:3,kiwipete,21085,13,16,r3k3/p1p1N3/1n2pn2/3P4/4P3/8/P1P1KPPP/7r w q - 0 9,d5e6,100,1,-677,-671,-795,18,-362,LOWER,true,true,true,true,static,-362,ordinary-nonchecking-capture,1
benchmark:kiwipete:3,kiwipete,22239,13,16,r3k2r/p1p2p2/Bn2q1N1/8/8/2P5/P1P3PP/R1K4n w kq - 0 9,g6h8,500,1,-843,-831,-1361,18,-746,LOWER,true,true,true,true,static,-746,ordinary-nonchecking-capture,1
benchmark:kiwipete:3,kiwipete,23723,8,11,r3k2r/p1p1q3/1n2Pnp1/8/1p2P3/8/PPPbNPPP/R4K1R b kq - 0 6,e7e6,100,1,898,919,780,18,1160,LOWER,true,true,true,true,static,1160,same-target-q-recapture,1
benchmark:kiwipete:3,kiwipete,35451,14,17,r7/p2pk1B1/Bn2P3/2p5/4n3/8/PPP1KPP1/r7 b - - 0 9,e7e6,100,1,660,668,542,18,695,LOWER,true,true,true,true,static,695,same-target-q-recapture,1
benchmark:kiwipete:3,kiwipete,41239,15,18,7r/p1pp4/1n2k3/8/1p6/2P4p/P1P2PPP/R4BK1 w - - 0 10,c3b4,100,1,273,281,155,18,301,LOWER,true,true,true,true,static,301,ordinary-nonchecking-capture,3
benchmark:kiwipete:3,kiwipete,42090,18,21,7r/p1pp4/Bn1k4/8/8/2p4P/PPP2P1P/5RK1 b - - 0 11,h8h3,100,1,-296,-288,-414,18,-254,LOWER,true,true,true,true,static,-254,same-target-q-recapture,2
benchmark:kiwipete:3,kiwipete,42110,18,21,7r/p1pp4/Bn1k4/8/8/2p4P/PPP2P1P/5RK1 b - - 0 11,h8h3,100,1,-296,-273,-414,18,-254,LOWER,true,true,true,true,static,-254,ordinary-nonchecking-capture,2
benchmark:kiwipete:3,kiwipete,43170,15,18,r1k2n1Q/p1p1q3/4p1p1/3P4/8/3K4/PpP2PPP/R6R w - - 1 10,h8b2,100,1,273,282,155,18,353,LOWER,true,true,true,true,static,353,ordinary-nonchecking-capture,1
benchmark:kiwipete:3,kiwipete,60428,12,15,7r/p2pkpb1/1N3np1/8/1p6/8/PPqB1PQP/R4K1R b - - 0 8,c2d2,330,1,-43,-32,-391,18,11,LOWER,true,true,true,true,static,11,ordinary-nonchecking-capture,7
benchmark:evasion:3,evasion,5509,12,15,4k2N/rppp2pp/5nb1/nP6/3NP3/8/P5PP/5R1K b - - 0 8,g6e4,100,1,389,523,271,18,475,EXACT,true,false,true,true,static,475,ordinary-nonchecking-capture,1
benchmark:middlegame:3,middlegame,1817,2,5,5rk1/1pp1qppp/r2p1n2/2b1p1B1/3NP1b1/P1NP4/1PPQ1PPP/R4RK1 b - - 0 12,c5d4,320,1,230,252,-108,18,287,LOWER,true,true,true,true,static,287,same-target-q-recapture,1
benchmark:middlegame:3,middlegame,8246,7,10,r4r1k/1pp2ppp/p1np4/3Np1q1/2B1n3/P2P1Q2/1PP3PP/4RRK1 w - - 0 15,f3e4,320,1,20,22,-318,18,96,LOWER,true,true,true,true,static,96,ordinary-nonchecking-capture,1
benchmark:middlegame:3,middlegame,14659,14,17,r5k1/1pp1B1pp/p1Np4/8/4N3/P2P4/1PP3PP/5bK1 b - - 0 18,f1g2,100,-1,-17,-10,-135,18,-14,EXACT,true,false,true,false,static,-3,SEE-negative,1
benchmark:middlegame:3,middlegame,30800,13,16,4r3/1Bp2pkp/2np4/3Np3/4n3/P2P4/1PP3bP/R3K3 w - - 0 18,d3e4,320,1,18,45,-320,18,75,LOWER,true,true,true,true,static,75,ordinary-nonchecking-capture,1
benchmark:middlegame:3,middlegame,36430,14,17,r5k1/1pp2pBp/p7/8/3b4/P7/1PP2PBP/R5K1 b - - 0 18,g8g7,330,1,-59,-10,-407,18,-13,EXACT,true,false,true,false,static,0,ordinary-nonchecking-capture,1
benchmark:middlegame:3,middlegame,36870,12,15,r5k1/1Bp2p1p/p2p4/4B3/3bb3/P2P4/1PP2P1P/R5K1 b - - 0 17,d4b2,100,-1,-16,-10,-134,18,-10,LOWER,true,true,true,true,static,-10,SEE-negative,1
benchmark:middlegame:3,middlegame,39723,9,12,r5k1/2p2ppp/2np4/2bNp1Nn/4P3/P2P4/1PP2PKP/R7 w - - 0 16,d5c7,100,1,10,14,-108,18,43,LOWER,true,true,true,true,static,43,ordinary-nonchecking-capture,1
corpus:tail-kiwipete-e1d1:full,tail-kiwipete-e1d1,887,18,18,R6r/p3k1b1/1n4p1/8/8/8/PPPnKPpP/R6R b - - 0 10,h8a8,500,1,253,261,-264,17,333,LOWER,true,true,true,true,static,333,same-target-q-recapture,2
corpus:tail-kiwipete-e1d1:full,tail-kiwipete-e1d1,5233,20,20,r7/p1pk2b1/1n4N1/8/8/8/PPP2n1P/R1K4R b - - 1 11,f2h1,500,1,263,300,-254,17,304,LOWER,true,true,true,true,static,304,ordinary-nonchecking-capture,3
corpus:tail-kiwipete-e1d1:full,tail-kiwipete-e1d1,13590,14,14,r6b/p1pkq3/1n4p1/8/4n3/7p/PPP1QPPP/R3K2R b - - 1 8,h8b2,100,1,282,291,165,17,336,LOWER,true,true,true,true,static,336,ordinary-nonchecking-capture,1
corpus:tail-kiwipete-e1d1:full,tail-kiwipete-e1d1,15950,19,19,r2k3b/p1pp4/1n6/8/8/8/PPPKB2P/R6r w - - 0 11,a1h1,500,1,-289,-283,-806,17,-283,LOWER,true,true,true,true,static,-283,same-target-q-recapture,1
corpus:tail-kiwipete-e1d1:lower,tail-kiwipete-e1d1,1804,10,10,r2k3r/p1pPqpb1/1n3np1/4N3/4P3/8/PPP1KPQP/R6R b - - 0 6,e7e5,320,1,299,300,-38,17,399,LOWER,true,true,true,true,static,399,ordinary-nonchecking-capture,1
benchmark:kiwipete:2,kiwipete,3516,5,7,r3k2r/p1ppqp2/Bn2P1p1/4B3/1p6/5Q1p/PPP2PPP/R3K2R b KQkq - 0 4,e7e6,100,1,-310,-283,-427,17,-301,EXACT,true,false,true,true,static,-301,ordinary-nonchecking-capture,1
benchmark:kiwipete:2,kiwipete,7308,13,15,r2k4/p1p2p2/1n3bp1/3P4/8/8/PPPBKP1P/R6R b - - 0 8,f6b2,100,1,-477,-462,-594,17,-451,LOWER,true,true,true,true,static,-451,ordinary-nonchecking-capture,2
benchmark:kiwipete:2,kiwipete,7948,5,7,r4k1r/p1p2pb1/1n2qNp1/8/1p2P3/2N4p/PPPBQPPP/R3K2R b KQ - 0 4,e6f6,320,1,-149,-138,-486,17,-118,LOWER,true,true,true,true,static,-118,ordinary-nonchecking-capture,2
benchmark:kiwipete:2,kiwipete,9414,9,11,r6r/p1pp2b1/b2kp1N1/3P4/1p6/7p/PPPB1PPP/R2BK2R b KQ - 0 6,g7b2,100,1,-351,-291,-468,17,-313,EXACT,true,false,true,false,static,-218,ordinary-nonchecking-capture,2
benchmark:middlegame:2,middlegame,1358,5,7,2r2rk1/1pp1Bppp/p1np4/2b1p3/2B1P3/P2P4/1PP1NPPP/R4R1K b - - 0 13,c6e7,330,1,-8,-3,-355,17,4,LOWER,true,true,true,true,static,4,ordinary-nonchecking-capture,1
benchmark:middlegame:2,middlegame,5747,11,13,r7/1pp1q1pp/p1np2k1/4p1N1/6Q1/P1NP4/1PP3PP/R4K2 b - - 0 16,e7g5,320,1,-19,1,-356,17,0,EXACT,true,false,true,true,static,0,ordinary-nonchecking-capture,1
benchmark:middlegame:2,middlegame,5862,11,13,r7/1pp1q1pp/p1np2k1/4p1N1/6Q1/P1NP4/1PP3PP/R4K2 b - - 0 16,e7g5,320,1,-19,-4,-356,17,0,LOWER,true,true,true,true,static,0,ordinary-nonchecking-capture,1
benchmark:middlegame:2,middlegame,6560,3,5,r4rk1/1Bp1qppp/p2p1n2/4p1B1/4P1b1/P1bP1N2/1PP1QPPP/R4RK1 b - - 0 12,c3b2,100,1,-19,-13,-136,17,0,LOWER,true,true,true,true,static,0,ordinary-nonchecking-capture,3
benchmark:kiwipete:3,kiwipete,4130,11,14,r3k2N/p1p1q1b1/4p1p1/3n4/8/2B5/PPP1K1PP/7R w q - 0 8,h8g6,100,1,-796,-771,-913,17,-731,LOWER,true,true,true,true,static,-731,ordinary-nonchecking-capture,1
benchmark:kiwipete:3,kiwipete,11005,12,15,r2qk2N/p1p2p2/1n2p3/8/4P3/2n5/P1P2PPP/R3K2R b q - 1 8,c3e4,100,1,590,605,473,17,626,LOWER,true,true,true,true,static,626,ordinary-nonchecking-capture,2
benchmark:kiwipete:3,kiwipete,13752,10,13,2B1k2r/p1ppq3/1n2p1p1/3Pb3/4K3/8/PPP2PPP/R6R b k - 0 7,e5b2,100,1,650,673,533,17,656,EXACT,true,false,true,false,static,899,ordinary-nonchecking-capture,1
benchmark:kiwipete:3,kiwipete,14452,12,15,3r4/p1p2kb1/1n3q2/3p4/4P3/8/PPP1KPPP/R6R b - - 0 8,d5e4,100,1,598,602,481,17,762,LOWER,true,true,true,true,static,762,ordinary-nonchecking-capture,1
benchmark:kiwipete:3,kiwipete,21372,10,13,r6r/p1p2k2/Bn2qnp1/8/4P3/2K5/PPP2PPP/R6R b - - 0 7,e6e4,100,1,880,955,763,17,1188,LOWER,true,true,true,true,static,1188,ordinary-nonchecking-capture,1
benchmark:kiwipete:3,kiwipete,23184,13,16,r3k2r/p1p2N2/Bn2q1p1/8/8/2P5/P1P3PP/R1K4n w kq - 0 9,f7h8,500,1,-906,-856,-1423,17,-812,LOWER,true,true,true,true,static,-812,ordinary-nonchecking-capture,1
benchmark:kiwipete:3,kiwipete,28620,5,8,r1n1k2r/p1ppq1b1/B3p1p1/3PN3/4n3/2P5/P1PB1PPP/R3K2R w KQkq - 0 5,e5g6,100,1,-661,-641,-778,17,-641,LOWER,true,true,true,true,static,-641,ordinary-nonchecking-capture,1
benchmark:kiwipete:3,kiwipete,31684,14,17,r3k2b/p1p5/1n2Pq2/8/4P3/8/P1P1KPPP/R7 b q - 0 9,f6a1,500,1,590,657,73,17,664,LOWER,true,true,true,true,static,664,same-target-q-recapture,2
benchmark:kiwipete:3,kiwipete,35477,4,7,r3k2r/p2pq1b1/Bn2pnp1/2pPN3/4P3/2B5/PPP2PPP/R3K2R b KQkq - 0 4,e6d5,100,1,660,668,543,17,664,EXACT,true,false,true,true,static,664,ordinary-nonchecking-capture,1
benchmark:kiwipete:3,kiwipete,39721,4,7,r3k2r/p1ppqp2/Bn2P1p1/4B3/1p6/5Q1p/PPP2PPP/R3K2R b KQkq - 0 4,e7e6,100,1,-310,-256,-427,17,-301,EXACT,true,false,true,true,static,-301,ordinary-nonchecking-capture,1
benchmark:kiwipete:3,kiwipete,43468,11,14,r3k2b/p1pnq3/4p1p1/3P4/1p6/5Q1p/PPP2PPP/R1K4R w - - 0 8,d5e6,100,1,273,290,156,17,325,LOWER,true,true,true,true,static,325,ordinary-nonchecking-capture,1
benchmark:tactical:3,tactical,10,1,4,8/4k3/4p3/1Q1p4/4P3/8/8/4K3 w - - 2 3,e4d5,100,1,1072,32769,955,17,1080,EXACT,true,false,true,true,static,1080,ordinary-nonchecking-capture,1
benchmark:evasion:3,evasion,17783,12,15,4k2r/rpp3Rp/5nb1/nPP5/B3P3/5N2/P5PP/6K1 b - - 0 8,f6e4,100,1,426,433,309,17,432,EXACT,true,false,true,true,static,432,ordinary-nonchecking-capture,1
benchmark:middlegame:3,middlegame,9601,7,10,r2B1rk1/1pp2ppp/p1np4/2b1p3/2B3b1/P1N2N2/1PP1Q1PP/4nR1K w - - 0 15,d8c7,100,1,10,22,-107,17,26,LOWER,true,true,true,true,static,26,ordinary-nonchecking-capture,1
benchmark:middlegame:3,middlegame,9843,11,14,5k2/rpp3pp/p1np4/6q1/4P1n1/P1NP2K1/1PP1Q1PP/4R3 w - - 0 17,e2g4,320,1,10,22,-327,17,37,LOWER,true,true,true,true,static,37,ordinary-nonchecking-capture,2
benchmark:middlegame:3,middlegame,16324,1,4,r4rk1/bpp1qppp/p1np1n2/4p1B1/2B1P3/P1NP1b2/1PP1QPPP/4RR1K w - - 0 12,e2f3,330,1,13,17,-334,17,47,LOWER,true,true,true,true,static,47,same-target-q-recapture,1
benchmark:middlegame:3,middlegame,17470,10,13,r4r1k/1pp1Nppp/p1np4/4p3/2B3Q1/P2P4/1PP3PP/R3nK2 b - - 0 16,e1c2,100,1,-11,-10,-128,17,32,LOWER,true,true,true,true,static,32,ordinary-nonchecking-capture,1
benchmark:middlegame:3,middlegame,20308,9,12,2r2r1k/1pp2Bpp/p1np4/4p1q1/4n3/P1NP1Q2/1PP1K1PP/R3R3 w - - 1 16,c3e4,320,1,10,11,-327,17,78,LOWER,true,true,true,true,static,78,ordinary-nonchecking-capture,1
benchmark:middlegame:3,middlegame,21344,10,13,r7/1pp1q1pp/p1np2k1/4p1N1/6Q1/P1NP4/1PP3PP/R4K2 b - - 0 16,e7g5,320,1,-19,-10,-356,17,0,LOWER,true,true,true,true,static,0,ordinary-nonchecking-capture,2
benchmark:middlegame:3,middlegame,23256,11,14,B4rk1/2p2ppp/p2p4/4p1q1/4n3/P1NP1Q2/1P4PP/n2K1R2 w - - 0 17,f3e4,320,1,10,13,-327,17,111,LOWER,true,true,true,true,static,111,ordinary-nonchecking-capture,2
benchmark:middlegame:3,middlegame,23338,14,17,B4rk1/2p2ppp/p2p4/4p3/4Q3/P1N5/1nP3qP/R3KR2 b - - 1 18,g2h2,100,1,-13,-10,-130,17,6,LOWER,true,true,true,true,static,6,ordinary-nonchecking-capture,1
benchmark:middlegame:3,middlegame,30799,13,16,4r3/1Bp2pkp/2np4/3Np3/4n3/P2P4/1PP3bP/R3K3 w - - 0 18,b7c6,320,1,17,45,-320,17,18,EXACT,true,false,true,false,static,75,ordinary-nonchecking-capture,1
benchmark:middlegame:3,middlegame,31930,5,8,r2r2k1/1pp2ppp/B1np4/3Np1q1/4n1b1/P2P1N2/1PP1Q1PP/R3KR2 w - - 0 14,e2e4,320,1,103,111,-234,17,132,LOWER,true,true,true,true,static,132,ordinary-nonchecking-capture,1
benchmark:middlegame:3,middlegame,33431,8,11,r5k1/1pp2pBp/p1np4/4p3/2B1P3/P2P1b2/1PP2PPP/5RK1 b - - 0 15,f3g2,100,-1,-111,-56,-228,17,-74,EXACT,true,false,true,true,static,-74,SEE-negative,1
corpus:tail-kiwipete-e1d1:full,tail-kiwipete-e1d1,3223,20,20,7r/p1Q5/1n4p1/1k6/4q3/7p/PPP2rPP/R1K4R b - - 1 11,h3g2,100,1,173,217,57,16,219,LOWER,true,true,true,true,static,219,ordinary-nonchecking-capture,1
corpus:tail-kiwipete-f3h3:full,tail-kiwipete-f3h3,409,8,8,r4k2/p1p1qpb1/1n2pNp1/3P4/4P3/2p4P/PPPBKP1P/R6R b - - 0 5,c3d2,330,1,475,513,129,16,633,LOWER,true,true,true,true,static,633,ordinary-nonchecking-capture,3
corpus:tail-kiwipete-f3h3:lower,tail-kiwipete-f3h3,81,10,10,r2k4/p1ppqPb1/1n3np1/4N3/4P3/7P/PPPK1P1P/R6R b - - 0 6,e7e5,320,1,589,590,253,16,697,LOWER,true,true,true,true,static,697,ordinary-nonchecking-capture,1
benchmark:kiwipete:2,kiwipete,3040,13,15,r3k2r/p1pN1pb1/Bn4p1/8/8/2p2Q2/PPP2P1P/R2K4 b kq - 1 8,c3b2,100,1,-310,-283,-426,16,-283,LOWER,true,true,true,true,static,-283,ordinary-nonchecking-capture,1
benchmark:kiwipete:2,kiwipete,6954,19,21,r7/p1p3b1/3k2p1/8/4K3/8/PPP2P1P/R6R b - - 0 11,g7b2,100,1,-435,-351,-551,16,-384,EXACT,true,false,true,true,static,-384,ordinary-nonchecking-capture,4
benchmark:kiwipete:2,kiwipete,10418,13,15,r6r/p1p1kpb1/1n4p1/8/4P3/5P1p/PPPRKP1P/R6R b - - 0 8,g7b2,100,1,-88,-85,-204,16,-43,LOWER,true,true,true,true,static,-43,ordinary-nonchecking-capture,2
benchmark:kiwipete:2,kiwipete,10587,11,13,r3k2r/p1pq1pb1/1n4p1/3P4/1B6/8/PPP1NPQP/R3K2R b KQ - 0 7,g7b2,100,1,-93,-90,-209,16,-70,LOWER,true,true,true,true,static,-70,ordinary-nonchecking-capture,4
benchmark:middlegame:2,middlegame,1969,1,3,r4r1k/1pp1qppp/p1np1B2/2b1p3/2B1P1b1/P1NP1N2/1PP2PPP/R2Q1RK1 b - - 0 11,e7f6,330,1,-6,6,-352,16,24,LOWER,true,true,true,true,static,24,same-target-q-recapture,1
benchmark:middlegame:2,middlegame,7159,11,13,r4k2/1pp3pp/p2p4/2b1N3/3nP3/P1NP4/1PP2PPP/5RK1 b - - 0 16,d6e5,320,1,-13,1,-349,16,12,LOWER,true,true,true,true,static,12,ordinary-nonchecking-capture,1
benchmark:kiwipete:3,kiwipete,1183,12,15,r7/p1pp1kb1/5n2/3q4/8/8/PPP1KPPP/R6R b - - 0 8,d5g2,100,1,784,797,668,16,830,LOWER,true,true,true,true,static,830,ordinary-nonchecking-capture,1
benchmark:kiwipete:3,kiwipete,1514,12,15,r3k2b/p1pp1p2/8/8/1p2q3/8/PPP2PPP/R4K1R b q - 1 8,h8b2,100,1,734,758,618,16,787,LOWER,true,true,true,true,static,787,ordinary-nonchecking-capture,1
benchmark:kiwipete:3,kiwipete,3480,12,15,r3k2N/p1p1qp2/1n2p3/3P4/8/2P5/P1P1K1PP/7R b q - 0 8,b6d5,100,1,756,783,640,16,919,LOWER,true,true,true,true,static,919,ordinary-nonchecking-capture,1
benchmark:kiwipete:3,kiwipete,4406,10,13,r3k2b/p1p1q3/Bn4p1/3p4/1p6/8/PPPK1PPP/R6R b q - 0 7,h8b2,100,1,771,834,655,16,831,EXACT,true,false,true,true,static,831,ordinary-nonchecking-capture,1
benchmark:kiwipete:3,kiwipete,9690,19,22,r3k2q/p1p5/1n2p1p1/3P4/5K2/8/P6P/R6R w q - 0 12,d5e6,100,1,-648,-616,-764,16,-469,LOWER,true,true,true,true,static,-469,ordinary-nonchecking-capture,2
benchmark:kiwipete:3,kiwipete,9802,13,16,r3k3/p1p5/1n2pbp1/3P4/4P3/5K2/Pq3PPP/R6R w q - 0 9,d5e6,100,1,-661,-642,-777,16,-562,LOWER,true,true,true,true,static,-562,ordinary-nonchecking-capture,1
benchmark:kiwipete:3,kiwipete,9867,14,17,r3k3/p1p5/4pbp1/3P4/8/5K2/PPq2PPP/R6R b q - 1 9,e6d5,100,1,616,661,500,16,804,LOWER,true,true,true,true,static,804,ordinary-nonchecking-capture,1
benchmark:kiwipete:3,kiwipete,10753,6,9,r2qk2r/p1p3b1/1n2pnN1/8/1p2P3/8/PPPBNPPP/R3K2R b KQkq - 0 5,f6e4,100,1,627,654,511,16,685,LOWER,true,true,true,true,static,685,ordinary-nonchecking-capture,1
benchmark:kiwipete:3,kiwipete,13664,14,17,2B1k3/p1ppq3/1n4p1/3pb3/8/5K2/PPP2PPR/R7 b - - 1 9,e5h2,500,1,596,673,80,16,826,LOWER,true,true,true,true,static,826,ordinary-nonchecking-capture,1
benchmark:kiwipete:3,kiwipete,15844,5,8,r3k3/p1ppq1br/Bn2p1p1/3PN3/4n3/2P5/P1PB1PPP/R3K2R w KQq - 0 5,e5g6,100,1,-662,-641,-778,16,-586,LOWER,true,true,true,true,static,-586,ordinary-nonchecking-capture,1
benchmark:kiwipete:3,kiwipete,16819,12,15,r3k1r1/p1p2Nb1/1n4p1/8/4n3/8/PPP1KPPP/R6R b q - 0 8,e8f7,320,1,590,622,254,16,604,EXACT,true,false,true,true,static,604,ordinary-nonchecking-capture,2
benchmark:kiwipete:3,kiwipete,16844,12,15,r3k1r1/p1p2Nb1/1n4p1/8/4n3/8/PPP1KPPP/R6R b q - 0 8,e8f7,320,1,590,604,254,16,604,LOWER,true,true,true,true,static,604,ordinary-nonchecking-capture,1
benchmark:kiwipete:3,kiwipete,34460,5,8,r3k2r/p2pq1b1/Bnp1p1p1/3PN3/4n3/2P5/P1PB1PPP/R3K2R w KQkq - 0 5,e5g6,100,1,-668,-628,-784,16,-591,LOWER,true,true,true,true,static,-591,ordinary-nonchecking-capture,1
benchmark:kiwipete:3,kiwipete,34773,8,11,r3k2N/p4pb1/1n2qn2/2p5/4P3/2p5/PPPBKPPP/R6R b q - 0 6,c3d2,330,1,602,660,256,16,775,LOWER,true,true,true,true,static,775,ordinary-nonchecking-capture,1
benchmark:kiwipete:3,kiwipete,39240,12,15,r3k2r/p1pN1pb1/Bn4p1/8/8/2p2Q2/PPP2P1P/R2K4 b kq - 1 8,c3b2,100,1,-310,-256,-426,16,-236,LOWER,true,true,true,true,static,-236,ordinary-nonchecking-capture,1
benchmark:kiwipete:3,kiwipete,43200,15,18,r1k2n1Q/p1p1q3/4p1p1/3P4/8/4K3/PpP2PPP/R6R w - - 1 10,h8b2,100,1,273,290,157,16,392,LOWER,true,true,true,true,static,392,ordinary-nonchecking-capture,1
benchmark:kiwipete:3,kiwipete,50264,14,17,8/2p1qPk1/rp4p1/8/4n3/7P/PPP2P1P/R3K2R b KQ - 0 9,g7f7,100,1,182,227,66,16,455,LOWER,true,true,true,true,static,455,same-target-q-recapture,1
benchmark:kiwipete:3,kiwipete,56345,2,5,r3k3/p1p1qpb1/Bn1ppnp1/3PN3/1p2P3/2N4P/PPPB1P1P/R3K2R b KQq - 0 3,d6e5,320,1,243,483,-93,16,284,EXACT,true,false,true,true,static,284,ordinary-nonchecking-capture,1
benchmark:evasion:3,evasion,16391,14,17,4k3/rppp2p1/5np1/nP6/3NP3/8/P5PP/5R1K b - - 0 9,f6e4,100,1,285,393,169,16,336,EXACT,true,false,true,true,static,336,ordinary-nonchecking-capture,1
benchmark:evasion:3,evasion,16506,14,17,4k3/rppp2p1/5np1/nP6/3NP3/8/P5PP/5R1K b - - 0 9,f6e4,100,1,285,411,169,16,336,EXACT,true,false,true,true,static,336,ordinary-nonchecking-capture,1
benchmark:middlegame:3,middlegame,6745,9,12,r6k/1pp2ppp/p1nB4/2bNp3/2b1P3/P7/1PP2PPP/2R3K1 w - - 0 16,d6c5,330,1,10,12,-336,16,31,LOWER,true,true,true,true,static,31,ordinary-nonchecking-capture,1
benchmark:middlegame:3,middlegame,6747,11,14,r6k/1pp2ppp/p1n5/2Bbp3/4P3/P7/1PP2PPP/2R3K1 w - - 0 17,e4d5,330,1,10,12,-336,16,51,LOWER,true,true,true,true,static,51,same-target-q-recapture,1
benchmark:middlegame:3,middlegame,6775,13,16,r6k/1pB2ppp/p1n5/3bp3/4P3/P7/1PP2KPP/2R5 w - - 0 18,e4d5,330,1,10,12,-336,16,30,LOWER,true,true,true,true,static,30,same-target-q-recapture,1
benchmark:middlegame:3,middlegame,19240,8,11,5rk1/rpp1Bppp/p1np4/2b1p3/2B5/P1Nn1Q2/1PP3PP/R3RK2 b - - 1 15,d3e1,500,1,-11,-10,-527,16,-9,LOWER,true,true,true,true,static,-9,ordinary-nonchecking-capture,1
benchmark:middlegame:3,middlegame,24599,19,22,b5k1/2p2ppp/p2B4/4p3/8/P1K5/1P5P/R7 w - - 0 21,d6e5,100,1,10,13,-106,16,289,LOWER,true,true,true,true,static,289,ordinary-nonchecking-capture,3
benchmark:middlegame:3,middlegame,25180,10,13,r4k2/1pp3pp/p2p4/2b1N3/3nP3/P1NP4/1PP2PPP/5RK1 b - - 0 16,d6e5,320,1,-13,-10,-349,16,12,LOWER,true,true,true,true,static,12,ordinary-nonchecking-capture,1
benchmark:middlegame:3,middlegame,28170,5,8,4qrk1/1pp2p1p/r1np1p2/2bNp3/4P3/P2P1Q2/1PP2PPP/R4RK1 w - - 0 14,f3f6,100,1,10,111,-106,16,83,EXACT,true,false,true,false,static,588,same-target-q-recapture,1
benchmark:middlegame:3,middlegame,36418,12,15,r5k1/1pp2pBp/p7/3B4/3bb3/P7/1PP2PPP/R5K1 b - - 0 17,e4g2,100,-1,-59,-10,-175,16,-9,LOWER,true,true,true,true,static,-9,SEE-negative,1
benchmark:middlegame:3,middlegame,36890,14,17,r5k1/1Bp2p1p/p2p4/8/4b3/P2P4/1BP2P1P/R5K1 b - - 0 18,e4b7,330,1,-16,-10,-362,16,0,LOWER,true,true,true,true,static,0,ordinary-nonchecking-capture,1
benchmark:middlegame:3,middlegame,38236,13,16,5k2/1pp2ppp/r2p4/n2Np3/4P3/P7/1PP3PP/R4K2 w - - 0 18,d5c7,100,1,10,50,-106,16,18,EXACT,true,false,true,true,static,18,ordinary-nonchecking-capture,2
corpus:tail-kiwipete-e1d1:full,tail-kiwipete-e1d1,4166,18,18,r6b/p1pk1p2/1n6/8/4P3/8/PPPK1P1P/7R b - - 0 10,h8b2,100,1,261,263,146,15,340,LOWER,true,true,true,true,static,340,ordinary-nonchecking-capture,1
corpus:tail-kiwipete-e1d1:full,tail-kiwipete-e1d1,4787,9,9,r3k2N/p1ppq1b1/4pnp1/3P4/8/5Q2/PPPpKPpP/R6R w q - 0 6,f3g2,100,1,-263,-238,-378,15,-182,LOWER,true,true,true,true,static,-182,same-target-q-recapture,1
corpus:tail-kiwipete-e1d1:full,tail-kiwipete-e1d1,11294,18,18,r6b/p1pk1p2/1n6/8/4P3/8/PPPK1P1P/7R b - - 0 10,h8b2,100,1,261,281,146,15,340,LOWER,true,true,true,true,static,340,ordinary-nonchecking-capture,1
corpus:tail-kiwipete-e1d1:full,tail-kiwipete-e1d1,15818,13,13,r2k3b/p1pp1q2/Bn3n2/8/4P3/5Q2/PPPK1P1P/R6q w - - 0 8,f3h1,975,1,-291,-282,-1281,15,-213,LOWER,true,true,true,true,static,-213,same-target-q-recapture,1
corpus:tail-middlegame-d3d4:full,tail-middlegame-d3d4,132,14,14,r5k1/1pp3pp/p1np4/8/3bP1N1/P7/1PP1N1PP/5R1K b - - 0 17,d4b2,100,1,36,130,-79,15,89,EXACT,true,false,true,true,static,89,ordinary-nonchecking-capture,1
benchmark:kiwipete:2,kiwipete,6309,11,13,r4k2/p1ppq1b1/1n4Q1/3P4/1p6/8/PPPKNP1P/R6R b - - 0 7,b6d5,100,1,-530,-520,-645,15,-504,LOWER,true,true,true,true,static,-504,ordinary-nonchecking-capture,2
benchmark:kiwipete:2,kiwipete,10672,8,10,r4k1r/p1pq1pb1/4p1p1/3P4/1p6/5Q2/PPPBNPpP/R3K2R w KQ - 0 6,f3g2,100,1,85,90,-30,15,133,LOWER,true,true,true,true,static,133,same-target-q-recapture,2
benchmark:middlegame:2,middlegame,1224,7,9,r6k/1pp2ppp/p1nB4/2b1p3/2B1P3/P1NP4/1PP2PPP/R4b1K b - - 0 14,f1d3,100,-1,-8,0,-123,15,0,LOWER,true,true,true,true,static,0,SEE-negative,1
benchmark:middlegame:2,middlegame,4373,11,13,4rrk1/1pp3pp/p1np1R2/6B1/4P3/P1NP4/1PP1Q1PP/4b2K b - - 0 16,g7f6,500,1,-7,0,-522,15,7,LOWER,true,true,true,true,static,7,same-target-q-recapture,1
benchmark:middlegame:2,middlegame,6461,11,13,r4Bk1/2p2ppp/p1pp4/4p3/4P3/P1PP4/2P2PPP/R4K2 b - - 0 16,g8f8,330,1,-13,0,-358,15,0,LOWER,true,true,true,true,static,0,ordinary-nonchecking-capture,1
benchmark:middlegame:2,middlegame,7545,8,10,r4rk1/1pp1nppp/p2p4/4p1n1/2B5/P2P1Q2/1PP3PP/R4RK1 w - - 0 15,f3b7,100,1,538,664,423,15,579,EXACT,true,false,true,true,static,579,ordinary-nonchecking-capture,2
benchmark:kiwipete:3,kiwipete,8234,5,8,r2k3r/p1ppq1b1/Bn2p1p1/3PN3/4n3/2P5/P1PB1PPP/R3K2R w KQ - 0 5,e5g6,100,1,-653,-633,-768,15,-576,LOWER,true,true,true,true,static,-576,ordinary-nonchecking-capture,1
benchmark:kiwipete:3,kiwipete,13663,14,17,2B1k3/p1ppq3/1n4p1/3pb3/8/3K4/PPP2PPR/R7 b - - 1 9,e5h2,500,1,596,673,81,15,811,LOWER,true,true,true,true,static,811,ordinary-nonchecking-capture,1
benchmark:kiwipete:3,kiwipete,18840,5,8,r3k2r/p1ppq1b1/1n2p1p1/1B1PN3/4n3/2P5/P1PB1PPP/R3K2R w KQkq - 0 5,e5g6,100,1,-679,-638,-794,15,-601,LOWER,true,true,true,true,static,-601,ordinary-nonchecking-capture,1
benchmark:kiwipete:3,kiwipete,24937,5,8,r3k2r/p1ppq1b1/B3p1p1/3PN3/n3n3/2P5/P1PB1PPP/R3K2R w KQkq - 0 5,e5g6,100,1,-664,-623,-779,15,-586,LOWER,true,true,true,true,static,-586,ordinary-nonchecking-capture,1
benchmark:kiwipete:3,kiwipete,28293,20,23,r7/p1pBk3/4P3/8/4n3/2P5/2r2PP1/3K4 b - - 1 12,c2f2,100,1,641,661,526,15,870,LOWER,true,true,true,true,static,870,ordinary-nonchecking-capture,1
benchmark:kiwipete:3,kiwipete,33644,16,19,r7/p3kP2/Bn4p1/8/4n3/2P5/P1P1KPP1/r7 b - - 0 10,e7f7,100,1,613,666,498,15,978,LOWER,true,true,true,true,static,978,same-target-q-recapture,1
benchmark:kiwipete:3,kiwipete,34921,8,11,r3k2N/p4pb1/1n2qn2/2p5/4P3/2p5/PPPBKPPP/R6R b q - 0 6,c3d2,330,1,601,641,256,15,775,LOWER,true,true,true,true,static,775,ordinary-nonchecking-capture,2
benchmark:kiwipete:3,kiwipete,41249,14,17,7r/p1pP4/1n1k4/8/1p6/2b4p/PPP2PPP/R4BK1 b - - 0 9,d6d7,100,1,-310,-273,-425,15,-250,LOWER,true,true,true,true,static,-250,same-target-q-recapture,5
benchmark:kiwipete:3,kiwipete,41660,14,17,r7/p1pp2b1/Bn2k1N1/8/8/2p4P/PPP2P1P/5RK1 b - - 0 9,c3b2,100,1,-296,-273,-411,15,98,LOWER,true,true,true,true,static,98,ordinary-nonchecking-capture,2
benchmark:kiwipete:3,kiwipete,49784,6,9,r4k1r/p1ppqpb1/B4Np1/8/1p2P3/5Q1p/PPPK1PPP/R6R b - - 0 5,e7f6,320,1,-49,-41,-384,15,-17,LOWER,true,true,true,true,static,-17,ordinary-nonchecking-capture,1
benchmark:kiwipete:3,kiwipete,54663,10,13,r7/p1p1kpb1/q4Np1/8/1p2P3/2N4P/PPPK1P1P/R6R b - - 0 7,g7f6,320,1,203,217,-132,15,234,LOWER,true,true,true,true,static,234,ordinary-nonchecking-capture,1
benchmark:kiwipete:3,kiwipete,54961,10,13,r6r/p1p2Pb1/2k2qp1/8/2B1P3/7p/PPPK1PPP/R6R b - - 0 7,f6b2,100,1,194,289,79,15,326,LOWER,true,true,true,true,static,326,ordinary-nonchecking-capture,1
benchmark:kiwipete:3,kiwipete,66489,16,19,r6B/p1pn1p2/6p1/6k1/4P3/8/PPP1KP1P/7R b - - 0 10,a8h8,330,1,-49,-32,-394,15,79,LOWER,true,true,true,true,static,79,ordinary-nonchecking-capture,1
benchmark:evasion:3,evasion,17777,12,15,4k2r/rpp3Rp/5nb1/nPP5/B3P3/5N2/P5PP/6K1 b - - 0 8,g6e4,100,1,424,433,309,15,426,EXACT,true,false,true,false,static,432,ordinary-nonchecking-capture,1
benchmark:middlegame:3,middlegame,22180,10,13,r4Bk1/2p2ppp/p1pp4/4p3/4P3/P1PP4/2P2PPP/R4K2 b - - 0 16,g8f8,330,1,-13,-10,-358,15,0,LOWER,true,true,true,true,static,0,ordinary-nonchecking-capture,2
benchmark:middlegame:3,middlegame,26309,5,8,r4r1k/1pp1Nppp/B1np1n2/4p1B1/4P3/P2P4/1PP1bKPP/R4R2 w - - 0 14,a6b7,100,1,44,96,-71,15,55,EXACT,true,false,true,true,static,55,ordinary-nonchecking-capture,1
benchmark:middlegame:3,middlegame,30980,9,12,4rrk1/2p2ppp/Q1np4/3Np1q1/4P3/P4b2/1PP3PP/R4RK1 w - - 0 16,f1f3,330,1,68,103,-277,15,75,EXACT,true,false,true,true,static,75,same-target-q-recapture,1
benchmark:middlegame:3,middlegame,36796,15,18,r5k1/1Bp2p1p/p2p4/8/4P3/P2P4/2P2PKP/b7 w - - 0 19,b7a8,500,1,10,111,-505,15,137,LOWER,true,true,true,true,static,137,ordinary-nonchecking-capture,1
benchmark:middlegame:3,middlegame,37154,15,18,r5k1/1Bp2p1p/p2p4/8/4P3/P2P4/5PPP/b5K1 w - - 0 19,b7a8,500,1,65,104,-450,15,186,LOWER,true,true,true,true,static,186,ordinary-nonchecking-capture,1
corpus:tail-kiwipete-e1d1:full,tail-kiwipete-e1d1,6076,14,14,r7/p1pk2b1/1n4N1/8/4n3/7p/PPPp1PPP/R2K3R b - - 0 8,g7b2,100,1,210,263,96,14,272,LOWER,true,true,true,true,static,272,ordinary-nonchecking-capture,1
corpus:tail-kiwipete-e1d1:full,tail-kiwipete-e1d1,12986,14,14,r7/p1pk2b1/1n4N1/8/4n3/7p/PPPp1PPP/R2K3R b - - 0 8,g7b2,100,1,210,282,96,14,272,EXACT,true,false,true,false,static,520,ordinary-nonchecking-capture,1
benchmark:kiwipete:2,kiwipete,7427,16,18,r7/p1p2k2/1n4p1/8/4P3/8/P1PBKP1P/b6R w - - 0 10,h1a1,330,1,445,469,101,14,475,LOWER,true,true,true,true,static,475,ordinary-nonchecking-capture,2
benchmark:kiwipete:2,kiwipete,7429,11,13,r4k2/p1p2p2/1n2pbp1/3P4/4P3/8/PPPBKP1P/R6R b - - 0 7,e6d5,100,1,-466,-424,-580,14,-423,LOWER,true,true,true,true,static,-423,ordinary-nonchecking-capture,2
benchmark:kiwipete:2,kiwipete,9252,11,13,7r/p1pp1pb1/1n1kP3/8/4P3/2p2P1p/PPP2P1P/R3K2R b KQ - 0 7,c3b2,100,1,-62,-61,-176,14,325,LOWER,true,true,true,true,static,325,ordinary-nonchecking-capture,1
benchmark:evasion:2,evasion,1757,7,9,4k2r/rppp1p1p/5nbp/nPP5/B1P1P3/5N2/1R4PP/3Q1RK1 b k - 0 5,a5c4,100,1,-730,-516,-844,14,-725,EXACT,true,false,true,false,static,-718,ordinary-nonchecking-capture,2
benchmark:evasion:2,evasion,1777,7,9,4k2r/rppp1p1p/5nbp/nPP5/B1P1P3/5N2/1R4PP/3Q1RK1 b k - 0 5,a5c4,100,1,-730,-718,-844,14,-725,EXACT,true,false,true,false,static,-718,ordinary-nonchecking-capture,2
benchmark:middlegame:2,middlegame,532,10,12,r5k1/1pp3pp/p1np4/6B1/4n1N1/P1NPK3/1PP3PP/R4r2 w - - 0 16,a1f1,500,1,56,240,-458,14,70,EXACT,true,false,true,true,static,70,same-target-q-recapture,2
benchmark:kiwipete:3,kiwipete,4601,10,13,r3k2b/p1p1q3/1n2p1p1/3P4/8/2p5/PPP1KPPP/R6R b q - 0 7,b6d5,100,1,775,797,661,14,806,LOWER,true,true,true,true,static,806,ordinary-nonchecking-capture,1
benchmark:kiwipete:3,kiwipete,4819,2,5,r3k2r/p1ppq1b1/Bn2p1p1/3PN3/1p2n3/2N5/PPPB1PPP/R3K2R b KQkq - 0 3,b4c3,320,1,842,851,508,14,843,EXACT,true,false,true,true,static,843,ordinary-nonchecking-capture,1
benchmark:kiwipete:3,kiwipete,15011,5,8,3rk2r/p1ppq1b1/Bn2p1p1/3PN3/4n3/2P5/P1PB1PPP/R3K2R w KQk - 0 5,e5g6,100,1,-676,-673,-790,14,-653,LOWER,true,true,true,true,static,-653,ordinary-nonchecking-capture,1
benchmark:kiwipete:3,kiwipete,17031,5,8,r3k1r1/p1ppq1b1/Bn2p1p1/3PN3/4n3/2P5/P1PB1PPP/R3K2R w KQq - 0 5,e5g6,100,1,-645,-622,-759,14,-579,LOWER,true,true,true,true,static,-579,ordinary-nonchecking-capture,1
benchmark:kiwipete:3,kiwipete,18970,10,13,r3k2r/p1pN2b1/1n2p1p1/3P4/4n3/8/PPP2PPP/R1K4R b kq - 1 7,e8d7,320,1,590,679,256,14,606,EXACT,true,false,true,true,static,606,ordinary-nonchecking-capture,1
benchmark:kiwipete:3,kiwipete,22008,18,21,r3k3/p1pp1p2/B7/3n4/8/1K6/PPP2q1R/R7 b q - 1 11,f2h2,500,1,1000,1048,486,14,1118,LOWER,true,true,true,true,static,1118,ordinary-nonchecking-capture,1
benchmark:kiwipete:3,kiwipete,22039,10,13,r3k2r/p1pp1p2/Bn4q1/3n4/4P3/8/PPPK1PPP/R6R b kq - 0 7,g6e4,100,1,1048,1067,934,14,1313,LOWER,true,true,true,true,static,1313,ordinary-nonchecking-capture,1
benchmark:kiwipete:3,kiwipete,23635,9,12,r3k2r/p1p2p2/Bn2p1p1/3PN3/1q2n3/8/P1P2PPP/R4K1R w kq - 0 7,e5g6,100,-1,-810,-809,-924,14,-791,LOWER,true,true,true,true,static,-791,SEE-negative,1
benchmark:kiwipete:3,kiwipete,53753,8,11,r3k3/p1ppqp2/Bn2p1p1/3PN3/3Kn3/7P/PPP2P1P/R6R b q - 1 6,e6d5,100,1,492,531,378,14,564,LOWER,true,true,true,true,static,564,ordinary-nonchecking-capture,1
benchmark:kiwipete:3,kiwipete,64848,10,13,7r/p1pp1pb1/1n1kP3/8/4P3/2p2P1p/PPP2P1P/R3K2R b KQ - 0 7,c3b2,100,1,-62,-56,-176,14,325,LOWER,true,true,true,true,static,325,ordinary-nonchecking-capture,1
benchmark:middlegame:3,middlegame,1665,2,5,5rk1/1pp1qppp/r2p1n2/2b1p1B1/3NP1b1/P1NP4/1PP2PPP/R3QRK1 b - - 0 12,c5d4,320,1,230,279,-104,14,291,LOWER,true,true,true,true,static,291,same-target-q-recapture,1
benchmark:middlegame:3,middlegame,37178,12,15,r5k1/1pp2p1p/p2p4/3B4/3Bb3/P7/1PP2PPP/R5K1 b - - 0 17,e4d5,330,1,-104,-65,-448,14,-60,LOWER,true,true,true,true,static,-60,ordinary-nonchecking-capture,1
benchmark:middlegame:3,middlegame,40756,11,14,r7/2p2pkp/Bpnp4/3Np3/4n3/P2P4/1PP3PP/R3Kb2 w - - 0 17,e1f1,330,1,10,36,-334,14,14,EXACT,true,false,true,true,static,14,ordinary-nonchecking-capture,1
corpus:tail-kiwipete-e1d1:full,tail-kiwipete-e1d1,423,17,17,r4k1r/p2P1pb1/6p1/8/8/8/PPPK1P1P/R6r w - - 0 10,a1h1,500,1,-263,-261,-776,13,-261,LOWER,true,true,true,true,static,-261,same-target-q-recapture,3
corpus:tail-kiwipete-e1d1:full,tail-kiwipete-e1d1,1683,16,16,7b/p1p1q3/1nk2np1/8/4P3/8/PPPK1PPP/R6R b - - 0 9,e7e4,100,1,173,194,60,13,573,LOWER,true,true,true,true,static,573,ordinary-nonchecking-capture,2
corpus:tail-kiwipete-e1d1:full,tail-kiwipete-e1d1,3895,11,11,r3k2N/p1pp1p2/1n2q3/8/4n3/2b2Q2/PPP1KPpP/R6R w q - 0 7,f3g2,100,1,-263,-217,-376,13,-235,EXACT,true,false,true,true,static,-235,same-target-q-recapture,1
corpus:tail-kiwipete-e1d1:full,tail-kiwipete-e1d1,5174,17,17,r6r/p1p3Q1/1n2kn2/8/4q3/8/PPPK1P1P/R6R w - - 1 10,g7c7,100,1,-300,-293,-413,13,-232,LOWER,true,true,true,true,static,-232,ordinary-nonchecking-capture,7
corpus:tail-kiwipete-e1d1:full,tail-kiwipete-e1d1,16575,8,8,r4k1r/p1ppqPb1/1n3np1/4N3/4P3/5Q1p/PPP1KPPP/R6R b - - 0 5,e7e5,320,1,282,291,-51,13,344,LOWER,true,true,true,true,static,344,ordinary-nonchecking-capture,1
corpus:tail-kiwipete-e1d1:lower,tail-kiwipete-e1d1,5,6,6,r3k2r/p1ppqpb1/1n2pnp1/3PN3/4P3/2B5/PPP1KPQP/R6R b kq - 0 4,e6d5,100,1,299,300,186,13,300,LOWER,true,true,true,true,static,300,ordinary-nonchecking-capture,3
corpus:tail-kiwipete-e1d1:lower,tail-kiwipete-e1d1,101,17,17,r6r/p1p3Q1/1n2kn2/8/4q3/8/PPPK1P1P/R6R w - - 1 10,g7c7,100,1,-300,-299,-413,13,-232,LOWER,true,true,true,true,static,-232,ordinary-nonchecking-capture,7
corpus:tail-evasion-f1f2:upper,tail-evasion-f1f2,15,7,7,r3k2r/Pppp1ppp/6bN/nP6/qBP1n3/5N2/P2P2PP/Q3K3 w kq - 0 5,a1g7,100,1,-697,-696,-810,13,-653,LOWER,true,true,true,true,static,-653,ordinary-nonchecking-capture,5
benchmark:kiwipete:2,kiwipete,1286,11,13,r6r/p1pkBp2/B3p1p1/3P4/8/8/P1P2PQP/b3K2R b K - 0 7,d7e7,330,1,-369,-340,-712,13,-336,LOWER,true,true,true,true,static,-336,ordinary-nonchecking-capture,2
benchmark:kiwipete:2,kiwipete,1861,11,13,r6r/p1pkBp2/B3p1p1/3P4/8/8/P1P2PQP/b3K2R b K - 0 7,d7e7,330,1,-369,-327,-712,13,-336,EXACT,true,false,true,true,static,-336,ordinary-nonchecking-capture,2
benchmark:kiwipete:2,kiwipete,3288,12,14,r3k2r/p1pN1p2/Bn4p1/8/1p6/2b2Q2/PPP1KP1P/r6R w kq - 0 8,h1a1,500,1,283,310,-230,13,371,LOWER,true,true,true,true,static,371,same-target-q-recapture,1
benchmark:kiwipete:2,kiwipete,4023,13,15,7r/p1pp2b1/Bn2k3/8/8/2n4P/PPP2P1P/R3K2R b KQ - 0 8,h8h3,100,1,-310,-283,-423,13,-233,LOWER,true,true,true,true,static,-233,same-target-q-recapture,1
benchmark:evasion:2,evasion,2082,7,9,4k2r/rppp1ppp/5nbN/nPP5/B1P1P3/5Q2/P5PP/R5K1 b k - 0 5,a5c4,100,1,-78,121,-191,13,-67,EXACT,true,false,true,true,static,-67,ordinary-nonchecking-capture,2
benchmark:evasion:2,evasion,8954,9,11,4k2r/1ppp1p1p/5nbp/rPP5/B3P3/5N2/1R4PP/3Q1RK1 b k - 0 6,f6e4,100,1,-951,-755,-1064,13,-936,EXACT,true,false,true,true,static,-936,ordinary-nonchecking-capture,2
benchmark:evasion:2,evasion,9676,9,11,4k2r/1ppp1p1p/5nbp/rPP5/B3P3/5N2/1R4PP/3Q1RK1 b k - 0 6,f6e4,100,1,-951,-860,-1064,13,-936,EXACT,true,false,true,true,static,-936,ordinary-nonchecking-capture,2
benchmark:middlegame:2,middlegame,4973,10,12,r6k/1pp2rpp/p1np4/4p1q1/2B1N3/P2P4/1PP1K1PP/R3R3 w - - 0 16,e4g5,975,1,-1,16,-989,13,112,LOWER,true,true,true,true,static,112,ordinary-nonchecking-capture,1
benchmark:kiwipete:3,kiwipete,2085,6,9,r4k1r/p1p2pb1/4qNp1/3n4/1p2P3/2N5/PPPBKPPP/R6R b - - 0 5,g7f6,320,1,757,792,424,13,783,EXACT,true,false,true,true,static,783,ordinary-nonchecking-capture,1
benchmark:kiwipete:3,kiwipete,3414,10,13,r3k2b/p1p1qp2/1n2p3/3P4/8/2P5/P1PK1PPP/R6R b q - 0 7,b6d5,100,1,716,725,603,13,773,LOWER,true,true,true,true,static,773,ordinary-nonchecking-capture,1
benchmark:kiwipete:3,kiwipete,6446,14,17,r3k3/p1pp2b1/1n6/8/8/2P5/P1q2PPP/R4K1R b q - 0 9,c2c3,100,1,776,784,663,13,945,LOWER,true,true,true,true,static,945,same-target-q-recapture,1
benchmark:kiwipete:3,kiwipete,10901,5,8,r2qk2r/p1p2pb1/1n2P1p1/4N3/1p2N3/8/PPPBbPPP/R3K2R w KQkq - 0 5,e5f7,100,1,-654,-644,-767,13,-564,LOWER,true,true,true,true,static,-564,ordinary-nonchecking-capture,1
benchmark:kiwipete:3,kiwipete,14417,12,15,3r4/p1p1qk2/1n2p3/3P4/4n3/2P5/P1P1KPPP/R6R b - - 0 8,d8d5,100,1,598,602,485,13,696,LOWER,true,true,true,true,static,696,ordinary-nonchecking-capture,1
benchmark:kiwipete:3,kiwipete,14823,11,14,4k2N/p1p3b1/1n3np1/8/4q3/2P5/P1PKbPPP/R6R w - - 0 8,h8g6,100,-1,-614,-613,-727,13,-605,LOWER,true,true,true,true,static,-605,SEE-negative,2
benchmark:kiwipete:3,kiwipete,14909,2,5,3rk2r/p1ppq1b1/Bn2pnp1/3PN3/1p2P3/2N5/PPPB1PPP/R3K2R b KQk - 0 3,b4c3,320,1,673,676,340,13,680,LOWER,true,true,true,true,static,680,ordinary-nonchecking-capture,1
benchmark:kiwipete:3,kiwipete,18983,10,13,r3k2r/p1pN2b1/1n2p1p1/3P4/4n3/8/PPP2PPP/R3K2R b kq - 1 7,e8d7,320,1,590,606,257,13,606,LOWER,true,true,true,true,static,606,ordinary-nonchecking-capture,1
benchmark:kiwipete:3,kiwipete,19679,12,15,r3k3/p1p5/1n3npN/8/4q3/2p5/PPP2PPP/R4K1R b q - 1 8,c3b2,100,1,657,671,544,13,1070,LOWER,true,true,true,true,static,1070,ordinary-nonchecking-capture,3
benchmark:kiwipete:3,kiwipete,22261,13,16,r3k2N/p1p1q3/Bn4p1/3p4/8/2P5/P1P3PP/R1K4n w q - 0 9,h8g6,100,1,-843,-823,-956,13,-685,LOWER,true,true,true,true,static,-685,ordinary-nonchecking-capture,1
benchmark:kiwipete:3,kiwipete,30776,6,9,r6r/p1p2kb1/Bn2qnp1/8/4P3/1pN5/PPPB1PPP/R3K2R b KQ - 0 5,f6e4,100,1,612,708,499,13,780,LOWER,true,true,true,true,static,780,ordinary-nonchecking-capture,1
benchmark:kiwipete:3,kiwipete,31199,6,9,r3k2r/p1p1qNb1/1n2Pn2/6B1/4P3/2p5/PPP1bPPP/R3K2R b KQkq - 0 5,e7e6,100,1,602,663,489,13,730,LOWER,true,true,true,true,static,730,ordinary-nonchecking-capture,2
benchmark:kiwipete:3,kiwipete,34189,16,19,r3k2r/p2p4/B3p3/3p4/8/2P5/P1P3PP/R1K4n b kq - 0 10,h8h2,100,1,625,663,512,13,767,LOWER,true,true,true,true,static,767,ordinary-nonchecking-capture,1
benchmark:kiwipete:3,kiwipete,38823,9,12,r3k2r/p1pN1p2/Bn4p1/8/1p6/2b2Q2/PPP1KP1P/R6r w kq - 0 7,a1h1,500,1,256,310,-257,13,314,LOWER,true,true,true,true,static,314,same-target-q-recapture,1
benchmark:kiwipete:3,kiwipete,39531,11,14,r3k2r/p1pN1p2/Bn4p1/8/1p6/2b2Q2/PPP1KP1P/R6r w kq - 0 8,a1h1,500,1,256,310,-257,13,314,LOWER,true,true,true,true,static,314,same-target-q-recapture,1
benchmark:kiwipete:3,kiwipete,40244,12,15,7r/p1pp2b1/Bn2k3/8/8/2n4P/PPP2P1P/R3K2R b KQ - 0 8,h8h3,100,1,-310,-272,-423,13,-233,LOWER,true,true,true,true,static,-233,same-target-q-recapture,1
benchmark:kiwipete:3,kiwipete,43124,15,18,r1k2n1Q/p1p1q3/4p1p1/3P4/8/8/PpP2PPP/R3K2R w - - 1 10,h8b2,100,1,273,290,160,13,388,LOWER,true,true,true,true,static,388,ordinary-nonchecking-capture,1
benchmark:kiwipete:3,kiwipete,47319,7,10,r3k2r/p1pp1pb1/B4np1/8/1B6/5q1p/PPP2PPP/2KR3R w kq - 0 6,g2f3,975,1,32,51,-956,13,62,LOWER,true,true,true,true,static,62,same-target-q-recapture,1
benchmark:kiwipete:3,kiwipete,52487,3,6,2r1k3/p1ppqpb1/Bn2pnp1/3PN3/4P3/2p4P/PPPB1P1P/R3K2R w KQ - 0 4,d2c3,100,1,-175,32,-288,13,-158,EXACT,true,false,true,true,static,-158,same-target-q-recapture,1
benchmark:kiwipete:3,kiwipete,52901,0,3,r3k3/p1ppqpb1/Bn2pnp1/3PN2Q/1p2P3/2N4p/PPPB1PPP/R3K2R b KQq - 0 2,f6h5,975,1,-32,258,-1020,13,-24,EXACT,true,false,true,true,static,-24,ordinary-nonchecking-capture,1
benchmark:kiwipete:3,kiwipete,55765,8,11,r3k3/p1ppqpb1/B3p1p1/3PN3/8/7P/RPPB1P1P/4K2R b Kq - 0 6,g7e5,320,1,37,55,-296,13,70,LOWER,true,true,true,true,static,70,ordinary-nonchecking-capture,1
benchmark:kiwipete:3,kiwipete,60743,5,8,N6r/p2pkpb1/bn3np1/4q3/1p2P3/5Q2/PPPBBPpP/R3K2R w KQ - 0 5,f3g2,100,1,32,68,-81,13,79,LOWER,true,true,true,true,static,79,same-target-q-recapture,1
benchmark:kiwipete:3,kiwipete,61252,14,17,r2k3r/p1pn4/6Q1/8/1B2P3/7p/P1P1KPPP/b7 b - - 0 9,h3g2,100,1,-55,-32,-168,13,-23,LOWER,true,true,true,true,static,-23,ordinary-nonchecking-capture,2
benchmark:kiwipete:3,kiwipete,63134,5,8,N6r/p2pkpb1/bn3np1/4q3/1p2P3/5Q2/PPPBBPpP/R3K2R w KQ - 0 5,f3g2,100,1,32,104,-81,13,111,LOWER,true,true,true,true,static,111,same-target-q-recapture,1
benchmark:middlegame:3,middlegame,31954,14,17,r2r3k/6pp/p1Qp4/3Np3/8/P2P4/1PP3qP/R3KR2 b - - 0 18,g2h2,100,1,-111,-103,-224,13,-84,LOWER,true,true,true,true,static,-84,ordinary-nonchecking-capture,1
corpus:tail-kiwipete-e1d1:full,tail-kiwipete-e1d1,3099,18,18,r6r/p1pk2b1/1n4p1/8/4P3/7P/PPPK1P1P/R6R b - - 0 10,g7b2,100,1,194,202,82,12,251,LOWER,true,true,true,true,static,251,ordinary-nonchecking-capture,1
corpus:tail-kiwipete-e1d1:full,tail-kiwipete-e1d1,5379,20,20,R6r/p1ppk1b1/1n6/8/4P3/8/P1PK1P1P/R7 b - - 0 11,h8a8,500,1,263,300,-249,12,295,EXACT,true,false,true,true,static,295,ordinary-nonchecking-capture,1
corpus:tail-kiwipete-e1d1:full,tail-kiwipete-e1d1,5488,20,20,R6r/p1ppk1b1/1n6/8/4P3/8/P1PK1P1P/R7 b - - 0 11,h8a8,500,1,263,290,-249,12,295,LOWER,true,true,true,true,static,295,ordinary-nonchecking-capture,1
corpus:tail-middlegame-d3d4:full,tail-middlegame-d3d4,477,15,15,r5k1/1p4pp/p1np4/8/4P1n1/P1N3K1/1PP1Q1PP/r7 w - - 0 18,e2g4,320,1,-127,-125,-459,12,-82,LOWER,true,true,true,true,static,-82,ordinary-nonchecking-capture,1
benchmark:kiwipete:2,kiwipete,10443,3,5,r4k1r/p1ppqpb1/1n2pNp1/3P4/1p2P3/5Q1p/PPPBNPPP/R3K2R b KQ - 0 3,g7f6,320,1,-98,-85,-430,12,-72,LOWER,true,true,true,true,static,-72,ordinary-nonchecking-capture,2
benchmark:middlegame:2,middlegame,6445,1,3,r4rk1/1pp1qppp/p1Bp1n2/4p1B1/3bP1b1/P1NP1N2/1PP1QPPP/R4RK1 b - - 0 11,d4c3,320,-1,-19,0,-351,12,-13,EXACT,true,false,true,true,static,-13,SEE-negative,1
benchmark:middlegame:2,middlegame,6720,9,11,B4rk1/2p2ppp/p2p4/4p3/3bP3/P1NP4/1PP2PbP/R4RK1 b - - 0 15,g2f1,500,1,-19,-13,-531,12,31,LOWER,true,true,true,true,static,31,ordinary-nonchecking-capture,2
benchmark:middlegame:2,middlegame,7583,10,12,r4r1k/1pp1nBpp/p2p4/4p1n1/8/P2PKQ2/1PP3PP/R4R2 w - - 1 16,f3b7,100,1,579,664,467,12,641,EXACT,true,false,true,true,static,641,ordinary-nonchecking-capture,2
benchmark:kiwipete:3,kiwipete,6041,5,8,r3k2r/p1p2pb1/1q4p1/3n4/1p2P3/2N5/PPPBbPPP/R3K2R w KQkq - 0 5,c3d5,320,1,-854,-817,-1186,12,-809,LOWER,true,true,true,true,static,-809,ordinary-nonchecking-capture,1
benchmark:kiwipete:3,kiwipete,17187,9,12,r3k2r/p1p2pb1/5qp1/3p4/2N1P3/8/PPP2PPP/R3K2R w KQkq - 0 7,e4d5,100,1,-673,-590,-785,12,-650,EXACT,true,false,true,true,static,-650,ordinary-nonchecking-capture,2
benchmark:kiwipete:3,kiwipete,19236,10,13,r6r/pbp1kpb1/1n2P3/8/4n3/8/PPP1BPPP/R3K2R b - - 0 7,e7e6,100,1,590,601,478,12,596,EXACT,true,false,true,false,static,636,same-target-q-recapture,1
benchmark:kiwipete:3,kiwipete,24219,8,11,r3kb1r/p1p1Np2/bn2p3/3P4/4n3/8/PPP1BPPP/R1K4R b kq - 1 6,a6e2,330,1,590,649,248,12,591,EXACT,true,false,true,true,static,591,ordinary-nonchecking-capture,1
benchmark:kiwipete:3,kiwipete,35508,5,8,r3k2r/p2pq1b1/Bn2p1p1/2pPN3/4n3/2P5/P1PB1PPP/R3K2R w KQkq - 0 5,e5g6,100,1,-664,-660,-776,12,-641,LOWER,true,true,true,true,static,-641,ordinary-nonchecking-capture,1
benchmark:kiwipete:3,kiwipete,41996,16,19,r7/p1pp2b1/Bn1k2N1/8/8/2p4P/PPP2P1P/5RK1 b - - 0 10,c3b2,100,1,-296,-273,-408,12,101,LOWER,true,true,true,true,static,101,ordinary-nonchecking-capture,2
benchmark:kiwipete:3,kiwipete,46320,10,13,r4k1r/p4P2/Bn4p1/4b3/8/7p/PPPn1PPP/R3K2R b KQ - 0 7,f8f7,100,1,-61,-31,-173,12,58,LOWER,true,true,true,true,static,58,same-target-q-recapture,1
benchmark:kiwipete:3,kiwipete,51505,6,9,2n1k3/p1ppqpb1/4pnp1/3PN3/4P3/2B4P/PPP2P1P/R3K2R b KQ - 0 5,f6e4,100,1,-32,-6,-144,12,22,LOWER,true,true,true,true,static,22,ordinary-nonchecking-capture,2
benchmark:kiwipete:3,kiwipete,54661,10,13,r7/p1p1kpb1/q4Np1/8/1p2P3/2N4P/PPPK1P1P/R6R b - - 0 7,e7f6,320,1,200,217,-132,12,203,EXACT,true,false,true,false,static,234,ordinary-nonchecking-capture,1
benchmark:kiwipete:3,kiwipete,61124,16,19,r1k4r/p1p3b1/1n6/8/1B2P3/8/P1P1KPQP/R7 b - - 0 10,g7a1,500,1,-95,-55,-607,12,-1,LOWER,true,true,true,true,static,-1,same-target-q-recapture,1
benchmark:evasion:3,evasion,6962,4,7,r3k2r/Pppp1p1p/1b3Rbp/nP6/1qPNP3/8/P1BP2PP/Q5K1 b kq - 0 4,b4d2,100,1,397,543,285,12,448,EXACT,true,false,true,false,static,667,ordinary-nonchecking-capture,1
benchmark:middlegame:3,middlegame,522,14,17,6k1/2p2ppp/3p4/2b1p3/4P3/R1PP1q2/2P2P1P/5RK1 b - - 0 18,c5a3,500,1,733,751,221,12,850,LOWER,true,true,true,true,static,850,same-target-q-recapture,1
benchmark:middlegame:3,middlegame,8750,10,13,r4Nk1/1pp4p/p1np1p2/2b5/4P3/P1NP4/1PP2PPP/4RK2 b - - 0 16,a8f8,320,1,-22,-10,-354,12,2,LOWER,true,true,true,true,static,2,ordinary-nonchecking-capture,3
benchmark:middlegame:3,middlegame,15325,12,15,r6k/1pp1q1pp/p1np1R2/6B1/4P3/P1NP4/1PP3PP/4Q2K b - - 0 17,g7f6,500,1,-17,-10,-529,12,66,LOWER,true,true,true,true,static,66,same-target-q-recapture,3
benchmark:middlegame:3,middlegame,15969,6,9,r4rk1/1pp3pp/pbnp1q2/4N3/4P1Q1/P1NP4/1PP2PPP/4RRK1 b - - 0 14,f6e5,320,1,-17,-10,-349,12,83,LOWER,true,true,true,true,static,83,ordinary-nonchecking-capture,1
benchmark:middlegame:3,middlegame,16883,10,13,r4k2/1pp3pp/p2p4/2b1N3/3nP3/P1NP4/1PP2PPP/5RK1 b - - 0 16,d6e5,320,1,-17,-10,-349,12,12,LOWER,true,true,true,true,static,12,ordinary-nonchecking-capture,1
benchmark:middlegame:3,middlegame,18427,17,20,3r1r2/1pp3Qp/p1n1k3/2b1p3/8/P1N5/1PP3PP/R3K3 w - - 1 20,g7c7,100,1,10,11,-102,12,16,LOWER,true,true,true,true,static,16,ordinary-nonchecking-capture,1
benchmark:middlegame:3,middlegame,18701,14,17,3r1rk1/1pp3pp/p1np4/2b1N3/6Q1/P1N5/1PP3PP/4R2K b - - 0 18,c6e5,320,1,-11,-10,-343,12,50,LOWER,true,true,true,true,static,50,ordinary-nonchecking-capture,3
benchmark:middlegame:3,middlegame,19710,8,11,1r3rk1/1pp1Bppp/p1np4/2b1p3/2B5/P1Nn1Q2/1PP3PP/R3RK2 b - - 1 15,d3e1,500,1,-11,-10,-523,12,-9,LOWER,true,true,true,true,static,-9,ordinary-nonchecking-capture,1
benchmark:middlegame:3,middlegame,20951,13,16,4kr2/1pp3pp/p1np4/6q1/4P3/P1NP4/1PP1Q1PP/R3b1K1 w - - 0 18,a1e1,330,1,10,11,-332,12,42,LOWER,true,true,true,true,static,42,ordinary-nonchecking-capture,1
benchmark:middlegame:3,middlegame,22469,0,3,r4rk1/1pp1qppp/p1Bp1n2/4p1B1/3bP1b1/P1NP1N2/1PP1QPPP/R4RK1 b - - 0 11,d4c3,320,-1,-19,-10,-351,12,-13,EXACT,true,false,true,true,static,-13,SEE-negative,1
benchmark:middlegame:3,middlegame,36319,14,17,r5k1/1Bp2ppp/p7/8/4b3/P7/1BP2PPP/R5K1 b - - 0 18,e4b7,330,1,-19,-10,-361,12,0,LOWER,true,true,true,true,static,0,ordinary-nonchecking-capture,1
benchmark:middlegame:3,middlegame,36411,14,17,r5k1/1pp2pBp/p7/3B4/4b3/P7/1PP2KPP/R7 b - - 0 18,e4d5,330,1,-105,-10,-447,12,-59,EXACT,true,false,true,true,static,-59,ordinary-nonchecking-capture,1
benchmark:middlegame:3,middlegame,40772,11,14,6k1/2p2pBp/rpnp4/3Np3/4n3/P2P4/1PP3PP/R3Kb2 w - - 0 17,e1f1,330,1,10,14,-332,12,24,LOWER,true,true,true,true,static,24,ordinary-nonchecking-capture,1
corpus:tail-kiwipete-e1d1:full,tail-kiwipete-e1d1,3452,15,15,r4N1r/pkp3b1/1n3Qp1/8/4q3/7p/PPPK1PPP/R6R w - - 1 9,f6g6,100,1,-217,-173,-328,11,-189,EXACT,true,false,true,true,static,-189,ordinary-nonchecking-capture,1
corpus:tail-kiwipete-e1d1:full,tail-kiwipete-e1d1,10538,15,15,r4N1r/pkp3b1/1n3Qp1/8/4q3/7p/PPPK1PPP/R6R w - - 1 9,f6g6,100,1,-217,-201,-328,11,-189,LOWER,true,true,true,true,static,-189,ordinary-nonchecking-capture,1
corpus:tail-kiwipete-e1d1:full,tail-kiwipete-e1d1,18708,10,10,r2k3r/p1pPqpb1/1n3np1/4N3/4P3/8/PPPK1PQP/R6R b - - 0 6,e7e5,320,1,291,300,-40,11,400,LOWER,true,true,true,true,static,400,ordinary-nonchecking-capture,2
corpus:tail-kiwipete-e1d1:full,tail-kiwipete-e1d1,20114,11,11,7r/p1pkq1b1/bn3np1/8/4P3/8/PPPpBPQP/R2K3R w - - 0 7,g2g6,100,1,-293,-291,-404,11,-259,LOWER,true,true,true,true,static,-259,ordinary-nonchecking-capture,1
corpus:tail-kiwipete-e1d1:lower,tail-kiwipete-e1d1,1967,10,10,r2k3r/p1pP1qb1/Bn3np1/8/4P3/8/PPPp1PQP/R2K3R b - - 0 6,f7d7,100,1,299,300,188,11,405,LOWER,true,true,true,true,static,405,ordinary-nonchecking-capture,1
benchmark:kiwipete:2,kiwipete,2057,5,7,r3k2r/p1pp1p2/Bn2q1p1/4b3/1B2N3/5Q1p/PPP2PPP/R3K2R b KQkq - 0 4,e5b2,100,1,-310,-300,-421,11,-296,LOWER,true,true,true,true,static,-296,ordinary-nonchecking-capture,2
benchmark:kiwipete:2,kiwipete,2234,5,7,r3k2r/p1pp1p2/Bn2q1p1/4b3/1B2N3/5Q1p/PPP2PPP/R3K2R b KQkq - 0 4,e5b2,100,1,-310,-287,-421,11,-274,LOWER,true,true,true,true,static,-274,ordinary-nonchecking-capture,2
benchmark:kiwipete:2,kiwipete,5036,11,13,r6r/p1pp1pb1/1n2k3/8/4n3/4K2P/PPP1QP1P/R6R b - - 0 7,g7b2,100,1,-175,-131,-286,11,-128,LOWER,true,true,true,true,static,-128,ordinary-nonchecking-capture,2
benchmark:kiwipete:2,kiwipete,5041,9,11,r6r/p1ppkpb1/1n2P3/8/4n3/4K2p/PPP1QPPP/R6R b - - 0 6,g7b2,100,1,-131,-124,-242,11,-104,LOWER,true,true,true,true,static,-104,ordinary-nonchecking-capture,2
benchmark:kiwipete:2,kiwipete,5393,13,15,r7/p1ppB3/Bn4p1/8/4k3/7P/PbP2P1P/R3K2R b KQ - 0 8,b2a1,500,1,-204,-146,-715,11,-90,LOWER,true,true,true,true,static,-90,ordinary-nonchecking-capture,2
benchmark:kiwipete:2,kiwipete,6082,17,19,r7/p1p1k3/1n3bp1/8/4P3/8/PPPK1P1P/R6R b - - 0 10,f6b2,100,1,-403,-355,-514,11,-350,LOWER,true,true,true,true,static,-350,ordinary-nonchecking-capture,6
benchmark:kiwipete:2,kiwipete,7181,17,19,r7/p1p1k3/1n3bp1/8/4P3/8/PPPK1P1P/R6R b - - 0 10,f6b2,100,1,-403,-351,-514,11,-350,LOWER,true,true,true,true,static,-350,ordinary-nonchecking-capture,6
benchmark:kiwipete:2,kiwipete,7421,11,13,r4k2/p1p2p2/1n2pbp1/3P4/4P3/8/PPPBKP1P/R6R b - - 0 7,f6b2,100,1,-469,-424,-580,11,-466,EXACT,true,false,true,false,static,-423,ordinary-nonchecking-capture,2
benchmark:kiwipete:2,kiwipete,10580,11,13,r3k2r/p1pq1pb1/1n4p1/3P4/1B6/8/PPP1NPQP/R3K2R b KQ - 0 7,d7d5,100,1,-98,-90,-209,11,-93,EXACT,true,false,true,false,static,-70,same-target-q-recapture,4
benchmark:kiwipete:3,kiwipete,1267,8,11,r6r/p1pp1kb1/4qNp1/8/1p2P3/8/PPPBKPPP/R6R b - - 0 6,e6f6,320,1,771,797,440,11,818,LOWER,true,true,true,true,static,818,ordinary-nonchecking-capture,1
benchmark:kiwipete:3,kiwipete,3949,10,13,r3k2b/p1p1q3/1n2p1p1/3P4/8/2P5/P1P1KPPP/R6R b q - 0 7,b6d5,100,1,752,819,641,11,811,EXACT,true,false,true,false,static,902,ordinary-nonchecking-capture,1
benchmark:kiwipete:3,kiwipete,7302,2,5,r3k2r/p1pnqpb1/Bn4p1/3pN3/1p2P3/2N5/PPPB1PPP/R3K2R b KQkq - 0 3,e7e5,320,1,839,851,508,11,898,LOWER,true,true,true,true,static,898,ordinary-nonchecking-capture,1
benchmark:kiwipete:3,kiwipete,9339,12,15,r3k2b/p1p5/1n2Pnp1/8/4P3/8/PPq2PPP/R3K2R b q - 1 8,c2b2,100,1,643,697,532,11,659,EXACT,true,false,true,false,static,810,ordinary-nonchecking-capture,1
benchmark:kiwipete:3,kiwipete,10751,10,13,r2qk2N/p1p5/1n2p3/8/1B2n3/8/PbP1NPPP/R3K2R b KQq - 0 7,b2a1,500,1,627,654,116,11,711,LOWER,true,true,true,true,static,711,ordinary-nonchecking-capture,2
benchmark:kiwipete:3,kiwipete,12846,18,21,1r2k3/p1pp4/B3p3/8/8/2NK4/PPP3r1/R6n b - - 1 11,b8b2,100,1,661,668,550,11,696,LOWER,true,true,true,true,static,696,ordinary-nonchecking-capture,1
benchmark:kiwipete:3,kiwipete,15002,6,9,3rk2r/p1ppq1b1/Bn3np1/3PN3/8/2B5/PPP2PPP/R3K2R b KQk - 0 5,b6d5,100,1,673,676,562,11,706,LOWER,true,true,true,true,static,706,same-target-q-recapture,1
benchmark:kiwipete:3,kiwipete,24601,5,8,r3kb1r/p1ppq3/Bn2p1p1/3PN3/4n3/2P5/P1PB1PPP/R3K2R w KQkq - 0 5,e5g6,100,1,-675,-649,-786,11,-648,LOWER,true,true,true,true,static,-648,ordinary-nonchecking-capture,1
benchmark:kiwipete:3,kiwipete,26334,19,22,r7/p1p1k3/4p3/3P4/8/8/P1P1KnPP/b7 w - - 0 12,d5e6,100,1,-630,-601,-741,11,-525,LOWER,true,true,true,true,static,-525,ordinary-nonchecking-capture,2
benchmark:kiwipete:3,kiwipete,31016,4,7,r3k2r/p1p1qpb1/Bn2pn2/3PN1B1/4P3/2p5/PPP2PPP/R3K2R b KQkq - 0 4,c3b2,100,1,590,663,479,11,826,LOWER,true,true,true,true,static,826,ordinary-nonchecking-capture,1
benchmark:kiwipete:3,kiwipete,38943,13,16,r3k2r/p1pn1p2/B5p1/8/1p6/2P5/P1P1KQ1P/R7 w kq - 0 9,c3b4,100,1,264,310,153,11,365,LOWER,true,true,true,true,static,365,ordinary-nonchecking-capture,1
benchmark:kiwipete:3,kiwipete,43707,11,14,r2k3r/p1pn1Q2/4p1p1/3P4/1p6/2b5/PPP2PpP/R1K4R w - - 0 8,d5e6,100,1,273,290,162,11,-32752,UPPER,false,false,false,false,mate,235,mate,1
benchmark:kiwipete:3,kiwipete,44575,11,14,r6r/p1ppkp2/Bn2p1p1/4Q3/8/8/PPPK1P1P/R6q w - - 0 8,a1h1,975,1,273,292,-713,11,383,LOWER,true,true,true,true,static,383,same-target-q-recapture,3
benchmark:kiwipete:3,kiwipete,45195,12,15,r7/p1ppkp2/B3P1p1/8/8/7P/P1P2P1P/b3K2R b K - 0 8,e7e6,100,1,92,108,-19,11,126,LOWER,true,true,true,true,static,126,same-target-q-recapture,1
benchmark:middlegame:3,middlegame,4741,6,9,r4Nk1/1pp3pp/p1np1n2/2b3B1/4P3/P1NP4/1PP1bPPP/R4R1K b - - 0 14,e2f1,500,1,-12,-10,-523,11,59,LOWER,true,true,true,true,static,59,ordinary-nonchecking-capture,1
benchmark:middlegame:3,middlegame,5814,6,9,3r1rk1/1pp3pp/p1np1q2/2b1N3/4P1Q1/P1NP4/1PP2PPP/R4R1K b - - 0 14,f6e5,320,1,-12,-10,-343,11,78,LOWER,true,true,true,true,static,78,ordinary-nonchecking-capture,1
benchmark:middlegame:3,middlegame,6743,7,10,r4B1k/1pp2ppp/p1np4/2bNp3/2B1P3/P2b4/1PP2PPP/2R3K1 w - - 0 15,f8d6,100,-1,10,12,-101,11,17,LOWER,true,true,true,true,static,17,SEE-negative,1
benchmark:middlegame:3,middlegame,8004,7,10,r4r1k/1pp2ppp/p1np4/3Bp1q1/4n3/P1NP1Q2/1PP3PP/4RRK1 w - - 0 15,f3e4,320,1,13,20,-318,11,101,LOWER,true,true,true,true,static,101,ordinary-nonchecking-capture,1
benchmark:middlegame:3,middlegame,31583,11,14,Br4k1/2p1nppp/3p4/3Np3/4n3/P2P4/1PP3PP/R3Kb2 w - - 0 17,e1f1,330,1,40,60,-301,11,49,EXACT,true,false,true,false,static,110,ordinary-nonchecking-capture,1
benchmark:middlegame:3,middlegame,36432,16,19,r7/1Bp2pkp/p7/8/3b4/P7/1PP2P1P/R5K1 b - - 0 19,d4b2,100,1,-59,-13,-170,11,-10,LOWER,true,true,true,true,static,-10,ordinary-nonchecking-capture,1
benchmark:middlegame:3,middlegame,37168,10,13,r5k1/1pp2p1p/p2p4/3BB3/3bP3/P2b4/1PP2PPP/R5K1 b - - 0 16,d3e4,100,-1,-104,-65,-215,11,-61,LOWER,true,true,true,true,static,-61,SEE-negative,1
benchmark:middlegame:3,middlegame,39907,7,10,5rk1/1Bp2ppp/2np4/2bNp2n/4P3/P2P4/1PP2PPP/R4bK1 w - - 0 15,g1f1,330,1,10,14,-331,11,33,LOWER,true,true,true,true,static,33,ordinary-nonchecking-capture,1
corpus:tail-kiwipete-e1d1:full,tail-kiwipete-e1d1,5908,10,10,r3k2r/p1ppqpb1/1n2P1p1/4N3/4Q3/8/PPPK1P1P/R6R b kq - 0 6,e7e6,100,1,263,300,153,10,303,LOWER,true,true,true,true,static,303,ordinary-nonchecking-capture,1
corpus:tail-kiwipete-e1d1:full,tail-kiwipete-e1d1,7425,17,17,r4k1r/p2P1pb1/6p1/8/8/8/PPPK1P1P/R6r w - - 0 10,a1h1,500,1,-266,-261,-776,10,-261,LOWER,true,true,true,true,static,-261,same-target-q-recapture,3
corpus:tail-kiwipete-e1d1:full,tail-kiwipete-e1d1,14563,10,10,r2k3r/p1pp1Pb1/1n3nN1/8/4q3/5Q1p/PPPK1PPP/R6R b - - 0 6,h3g2,100,1,282,291,172,10,295,LOWER,true,true,true,true,static,295,ordinary-nonchecking-capture,1
corpus:tail-kiwipete-e1d1:full,tail-kiwipete-e1d1,16853,17,17,r2k3r/p1p5/1n2p3/4b3/8/2B5/PPP1KP1P/7R w - - 0 10,c3e5,330,1,-291,-282,-631,10,-274,LOWER,true,true,true,true,static,-274,same-target-q-recapture,2
corpus:tail-evasion-:full,tail-evasion-,1257,8,8,r3k2r/Pppp1ppp/1P3nbN/1q6/4P3/5N2/P2P2PP/Q4RK1 w kq - 0 5,b6c7,100,1,-57,-52,-167,10,28,LOWER,true,true,true,true,static,28,ordinary-nonchecking-capture,1
corpus:tail-evasion-:lower,tail-evasion-,124,13,13,r3k2N/Pppp2pp/1b3nb1/nP6/4P3/5N2/P5PP/R6K b q - 0 7,a8a7,100,1,391,392,281,10,572,LOWER,true,true,true,true,static,572,ordinary-nonchecking-capture,1
benchmark:kiwipete:2,kiwipete,4349,3,5,r3k2r/p1pp1pb1/Bn2q1p1/4N3/1p2Q3/2N4p/PPPB1PPP/R3K2R b KQkq - 0 3,e6e5,320,1,-310,-283,-640,10,-276,LOWER,true,true,true,true,static,-276,ordinary-nonchecking-capture,1
benchmark:kiwipete:2,kiwipete,7880,5,7,r6r/p1p1kpb1/1n2qNp1/8/1p2P3/2N4p/PPPBQPPP/R3K2R b KQ - 0 4,e7f6,320,1,-149,-134,-479,10,-134,LOWER,true,true,true,true,static,-134,ordinary-nonchecking-capture,2
benchmark:kiwipete:3,kiwipete,4593,10,13,r3k2b/p1p1q3/1n2p1p1/3P4/8/2p5/PPP1KPPP/R6R b q - 0 7,b6d5,100,1,771,797,661,10,806,LOWER,true,true,true,true,static,806,ordinary-nonchecking-capture,1
benchmark:kiwipete:3,kiwipete,9621,12,15,r3k2b/p1p5/1n2Pnp1/8/4P3/8/PPP2qPP/R1K4R b q - 1 8,f2g2,100,1,616,692,506,10,631,EXACT,true,false,true,false,static,793,ordinary-nonchecking-capture,4
benchmark:kiwipete:3,kiwipete,18359,2,5,r3k2r/p1ppq1b1/1n2pnp1/3P4/1pN1P3/2N5/PPPBBPPP/R3K2R b KQkq - 0 3,b4c3,320,1,692,693,362,10,699,LOWER,true,true,true,true,static,699,ordinary-nonchecking-capture,1
benchmark:kiwipete:3,kiwipete,19411,10,13,r1b4r/p1p1kpb1/1n2P3/8/4n3/8/PPP1BPPP/R2K3R b - - 0 7,e7e6,100,1,590,592,480,10,596,LOWER,true,true,true,true,static,596,same-target-q-recapture,1
benchmark:kiwipete:3,kiwipete,21733,10,13,r3k2r/p1pp1p2/q4np1/3PN3/8/1K6/PPP2PPP/R6R b kq - 0 7,f6d5,100,1,975,1071,865,10,1045,EXACT,true,false,true,true,static,1045,same-target-q-recapture,1
benchmark:kiwipete:3,kiwipete,23463,10,13,r3k2r/p1p1q3/1n2Pnp1/8/4P3/2p5/PPP1KPPP/R6R b kq - 0 7,e7e6,100,1,843,919,733,10,1110,LOWER,true,true,true,true,static,1110,same-target-q-recapture,1
benchmark:kiwipete:3,kiwipete,23829,12,15,r4b2/p1p1kp2/1n2P3/8/4n3/2B5/PPP2PP1/R3KB1r b Q - 0 8,e7e6,100,1,642,649,532,10,662,LOWER,true,true,true,true,static,662,same-target-q-recapture,1
benchmark:kiwipete:3,kiwipete,31582,16,19,r3k3/p1p1q3/1n2P3/6p1/8/5K2/P1P2PPP/R7 b q - 0 10,e7e6,100,1,639,657,529,10,1233,LOWER,true,true,true,true,static,1233,ordinary-nonchecking-capture,1
benchmark:kiwipete:3,kiwipete,35483,6,9,r3k2r/p2pq1b1/Bn3np1/2pPN3/8/2B5/PPP2PPP/R3K2R b KQkq - 0 5,b6d5,100,1,660,664,550,10,691,LOWER,true,true,true,true,static,691,same-target-q-recapture,1
benchmark:kiwipete:3,kiwipete,40650,2,5,r3k2r/p1pp1pb1/Bn2q1p1/4N3/1p2Q3/2N4p/PPPB1PPP/R3K2R b KQkq - 0 3,e6e5,320,1,-310,-273,-640,10,-264,LOWER,true,true,true,true,static,-264,ordinary-nonchecking-capture,1
benchmark:kiwipete:3,kiwipete,48418,8,11,r6r/p1pNkpb1/6p1/4q3/1p2P3/5Q1p/PPPK1PPP/R6R b - - 0 6,e5b2,100,1,-46,-32,-156,10,-28,LOWER,true,true,true,true,static,-28,ordinary-nonchecking-capture,1
benchmark:evasion:3,evasion,980,5,8,r3k2r/bppp1p1p/5pb1/nP6/BqP1P3/5N2/P2P2PP/Q4R1K w kq - 0 5,a1f6,100,1,-601,-510,-711,10,-492,LOWER,true,true,true,true,static,-492,same-target-q-recapture,4
benchmark:evasion:3,evasion,12900,6,9,r3k2r/Pppp1ppp/1b3nbN/1P6/2PPP3/1P3N2/6PP/R5K1 b kq - 0 5,a8a7,100,1,492,543,382,10,681,LOWER,true,true,true,true,static,681,ordinary-nonchecking-capture,1
benchmark:evasion:3,evasion,17792,12,15,5k1r/rpR3pp/5nb1/nPP5/B3P3/5N2/P5PP/6K1 b - - 0 8,g6e4,100,1,432,439,322,10,460,LOWER,true,true,true,true,static,460,ordinary-nonchecking-capture,1
benchmark:evasion:3,evasion,18838,2,5,r3k2r/Pppp1ppp/5nbN/nPb5/BB2P3/q4N2/P2P2PP/Q4R1K b kq - 1 3,a3b4,330,1,503,543,163,10,523,EXACT,true,false,true,true,static,523,ordinary-nonchecking-capture,4
benchmark:middlegame:3,middlegame,4755,10,13,r4Nk1/1pp4p/p1np1p2/2b5/4P3/P1NP4/1PP2PPP/5R1K b - - 0 16,a8f8,320,1,-12,-10,-342,10,12,LOWER,true,true,true,true,static,12,ordinary-nonchecking-capture,3
benchmark:middlegame:3,middlegame,5563,6,9,2r2rk1/1pp3pp/p1np1q2/2b1N3/4P1Q1/P1NP4/1PP2PPP/R4R1K b - - 0 14,f6e5,320,1,-12,-10,-342,10,77,LOWER,true,true,true,true,static,77,ordinary-nonchecking-capture,1
benchmark:middlegame:3,middlegame,6794,11,14,r6k/1pp2ppp/p1n5/3Np3/2b1P3/B7/1PP2PPP/2R3K1 w - - 0 17,d5c7,100,1,10,12,-100,10,17,LOWER,true,true,true,true,static,17,ordinary-nonchecking-capture,1
benchmark:middlegame:3,middlegame,12858,17,20,4r3/1pp3pp/p1np4/4pk2/6R1/P1NPK3/1PP3PP/8 w - - 1 20,g4g7,100,1,10,13,-100,10,66,LOWER,true,true,true,true,static,66,ordinary-nonchecking-capture,1
benchmark:middlegame:3,middlegame,15020,4,7,5rk1/1pp1qppp/r2p1B2/4p3/1n2P1b1/2NP1N2/1PP1QPPP/4RRK1 b - - 0 13,e7f6,330,1,-17,-10,-357,10,-5,LOWER,true,true,true,true,static,-5,same-target-q-recapture,1
benchmark:middlegame:3,middlegame,16503,13,16,r5k1/1pp3pp/p2p4/4p1B1/1P6/2PP1r2/2P3PP/4R1K1 w - - 0 18,g2f3,500,1,10,17,-500,10,206,LOWER,true,true,true,true,static,206,same-target-q-recapture,3
benchmark:middlegame:3,middlegame,16992,7,10,r4r1k/1pp2Bpp/p1np4/4p1q1/4n3/P1NP1Q2/1PP1K1PP/R3R3 w - - 1 15,c3e4,320,1,10,16,-320,10,83,LOWER,true,true,true,true,static,83,ordinary-nonchecking-capture,1
benchmark:middlegame:3,middlegame,18604,16,19,r4r2/1pBk2pp/p1np4/2b5/8/P1N2P2/1PP1Q2P/R3nK2 b - - 0 19,e1f3,100,1,-11,-10,-121,10,-3,LOWER,true,true,true,true,static,-3,same-target-q-recapture,1
benchmark:middlegame:3,middlegame,36214,14,17,B5k1/2B2ppp/p7/4p3/4P3/P7/1bb2PPP/R5K1 b - - 0 18,b2a1,500,1,-86,-10,-596,10,0,LOWER,true,true,true,true,static,0,ordinary-nonchecking-capture,1
benchmark:middlegame:3,middlegame,37189,14,17,r7/1pp2k1p/p2p4/8/3Bb3/P7/1PP2PPP/R5K1 b - - 0 18,e4c2,100,1,-104,-65,-214,10,0,LOWER,true,true,true,true,static,0,ordinary-nonchecking-capture,1
benchmark:middlegame:3,middlegame,37528,9,12,5rk1/1pp2ppp/p7/2bn4/2BpP3/P2P4/1PP2PPP/5RK1 w - - 0 16,c4d5,320,1,103,111,-227,10,137,LOWER,true,true,true,true,static,137,ordinary-nonchecking-capture,1
benchmark:middlegame:3,middlegame,37831,13,16,r5k1/2p2ppp/3p4/n2Np3/4N3/P2P4/1PP3bP/R3K3 w - - 0 18,d5c7,100,1,10,56,-100,10,59,LOWER,true,true,true,true,static,59,ordinary-nonchecking-capture,1
corpus:tail-kiwipete-e1d1:full,tail-kiwipete-e1d1,748,20,20,R6r/p3kp2/1n4p1/4b3/8/8/PPPK1P1P/7R b - - 0 11,h8a8,500,1,253,261,-256,9,311,LOWER,true,true,true,true,static,311,same-target-q-recapture,2
corpus:tail-kiwipete-e1d1:full,tail-kiwipete-e1d1,6725,6,6,r3k2r/p1ppqpb1/1n2p1p1/3PN3/1p6/8/PPPBNPQP/R2K3R b kq - 0 4,g7e5,320,1,112,146,-217,9,165,LOWER,true,true,true,true,static,165,ordinary-nonchecking-capture,1
corpus:tail-kiwipete-e1d1:full,tail-kiwipete-e1d1,6951,8,8,r3k2r/p1Qpqpb1/1n2p1p1/3PN3/8/7p/PPPK1PPP/R6R b kq - 0 5,b6d5,100,1,186,291,77,9,229,EXACT,true,false,true,false,static,300,ordinary-nonchecking-capture,1
corpus:tail-kiwipete-e1d1:full,tail-kiwipete-e1d1,9071,10,10,r2k3r/p1pp1Pb1/1n3nN1/8/4q3/5Q1p/PPPK1PPP/R6R b - - 0 6,h3g2,100,1,281,291,172,9,295,LOWER,true,true,true,true,static,295,ordinary-nonchecking-capture,1
corpus:tail-kiwipete-e1d1:full,tail-kiwipete-e1d1,15547,9,9,r2k3N/p1pp1Pb1/bn3n2/8/4q3/5Q2/PPPpBPpP/R2K3R w - - 0 6,d1d2,100,1,-283,-282,-392,9,-278,LOWER,true,true,true,true,static,-278,ordinary-nonchecking-capture,1
corpus:tail-kiwipete-e1d1:full,tail-kiwipete-e1d1,17785,5,5,r3k2r/p1ppqNb1/1n2pnp1/3P4/4P3/5Q1p/PPPpKPPP/R6R w kq - 0 4,f7h8,500,1,-291,-205,-800,9,-238,EXACT,true,false,true,true,static,-238,ordinary-nonchecking-capture,1
corpus:tail-kiwipete-e1d1:full,tail-kiwipete-e1d1,19990,10,10,r2k3r/p1pPqpb1/1n3np1/4N3/4P3/8/PPP1KPQP/R6R b - - 0 6,e7e5,320,1,291,300,-38,9,399,LOWER,true,true,true,true,static,399,ordinary-nonchecking-capture,1
corpus:tail-kiwipete-e1d1:full,tail-kiwipete-e1d1,20563,12,12,r4k1r/p1pp1Pb1/1n3nQ1/4q3/4P3/8/PPP1KP1P/R6R b - - 0 7,f6e4,100,1,299,300,190,9,311,LOWER,true,true,true,true,static,311,ordinary-nonchecking-capture,8
corpus:tail-evasion-:upper,tail-evasion-,131,13,13,r3k2N/Pppp2pp/1b3nb1/nP6/4P3/5N2/P5PP/R6K b q - 0 7,a8a7,100,1,390,391,281,9,572,LOWER,true,true,true,true,static,572,ordinary-nonchecking-capture,1
corpus:tail-middlegame-d3d4:full,tail-middlegame-d3d4,474,15,15,r5k1/1p4pp/p1np4/8/4P1n1/P1N3K1/1PP1Q1PP/r7 w - - 0 18,g3g4,320,1,-130,-125,-459,9,-127,EXACT,true,false,true,false,static,-82,ordinary-nonchecking-capture,1
benchmark:kiwipete:2,kiwipete,4228,17,19,7r/p1p1kpb1/BN4p1/8/8/8/PPPK3P/7Q b - - 0 10,a7b6,320,1,-310,-283,-639,9,-283,LOWER,true,true,true,true,static,-283,ordinary-nonchecking-capture,1
benchmark:kiwipete:2,kiwipete,10335,3,5,r4k1r/p1ppqpb1/1n2pNp1/3P4/1p2P3/2N2Q1p/PPPBKPPP/R6R b - - 0 3,e7f6,320,1,-98,-85,-427,9,-80,LOWER,true,true,true,true,static,-80,ordinary-nonchecking-capture,2
benchmark:evasion:2,evasion,1875,4,6,r3k2r/bppp1ppp/5nbN/nP6/B1PPP3/5N2/Rp4PP/3Q1RK1 w kq - 0 4,a2b2,100,1,443,565,334,9,497,EXACT,true,false,true,true,static,497,ordinary-nonchecking-capture,2
benchmark:middlegame:2,middlegame,7779,10,12,r4k2/1pp2ppp/p1np4/3Np3/2B1P3/P7/1PP3PP/R4bK1 w - - 0 16,a1f1,330,1,85,95,-254,9,142,LOWER,true,true,true,true,static,142,ordinary-nonchecking-capture,2
benchmark:kiwipete:3,kiwipete,1725,8,11,r6r/p1p2pb1/2k1qNp1/8/1p2P3/8/PPPBKPPP/R6R b - - 0 6,e6f6,320,1,757,807,428,9,789,EXACT,true,false,true,true,static,789,ordinary-nonchecking-capture,1
benchmark:kiwipete:3,kiwipete,25658,14,17,r3k3/p1p1qNb1/4P3/8/4n3/8/P1P1KPPP/R7 b q - 0 9,g7a1,500,1,607,616,98,9,672,LOWER,true,true,true,true,static,672,ordinary-nonchecking-capture,1
benchmark:kiwipete:3,kiwipete,25813,14,17,r3k3/p1p1qNb1/4P3/8/4n3/8/P1P1KPPP/R7 b q - 0 9,g7a1,500,1,607,618,98,9,672,LOWER,true,true,true,true,static,672,ordinary-nonchecking-capture,1
benchmark:kiwipete:3,kiwipete,31695,8,11,r3k2b/p1p1q3/1n2pn2/3P2p1/4P3/2P5/P1PBKPPP/R6R b q - 0 6,f6e4,100,1,633,657,524,9,678,LOWER,true,true,true,true,static,678,ordinary-nonchecking-capture,1
benchmark:kiwipete:3,kiwipete,40520,16,19,7r/p1p1kpb1/BN4p1/8/8/8/PPPK3P/7Q b - - 0 10,a7b6,320,1,-310,-256,-639,9,-283,EXACT,true,false,true,true,static,-283,ordinary-nonchecking-capture,1
benchmark:kiwipete:3,kiwipete,55828,8,11,r3k3/p1ppq1b1/Bn2p1p1/3P4/4N3/7P/RPPB1P1P/4K2R b Kq - 0 6,b6d5,100,1,37,67,-72,9,72,LOWER,true,true,true,true,static,72,ordinary-nonchecking-capture,1
benchmark:kiwipete:3,kiwipete,60717,8,11,r7/p2pkpb1/Bn3np1/8/1p2q3/5Q1p/PPPB1PPP/R2K3R b - - 1 6,h3g2,100,1,-68,-65,-177,9,-6,LOWER,true,true,true,true,static,-6,ordinary-nonchecking-capture,1
benchmark:kiwipete:3,kiwipete,62682,8,11,r6r/p2pkpb1/Bn3Np1/2p1q3/1B2P3/8/PPP2PQP/R3K2R b KQ - 0 6,c5b4,330,1,-102,-65,-441,9,-76,EXACT,true,false,true,true,static,-76,ordinary-nonchecking-capture,1
benchmark:middlegame:3,middlegame,16781,11,14,r5k1/1pp3pp/p2p4/4p1q1/1P2Q1b1/2NP4/1PP3PP/4RK2 w - - 0 17,e4b7,100,1,10,17,-99,9,17,LOWER,true,true,true,true,static,17,ordinary-nonchecking-capture,1
benchmark:middlegame:3,middlegame,37507,9,12,5rk1/1pp2ppp/p7/2bn4/2BpP3/P2P4/1PP2PPP/R4K2 w - - 0 16,c4d5,320,1,65,111,-264,9,103,EXACT,true,false,true,true,static,103,ordinary-nonchecking-capture,1
benchmark:middlegame:3,middlegame,40309,8,11,r3nBk1/1pp2ppp/B1np4/3Np3/4P3/P2P4/1PP2KPP/5R2 b - - 0 15,a8a6,330,1,-23,-19,-362,9,-14,LOWER,true,true,true,true,static,-14,ordinary-nonchecking-capture,3
benchmark:middlegame:3,middlegame,40889,13,16,r7/2p2pkp/2np4/1p1Np3/4n3/P2P4/1PP3PP/R4K2 w - - 0 18,d3e4,320,1,10,22,-319,9,42,LOWER,true,true,true,true,static,42,ordinary-nonchecking-capture,1
corpus:tail-kiwipete-e1d1:full,tail-kiwipete-e1d1,16617,16,16,r6b/p1pp1k2/1n3n2/8/4Q3/8/PPP2PpP/R2K3R b - - 0 9,f6e4,975,1,282,291,-701,8,497,LOWER,true,true,true,true,static,497,same-target-q-recapture,1
corpus:tail-kiwipete-e1d1:lower,tail-kiwipete-e1d1,423,12,12,r4k1r/p1pp1Pb1/1n3nQ1/4q3/4P3/8/PPPK1P1P/R6R b - - 0 7,e5b2,100,1,299,300,191,8,362,LOWER,true,true,true,true,static,362,ordinary-nonchecking-capture,7
corpus:tail-evasion-:full,tail-evasion-,318,13,13,r3k2N/Pppp2pp/1b3nb1/nP6/4P3/5N2/P5PP/R6K b q - 0 7,a8a7,100,1,389,410,281,8,572,LOWER,true,true,true,true,static,572,ordinary-nonchecking-capture,2
benchmark:kiwipete:2,kiwipete,1558,3,5,r3k2r/p1ppqpb1/B3pnp1/3PN3/8/2B2Q1p/PPP2PPP/R3K2R b KQkq - 0 3,h3g2,100,1,-323,-318,-431,8,-233,LOWER,true,true,true,true,static,-233,ordinary-nonchecking-capture,2
benchmark:kiwipete:2,kiwipete,10718,9,11,r4k1r/p1pPqp2/6p1/8/1p2P3/5Q1p/P1PBNPPP/b3K2R b K - 0 6,e7d7,100,1,-90,-85,-198,8,0,LOWER,true,true,true,true,static,0,same-target-q-recapture,2
benchmark:kiwipete:2,kiwipete,11151,18,20,r6r/p1B2pB1/1n4p1/8/4P1k1/8/PPP1KP1P/R6q w - - 0 11,a1h1,975,1,73,81,-910,8,138,LOWER,true,true,true,true,static,138,same-target-q-recapture,2
benchmark:evasion:2,evasion,9081,10,12,4k2r/1ppp1ppp/5n1N/rPb5/B7/5Q2/1R1P2PP/5R1K w k - 0 7,f3b7,100,1,880,936,772,8,889,EXACT,true,false,true,true,static,889,ordinary-nonchecking-capture,2
benchmark:middlegame:2,middlegame,6627,3,5,r4rk1/1pp1qppp/p1Bp1B2/4p3/4P1b1/P1bP1N2/1PP1QPPP/R4RK1 b - - 0 12,e7f6,330,1,-19,-13,-357,8,-13,LOWER,true,true,true,true,static,-13,same-target-q-recapture,3
benchmark:kiwipete:3,kiwipete,12854,18,21,1r2k3/p1pp4/B3p3/8/8/2N1K3/PPP3r1/R6n b - - 1 11,b8b2,100,1,662,668,554,8,712,LOWER,true,true,true,true,static,712,ordinary-nonchecking-capture,1
benchmark:kiwipete:3,kiwipete,14494,6,9,3rk2r/p1p1q1b1/1n2Pnp1/8/1p2P3/8/PPPBNPPP/R3K2R b KQk - 0 5,e7e6,100,1,602,673,494,8,748,LOWER,true,true,true,true,static,748,ordinary-nonchecking-capture,1
benchmark:kiwipete:3,kiwipete,18341,6,9,r3k2r/p1ppq1b1/4pnp1/3P4/2B1P3/2B5/PPP2PPP/R3K2R b KQkq - 0 5,f6e4,100,1,673,692,565,8,720,LOWER,true,true,true,true,static,720,ordinary-nonchecking-capture,1
benchmark:kiwipete:3,kiwipete,19396,8,11,r1b1k2r/p1p1Npb1/1n2p3/3P4/4n3/8/PPP1BPPP/R1K4R b kq - 1 6,e8e7,320,1,590,692,262,8,592,EXACT,true,false,true,true,static,592,ordinary-nonchecking-capture,1
benchmark:kiwipete:3,kiwipete,19668,2,5,r3k2r/p1p1qp2/bn2pnpB/3PN3/1p2P3/2N5/PPP1BPPP/R3K2R b KQkq - 0 3,a6e2,330,1,657,682,319,8,671,EXACT,true,false,true,true,static,671,ordinary-nonchecking-capture,1
benchmark:kiwipete:3,kiwipete,26767,2,5,r3k2r/p1ppq1b1/b3pnp1/3PN3/1pB1P3/2N5/PPPB1PPP/R3K2R b KQkq - 0 3,b4c3,320,1,664,687,336,8,678,EXACT,true,false,true,true,static,678,ordinary-nonchecking-capture,1
benchmark:kiwipete:3,kiwipete,30551,7,10,r3k2N/p1p2pb1/1n2qn2/8/4P3/2N5/PPpBbPPP/R3K2R w KQq - 0 6,h8f7,100,-1,-613,-612,-721,8,-605,LOWER,true,true,true,true,static,-605,SEE-negative,1
benchmark:kiwipete:3,kiwipete,33395,9,12,N3k2r/p1p1q1b1/4p3/3P2p1/4n3/8/PPPpKPPP/R6R w k - 0 7,d5e6,100,1,-686,-663,-794,8,-649,LOWER,true,true,true,true,static,-649,ordinary-nonchecking-capture,1
benchmark:kiwipete:3,kiwipete,42513,15,18,8/p1pp4/Bn2p3/3k2n1/1p6/2P4r/P1P2P1P/R4K1R w - - 0 10,c3b4,100,1,273,297,165,8,372,LOWER,true,true,true,true,static,372,ordinary-nonchecking-capture,1
benchmark:kiwipete:3,kiwipete,50098,8,11,r6R/p1ppk1b1/Bn4p1/4q3/4P3/2p4p/PPPB1PPP/R3K2R b KQ - 0 6,a8h8,500,1,138,187,-370,8,206,LOWER,true,true,true,true,static,206,same-target-q-recapture,1
benchmark:kiwipete:3,kiwipete,54726,10,13,r3k3/p1ppqpb1/B5p1/3p4/8/7P/PPPN1P1P/R2K3R b q - 1 7,g7b2,100,1,300,305,192,8,365,LOWER,true,true,true,true,static,365,ordinary-nonchecking-capture,1
benchmark:kiwipete:3,kiwipete,60409,7,10,N6r/p2pkpb1/1n3np1/4q3/1p2P3/5Q2/PPPB1PpP/R3K2R w KQ - 0 6,f3g2,100,1,32,60,-76,8,134,LOWER,true,true,true,true,static,134,same-target-q-recapture,1
benchmark:evasion:3,evasion,5503,10,13,r3k2N/Pppp2pp/1b3nb1/nP6/4P3/5N2/P5PP/R6K b q - 0 7,a8a7,100,1,389,523,281,8,572,LOWER,true,true,true,true,static,572,ordinary-nonchecking-capture,1
benchmark:evasion:3,evasion,17769,15,18,4k2r/rp4Rp/5n2/nPP5/B7/5b2/P5PP/6K1 w - - 0 10,g2f3,330,1,-433,-427,-771,8,-350,LOWER,true,true,true,true,static,-350,same-target-q-recapture,1
benchmark:evasion:3,evasion,17780,15,18,4k2r/rpR4p/5n2/nPP5/B7/5b2/P5PP/6K1 w - - 0 10,g2f3,330,1,-433,-426,-771,8,-368,LOWER,true,true,true,true,static,-368,same-target-q-recapture,1
benchmark:evasion:3,evasion,18579,4,7,r3k2r/Pppp1ppp/5nbN/nPb5/B2PP3/B4N2/P5PP/3R2K1 b kq - 0 4,c5a3,330,1,503,523,165,8,521,EXACT,true,false,true,false,static,561,ordinary-nonchecking-capture,1
benchmark:middlegame:3,middlegame,6614,7,10,r4B1k/1pp2ppp/p1np4/2bBp3/4P3/P1Nb4/1PP2PPP/2R3K1 w - - 0 15,f8d6,100,-1,10,11,-98,8,13,LOWER,true,true,true,true,static,13,SEE-negative,1
benchmark:middlegame:3,middlegame,7725,3,6,r4r2/1pp1qkpp/p1np1n2/4p1B1/4P3/P1NP1b2/2P1QPPP/4RRK1 w - - 0 13,e2f3,330,1,10,27,-328,8,31,LOWER,true,true,true,true,static,31,same-target-q-recapture,1
benchmark:middlegame:3,middlegame,12115,17,20,3r4/1pp3pp/p1np4/4p2k/6R1/P1NPK3/1PP3PP/8 w - - 1 20,g4g7,100,1,20,22,-88,8,92,LOWER,true,true,true,true,static,92,ordinary-nonchecking-capture,1
benchmark:middlegame:3,middlegame,16940,5,8,r4rk1/1pp2ppp/p1np4/4p1q1/2B1n3/P1NP1Q2/1PP3PP/R3R1K1 w - - 0 14,f3e4,320,1,10,16,-318,8,70,LOWER,true,true,true,true,static,70,ordinary-nonchecking-capture,1
benchmark:middlegame:3,middlegame,18826,15,18,r2nkr2/1pp3pp/p7/2b1p3/6Q1/P1N5/1PP3PP/4R2K w - - 0 19,g4g7,100,1,10,11,-98,8,110,LOWER,true,true,true,true,static,110,ordinary-nonchecking-capture,1
benchmark:middlegame:3,middlegame,20246,7,10,2r2rk1/1pp2ppp/p1np4/3Bp1q1/4n3/P1NP1Q2/1PP3PP/R3R1K1 w - - 0 15,f3e4,320,1,10,11,-318,8,72,LOWER,true,true,true,true,static,72,ordinary-nonchecking-capture,1
benchmark:middlegame:3,middlegame,27129,4,7,5r1k/1pp2ppp/r1npq3/2b1p1B1/4P1N1/P2P1N2/1PP1QPPP/R4RK1 b - - 0 13,e6g4,320,1,-103,-85,-431,8,17,LOWER,true,true,true,true,static,17,same-target-q-recapture,1
benchmark:middlegame:3,middlegame,32215,13,16,B3r1k1/2p2ppp/3p4/3np3/4n3/P2P4/1PP3PP/R4K2 w - - 0 18,a8d5,320,1,10,36,-318,8,111,LOWER,true,true,true,true,static,111,same-target-q-recapture,2
benchmark:middlegame:3,middlegame,36420,14,17,r5k1/1pp2pBp/p7/3B4/3b4/P7/1PP2PKP/R7 b - - 0 18,g8g7,330,1,-59,-10,-397,8,0,LOWER,true,true,true,true,static,0,ordinary-nonchecking-capture,1
benchmark:middlegame:3,middlegame,37096,15,18,B5k1/2p2p1p/p2p4/4b3/4P3/P2b4/2P2PPP/6K1 w - - 0 19,c2d3,330,1,65,104,-273,8,149,LOWER,true,true,true,true,static,149,ordinary-nonchecking-capture,2
benchmark:middlegame:3,middlegame,40921,14,17,B5k1/2p2ppp/p2B4/3Np3/4n3/P7/1Pb3PP/R3K3 b - - 0 18,c7d6,330,1,-111,-105,-449,8,140,LOWER,true,true,true,true,static,140,same-target-q-recapture,1
corpus:tail-kiwipete-e1d1:full,tail-kiwipete-e1d1,5708,14,14,r2k4/p1ppNPb1/1n3n2/8/4P3/8/PPPK1Pr1/R6R b - - 0 8,d8e7,320,1,263,290,-64,7,299,LOWER,true,true,true,true,static,299,ordinary-nonchecking-capture,1
corpus:tail-kiwipete-e1d1:full,tail-kiwipete-e1d1,6262,12,12,r2k3r/p1pp1Pb1/1n3nq1/8/8/7P/PPPKQP1P/R6R b - - 0 7,g6f7,100,1,244,246,137,7,472,LOWER,true,true,true,true,static,472,ordinary-nonchecking-capture,2
corpus:tail-kiwipete-e1d1:full,tail-kiwipete-e1d1,6657,13,13,r2k3r/p1pp2b1/5nQ1/3n4/1q6/8/PPP1NP1P/R2K3R w - - 0 8,g6g7,330,1,-112,-65,-449,7,-104,EXACT,true,false,true,true,static,-104,ordinary-nonchecking-capture,1
corpus:tail-kiwipete-e1d1:full,tail-kiwipete-e1d1,13404,10,10,r6r/p1pk1pb1/Bn4p1/4Q3/4P3/7p/PPPp1PPP/R2K3R b - - 0 6,g7e5,975,1,282,291,-700,7,524,LOWER,true,true,true,true,static,524,same-target-q-recapture,1
corpus:tail-kiwipete-e1d1:full,tail-kiwipete-e1d1,15288,18,18,r2k3N/p1pp1Pb1/1n6/8/4n3/8/PPP2P1P/3b1K1R b - - 1 10,d1c2,100,1,282,283,175,7,359,LOWER,true,true,true,true,static,359,ordinary-nonchecking-capture,1
corpus:tail-evasion-:full,tail-evasion-,1818,13,13,r3k2N/Pppp2pp/5nb1/nP6/3bP3/5N2/P5PP/5R1K b q - 1 7,d4a7,100,1,363,391,256,7,510,LOWER,true,true,true,true,static,510,ordinary-nonchecking-capture,1
benchmark:kiwipete:2,kiwipete,6304,13,15,r7/p1pQ2b1/1n3kp1/8/1p6/8/PPPKNP1P/R6R b - - 0 8,b6d7,975,1,-611,-520,-1593,7,-433,LOWER,true,true,true,true,static,-433,same-target-q-recapture,2
benchmark:kiwipete:2,kiwipete,9311,11,13,r7/p1pp1kb1/1n2p3/3P4/4P3/2p2P1p/PPP2P1P/R3K2R b KQ - 0 7,c3b2,100,1,-62,-61,-169,7,185,LOWER,true,true,true,true,static,185,ordinary-nonchecking-capture,1
benchmark:evasion:2,evasion,12485,11,13,r3k2N/Pppp2pp/5nb1/nP6/3bP3/5N2/P5PP/5R1K b q - 1 7,d4a7,100,1,363,410,256,7,510,LOWER,true,true,true,true,static,510,ordinary-nonchecking-capture,1
benchmark:kiwipete:3,kiwipete,1089,9,12,r7/p1pp1kb1/5n2/8/1p2q3/2P5/P1PBbPPP/R3K2R w KQ - 0 7,c3b4,100,1,-774,-747,-881,7,-681,LOWER,true,true,true,true,static,-681,ordinary-nonchecking-capture,2
benchmark:kiwipete:3,kiwipete,4510,9,12,r3k2N/p1p1q1b1/1n2p1p1/3P4/8/8/PpP1KPPP/R6R w q - 0 7,h8g6,100,1,-797,-771,-904,7,-741,LOWER,true,true,true,true,static,-741,ordinary-nonchecking-capture,1
benchmark:kiwipete:3,kiwipete,7858,8,11,r2k3N/p1p2pb1/1n2qn2/8/4P3/2p5/PPPBKPPP/R6R b - - 0 6,c3d2,330,1,590,633,253,7,698,LOWER,true,true,true,true,static,698,ordinary-nonchecking-capture,3
benchmark:kiwipete:3,kiwipete,8987,12,15,r4rk1/p1p2Nb1/1n4p1/8/4n3/8/PPP1KPPP/R6R b - - 0 8,f8f7,320,1,641,703,314,7,661,EXACT,true,false,true,true,static,661,ordinary-nonchecking-capture,2
benchmark:kiwipete:3,kiwipete,9041,12,15,r4rk1/p1p2Nb1/1n4p1/8/4n3/8/PPP1KPPP/R6R b - - 0 8,f8f7,320,1,641,661,314,7,661,LOWER,true,true,true,true,static,661,ordinary-nonchecking-capture,1
benchmark:kiwipete:3,kiwipete,12669,2,5,1r2k2r/p1ppq1b1/Bn2pnp1/3PN3/1p2P3/2N5/PPPB1PPP/R3K2R b KQk - 0 3,b4c3,320,1,661,668,334,7,678,LOWER,true,true,true,true,static,678,ordinary-nonchecking-capture,1
benchmark:kiwipete:3,kiwipete,12849,18,21,1r2k3/p1pp4/B3p3/8/8/2N1K3/PPP3r1/R6n b - - 1 11,g2c2,100,1,661,668,554,7,662,EXACT,true,false,true,false,static,712,ordinary-nonchecking-capture,1
benchmark:kiwipete:3,kiwipete,13866,6,9,4k2r/p1p1qNb1/Bn2Pnp1/8/4P3/2p5/PPPr1PPP/R3K2R b KQk - 0 5,e7e6,100,1,595,673,488,7,701,LOWER,true,true,true,true,static,701,ordinary-nonchecking-capture,1
benchmark:kiwipete:3,kiwipete,13999,20,23,4k3/p1p3b1/1n4N1/8/4K3/8/P1P2PPr/8 b - - 0 12,h2g2,100,1,646,673,539,7,853,LOWER,true,true,true,true,static,853,ordinary-nonchecking-capture,2
benchmark:kiwipete:3,kiwipete,15521,8,11,r3k3/p1p1Npbr/bn2p3/3P4/4n3/8/PPP1BPPP/R1K4R b q - 1 6,a6e2,330,1,590,641,253,7,596,EXACT,true,false,true,true,static,596,ordinary-nonchecking-capture,1
benchmark:kiwipete:3,kiwipete,19205,10,13,r6r/pbp1kpb1/1n2P3/8/4n3/8/PPP1BPPP/R1K4R b - - 0 7,e7e6,100,1,590,619,483,7,601,EXACT,true,false,true,true,static,601,same-target-q-recapture,1
benchmark:kiwipete:3,kiwipete,26034,10,13,r3k2b/p1p1q3/4pnp1/3P4/4P3/2P5/P1P1KPPP/R6R b q - 0 7,f6e4,100,1,603,649,496,7,660,LOWER,true,true,true,true,static,660,ordinary-nonchecking-capture,1
benchmark:kiwipete:3,kiwipete,26087,9,12,r3k2N/p1p1q1b1/4pnp1/3P4/4P3/8/PpP1KPPP/R6R w q - 0 7,h8g6,100,1,-649,-590,-756,7,-554,LOWER,true,true,true,true,static,-554,ordinary-nonchecking-capture,1
benchmark:kiwipete:3,kiwipete,35387,2,5,r3k2r/p2pq1b1/Bn2pnp1/2pPN3/1p2P3/2N5/PPPB1PPP/R3K2R b KQkq - 0 3,b4c3,320,1,660,670,333,7,664,EXACT,true,false,true,true,static,664,ordinary-nonchecking-capture,1
benchmark:kiwipete:3,kiwipete,43351,15,18,r3kn1Q/p1p1q3/4p1p1/3P4/8/3K4/PpP2PPP/R6R w - - 1 10,h8b2,100,1,273,280,166,7,299,LOWER,true,true,true,true,static,299,ordinary-nonchecking-capture,1
benchmark:kiwipete:3,kiwipete,48576,8,11,r6r/p1pNkpb1/6p1/4N3/1p2P3/7p/PPPn1PPP/R3K2R b KQ - 0 6,d2e4,100,1,-61,-54,-168,7,-52,LOWER,true,true,true,true,static,-52,ordinary-nonchecking-capture,1
benchmark:kiwipete:3,kiwipete,49288,16,19,r2k3b/p1pp4/1n6/8/4n3/7P/PPP1KP1P/R6R b - - 0 10,h8b2,100,1,-37,-32,-144,7,33,LOWER,true,true,true,true,static,33,ordinary-nonchecking-capture,1
benchmark:kiwipete:3,kiwipete,61023,16,19,r1k4r/p1p3b1/1n6/8/1B2P3/8/P1P1KPQP/R7 b - - 0 10,g7a1,500,1,-100,-95,-607,7,-1,LOWER,true,true,true,true,static,-1,same-target-q-recapture,1
benchmark:kiwipete:3,kiwipete,64911,10,13,r7/p1pp1kb1/1n2p3/3P4/4P3/2p2P1p/PPP2P1P/R3K2R b KQ - 0 7,c3b2,100,1,-62,-55,-169,7,185,LOWER,true,true,true,true,static,185,ordinary-nonchecking-capture,1
benchmark:evasion:3,evasion,16577,10,13,r3k2N/Pppp2pp/5nb1/nP6/3bP3/5N2/P5PP/5R1K b q - 1 7,d4a7,100,1,363,411,256,7,510,LOWER,true,true,true,true,static,510,ordinary-nonchecking-capture,1
benchmark:evasion:3,evasion,18424,10,13,r3k2N/Pppp2pp/5nb1/nP6/3bP3/5N2/P5PP/5R1K b q - 1 7,d4a7,100,1,363,503,256,7,510,LOWER,true,true,true,true,static,510,ordinary-nonchecking-capture,1
benchmark:middlegame:3,middlegame,1821,2,5,5rk1/1pp1qppp/r2p1B2/2b1p3/3nP1b1/P1NP1N2/1PPQ1PPP/R4RK1 b - - 0 12,e7f6,330,1,230,252,-107,7,235,EXACT,true,false,true,true,static,235,same-target-q-recapture,1
benchmark:middlegame:3,middlegame,9625,9,12,r4rk1/1pB2ppp/p1np4/2b1p3/2B5/P1N2b2/1PP1Q1PP/4nR1K w - - 0 16,g2f3,330,1,10,22,-327,7,45,LOWER,true,true,true,true,static,45,same-target-q-recapture,1
benchmark:middlegame:3,middlegame,10307,12,15,1r5k/1pp1q1pp/p1np1R2/6B1/4P3/P1NP4/1PP3PP/4Q2K b - - 0 17,g7f6,500,1,-22,-10,-529,7,65,LOWER,true,true,true,true,static,65,same-target-q-recapture,1
benchmark:middlegame:3,middlegame,16881,10,13,r4k2/1pp3pp/p2p4/2b1N3/3nP3/P1NP4/1PP2PPP/4RK2 b - - 0 16,d6e5,320,1,-17,-10,-344,7,36,LOWER,true,true,true,true,static,36,ordinary-nonchecking-capture,1
benchmark:middlegame:3,middlegame,30368,13,16,3r4/2p2pkp/p1np4/3Np3/4n3/P2P4/1PP3PP/R4K2 w - - 0 18,d3e4,320,1,35,47,-292,7,52,LOWER,true,true,true,true,static,52,ordinary-nonchecking-capture,1
benchmark:middlegame:3,middlegame,31284,15,18,r5k1/2p2Rpp/p1np4/3Np1N1/4P3/P7/6rP/R2K4 w - - 0 19,f7c7,100,1,10,25,-97,7,46,LOWER,true,true,true,true,static,46,ordinary-nonchecking-capture,1
benchmark:middlegame:3,middlegame,31460,14,17,rr5k/6pp/p1Qp4/3Np3/8/P2P4/1PP3qP/R3KR2 b - - 0 18,g2h2,100,1,-111,-56,-218,7,-78,EXACT,true,false,true,true,static,-78,ordinary-nonchecking-capture,1
benchmark:middlegame:3,middlegame,36445,14,17,r5k1/1pp2p1p/p7/3B4/3B4/P7/1PP2PbP/R5K1 b - - 0 18,g2d5,330,1,-59,-10,-396,7,0,LOWER,true,true,true,true,static,0,ordinary-nonchecking-capture,1
benchmark:middlegame:3,middlegame,37063,8,11,r5k1/1pp2pBp/p2p4/2bBp3/3NP3/P2b4/1PP2PPP/R5K1 b - - 0 15,c5d4,320,1,-104,-59,-431,7,-65,EXACT,true,false,true,true,static,-65,ordinary-nonchecking-capture,1
corpus:tail-kiwipete-e1d1:full,tail-kiwipete-e1d1,6626,3,3,r3k2r/p1ppqpb1/1n2pnp1/3PN3/1p2P3/5Q2/PPPBNPpP/R2K3R w kq - 0 3,f3g2,100,1,-263,53,-369,6,-112,EXACT,true,false,true,true,static,-112,same-target-q-recapture,1
corpus:tail-kiwipete-e1d1:full,tail-kiwipete-e1d1,14162,8,8,r2k3r/p1ppqPb1/1n3np1/4N3/4P3/5Q1p/PPP1KPPP/R6R b - - 0 5,e7e5,320,1,282,291,-44,6,319,LOWER,true,true,true,true,static,319,ordinary-nonchecking-capture,1
corpus:tail-kiwipete-e1d1:full,tail-kiwipete-e1d1,20476,18,18,r4k1r/p1pp1Pb1/Bn4Q1/8/8/8/P1PK1n1P/R7 b - - 0 10,g7a1,500,1,299,300,-207,6,349,LOWER,true,true,true,true,static,349,same-target-q-recapture,2
corpus:tail-kiwipete-e1d1:lower,tail-kiwipete-e1d1,2095,18,18,r4k1r/p1pp1Pb1/Bn4Q1/8/8/8/P1PK1n1P/R7 b - - 1 10,g7a1,500,1,299,300,-207,6,349,LOWER,true,true,true,true,static,349,ordinary-nonchecking-capture,1
corpus:tail-kiwipete-f3h3:full,tail-kiwipete-f3h3,66,10,10,r2k4/p1ppqPb1/1n3nN1/8/4P3/7P/PPPpKP1P/R6R b - - 0 6,e7f7,100,1,527,588,421,6,736,LOWER,true,true,true,true,static,736,ordinary-nonchecking-capture,3
corpus:tail-kiwipete-f3h3:full,tail-kiwipete-f3h3,292,10,10,r2k4/p1ppqPb1/1n3nN1/8/4P3/7P/PPPpKP1P/R6R b - - 0 6,e7f7,100,1,527,590,421,6,736,LOWER,true,true,true,true,static,736,ordinary-nonchecking-capture,3
benchmark:kiwipete:2,kiwipete,7465,11,13,r4k2/p1p1qp2/1n3Bp1/3p4/4P3/7Q/PPP1KP1P/R6R b - - 0 7,e7f6,330,1,-425,-424,-761,6,-382,LOWER,true,true,true,true,static,-382,same-target-q-recapture,2
benchmark:middlegame:2,middlegame,6304,9,11,r4rk1/2p1qppp/p1pp4/4p1N1/8/P1NP3P/1PP1Q2P/R3KR2 b - - 0 15,e7g5,320,1,-19,-17,-345,6,47,LOWER,true,true,true,true,static,47,same-target-q-recapture,1
benchmark:kiwipete:3,kiwipete,9425,16,19,r3k2B/p1p2p2/1n2p3/3P4/5K2/8/PP4qP/R6R b q - 1 10,g2d5,100,1,591,620,485,6,658,LOWER,true,true,true,true,static,658,ordinary-nonchecking-capture,2
benchmark:kiwipete:3,kiwipete,12760,18,21,4k2r/p1pp4/B3p3/8/8/2NK4/P1r3PP/R6n b k - 1 11,c2g2,100,1,661,668,555,6,683,LOWER,true,true,true,true,static,683,ordinary-nonchecking-capture,1
benchmark:kiwipete:3,kiwipete,20976,12,15,r3k2N/p1p5/1n3np1/8/4q3/2p5/PPP2PPP/R4K1R b q - 1 8,c3b2,100,1,671,677,565,6,762,LOWER,true,true,true,true,static,762,ordinary-nonchecking-capture,2
benchmark:kiwipete:3,kiwipete,29817,8,11,r3k1nb/p1p1q3/1n2p1p1/3P4/4P3/2P5/P1PBKPPP/R6R b q - 0 6,e6d5,100,1,614,617,508,6,722,LOWER,true,true,true,true,static,722,ordinary-nonchecking-capture,1
benchmark:kiwipete:3,kiwipete,32645,14,17,7r/p1k1q1b1/4pn2/3P2B1/4P3/8/P1P1KPPP/R7 b - - 0 9,e6d5,100,1,663,686,557,6,712,LOWER,true,true,true,true,static,712,ordinary-nonchecking-capture,1
benchmark:kiwipete:3,kiwipete,32677,14,17,7r/p1k1q1b1/4pn2/3P2B1/4P3/8/P1P1KPPP/R7 b - - 0 9,e6d5,100,1,663,671,557,6,712,LOWER,true,true,true,true,static,712,ordinary-nonchecking-capture,1
benchmark:kiwipete:3,kiwipete,33062,14,17,7r/p1k1q1b1/4pn2/3P2B1/4P3/8/P1P1KPPP/R7 b - - 0 9,e6d5,100,1,663,670,557,6,712,LOWER,true,true,true,true,static,712,ordinary-nonchecking-capture,6
benchmark:kiwipete:3,kiwipete,42499,15,18,8/p1pp4/Bn2p3/3k2n1/1p6/2P4r/P1P2P1P/R2K3R w - - 0 10,c3b4,100,1,273,297,167,6,374,LOWER,true,true,true,true,static,374,ordinary-nonchecking-capture,1
benchmark:kiwipete:3,kiwipete,42566,14,17,7r/p1pp4/B2kp3/3n2n1/1P6/7p/P1P1KPPP/R6R b - - 0 9,h3g2,100,1,-284,-273,-390,6,31,LOWER,true,true,true,true,static,31,ordinary-nonchecking-capture,1
benchmark:kiwipete:3,kiwipete,43838,6,9,B6r/p1ppk1b1/1n2p1p1/3PN3/1p6/2N4p/PPPn1PPP/R3K2R b KQ - 0 5,g7e5,320,1,-293,-273,-619,6,-272,LOWER,true,true,true,true,static,-272,ordinary-nonchecking-capture,1
benchmark:kiwipete:3,kiwipete,53397,14,17,r2k4/p1ppqP2/Bn4N1/8/8/2P4P/P1P4P/R1K4n b - - 0 9,e7f7,100,1,399,451,293,6,714,LOWER,true,true,true,true,static,714,ordinary-nonchecking-capture,1
benchmark:kiwipete:3,kiwipete,53596,14,17,r2k4/p1ppqP2/Bn4N1/8/8/2P4P/P1P4P/R1K4n b - - 0 9,e7f7,100,1,399,492,293,6,714,LOWER,true,true,true,true,static,714,ordinary-nonchecking-capture,1
benchmark:kiwipete:3,kiwipete,61724,4,7,r2k3r/p1pp1pb1/1n2qNp1/4N3/1p2P3/5Q1p/PPPBKPPP/R6R b - - 0 4,e6e5,320,1,-104,-79,-430,6,-76,LOWER,true,true,true,true,static,-76,ordinary-nonchecking-capture,1
benchmark:middlegame:3,middlegame,4655,9,12,r4N2/1pp2kpp/p1np4/2b5/4P3/P1NP4/1PP2PPP/R4b1K w - - 0 16,f8h7,100,1,10,12,-96,6,34,LOWER,true,true,true,true,static,34,ordinary-nonchecking-capture,1
benchmark:middlegame:3,middlegame,8418,9,12,r6k/1pp2rpp/p1np4/3Np3/2B1n3/P2P4/1PP1b1PP/4RRK1 w - - 0 16,f1f7,500,1,20,22,-486,6,266,LOWER,true,true,true,true,static,266,same-target-q-recapture,1
benchmark:middlegame:3,middlegame,9995,6,9,5rk1/rpp3pp/p1np1q2/2b1N3/4P1Q1/P1NP4/1PP2PPP/4RRK1 b - - 0 14,f6e5,320,1,-22,-10,-348,6,72,LOWER,true,true,true,true,static,72,ordinary-nonchecking-capture,1
benchmark:middlegame:3,middlegame,12564,13,16,4r2k/1pp2rpp/p1Bp4/4p1n1/8/P1NP4/1PP3PP/4R1K1 w - - 0 18,c6e8,500,1,10,14,-496,6,161,LOWER,true,true,true,true,static,161,ordinary-nonchecking-capture,1
benchmark:middlegame:3,middlegame,13360,8,11,r3r3/1pp1k1pp/p1np1q2/4N3/4P1Q1/P1NP4/1PP2bPP/4RR1K b - - 1 15,c6e5,320,1,-17,-10,-343,6,61,LOWER,true,true,true,true,static,61,ordinary-nonchecking-capture,1
benchmark:middlegame:3,middlegame,18227,8,11,r2B1rk1/1pp2ppp/p1np4/2b1p3/2B5/P1Nn1Q2/1PP3PP/R3RK2 b - - 1 15,d3e1,500,1,-11,-10,-517,6,2,LOWER,true,true,true,true,static,2,ordinary-nonchecking-capture,1
benchmark:middlegame:3,middlegame,36725,15,18,B5k1/2p2p1p/p2p4/4b3/4P3/P2P4/2P2PbP/6K1 w - - 0 19,g1g2,330,1,10,111,-326,6,95,EXACT,true,false,true,true,static,95,ordinary-nonchecking-capture,2
benchmark:middlegame:3,middlegame,37184,14,17,r5k1/2p2p1p/p2p4/4b3/4B3/P7/1PP2PPP/R5K1 b - - 0 18,e5b2,100,1,-104,-65,-210,6,-61,LOWER,true,true,true,true,static,-61,ordinary-nonchecking-capture,1
benchmark:middlegame:3,middlegame,37427,7,10,5rk1/1pp2ppp/p7/2bnp3/2BNP3/P2P4/1PP2PPP/R4bK1 w - - 0 15,a1f1,330,1,65,111,-271,6,111,LOWER,true,true,true,true,static,111,ordinary-nonchecking-capture,1
benchmark:middlegame:3,middlegame,42110,13,16,8/1pp2pk1/r1np4/3Np2p/4P3/P7/1PP3PP/R3Kb2 w - - 0 18,e1f1,330,1,14,20,-322,6,32,LOWER,true,true,true,true,static,32,ordinary-nonchecking-capture,1
corpus:tail-kiwipete-e1d1:full,tail-kiwipete-e1d1,4336,15,15,r2k3r/p1p2P2/1n3bp1/8/4P3/8/PPPK1P1P/R6r w - - 0 9,a1h1,500,1,-263,-261,-768,5,-258,LOWER,true,true,true,true,static,-258,same-target-q-recapture,1
corpus:tail-kiwipete-e1d1:full,tail-kiwipete-e1d1,6047,16,16,r6b/p1pk4/1n4p1/8/4n3/7p/PPP1KPPP/R6R b - - 1 9,h8b2,100,1,210,263,105,5,288,LOWER,true,true,true,true,static,288,ordinary-nonchecking-capture,1
corpus:tail-kiwipete-e1d1:full,tail-kiwipete-e1d1,12934,16,16,r6b/p1pk4/1n4p1/8/4n3/7p/PPP1KPPP/R6R b - - 1 9,h8b2,100,1,210,282,105,5,288,LOWER,true,true,true,true,static,288,ordinary-nonchecking-capture,1
corpus:tail-kiwipete-e1d1:full,tail-kiwipete-e1d1,18578,6,6,r3k2r/p1ppqpb1/1n2pnp1/3PN3/4P3/2B5/PPP1KPQP/R6R b kq - 0 4,e6d5,100,1,291,306,186,5,300,EXACT,true,false,true,true,static,300,ordinary-nonchecking-capture,1
corpus:tail-kiwipete-e1d1:full,tail-kiwipete-e1d1,19252,6,6,r3k2r/p1ppqpb1/1n2pnp1/3PN3/4P3/2B5/PPP1KPQP/R6R b kq - 0 4,e6d5,100,1,291,328,186,5,300,EXACT,true,false,true,true,static,300,ordinary-nonchecking-capture,1
corpus:tail-kiwipete-e1d1:full,tail-kiwipete-e1d1,20330,10,10,r2k3r/p1pP1qb1/Bn3np1/8/4P3/8/PPPp1PQP/R2K3R b - - 0 6,f7d7,100,1,293,300,188,5,405,LOWER,true,true,true,true,static,405,ordinary-nonchecking-capture,1
corpus:tail-evasion-:upper,tail-evasion-,503,13,13,r3k2N/Pppp2pp/5nb1/nPb5/4P3/5N2/P5PP/R6K b q - 0 7,a8a7,100,1,390,391,285,5,576,LOWER,true,true,true,true,static,576,ordinary-nonchecking-capture,1
corpus:tail-middlegame-d3d4:full,tail-middlegame-d3d4,133,12,12,r4rk1/1pp3pp/p1np4/8/3bP1N1/P7/1PP1N1PP/R4R1K b - - 0 16,d4b2,100,1,89,130,-16,5,147,LOWER,true,true,true,true,static,147,ordinary-nonchecking-capture,1
benchmark:kiwipete:2,kiwipete,10708,5,7,r4k1r/p1pnqpb1/4p1p1/3P4/1p2P3/5Q1p/PPPBNPPP/R3K2R b KQ - 0 4,g7b2,100,1,-90,-85,-195,5,-71,LOWER,true,true,true,true,static,-71,ordinary-nonchecking-capture,2
benchmark:evasion:2,evasion,6637,10,12,r3k2r/Pppp1ppp/6bN/nP6/rBPQn3/5R2/6PP/5K2 w kq - 0 7,d4g7,100,1,-66,-59,-171,5,-18,LOWER,true,true,true,true,static,-18,ordinary-nonchecking-capture,2
benchmark:evasion:2,evasion,7289,11,13,r3k2r/Pppp1pQp/6bN/nP6/BBq1n3/5R2/6PP/R2K4 b kq - 0 7,a8a7,100,1,-44,-14,-149,5,-32753,UPPER,false,false,false,false,mate,-149,mate,2
benchmark:middlegame:2,middlegame,1235,9,11,r6k/1pp2ppp/p1nB4/2b1p3/2B1P3/P1NP4/1P3PPP/R6K b - - 0 15,c7d6,330,1,-8,0,-343,5,0,LOWER,true,true,true,true,static,0,ordinary-nonchecking-capture,1
benchmark:middlegame:2,middlegame,6069,5,7,r4rk1/1ppB1ppp/p2p1n2/2b1p1B1/4P3/P2P4/1PP1NPPP/R4RK1 b - - 0 13,f6d7,330,1,-19,-16,-354,5,-14,LOWER,true,true,true,true,static,-14,ordinary-nonchecking-capture,1
benchmark:middlegame:2,middlegame,6449,5,7,r4rk1/2p1qppp/p1pp1B2/4p3/4P1b1/P1PP1N2/2P1QPPP/R4RK1 b - - 0 13,e7f6,330,1,-19,0,-354,5,-13,EXACT,true,false,true,true,static,-13,same-target-q-recapture,1
benchmark:kiwipete:3,kiwipete,14514,8,11,3k3r/p1p1q1b1/1n2pnp1/3P4/4P3/2B5/PPP1KPPP/R6R b - - 0 6,e6d5,100,1,590,599,485,5,608,LOWER,true,true,true,true,static,608,ordinary-nonchecking-capture,1
benchmark:kiwipete:3,kiwipete,14574,8,11,3k3r/p1p1q1b1/1n2pnp1/3P4/4P3/2B5/PPP1KPPP/R6R b - - 0 6,e6d5,100,1,590,649,485,5,673,LOWER,true,true,true,true,static,673,ordinary-nonchecking-capture,1
benchmark:kiwipete:3,kiwipete,14690,8,11,3rk2b/p1p1q3/1n2pnp1/3P4/4P3/2B5/PPP1KPPP/R6R b - - 0 6,e6d5,100,1,590,599,485,5,610,LOWER,true,true,true,true,static,610,ordinary-nonchecking-capture,1
benchmark:kiwipete:3,kiwipete,14734,8,11,3rk2b/p1p1q3/1n2pnp1/3P4/4P3/2B5/PPP1KPPP/R6R b - - 0 6,e6d5,100,1,590,649,485,5,671,LOWER,true,true,true,true,static,671,ordinary-nonchecking-capture,1
benchmark:kiwipete:3,kiwipete,18103,8,11,r3k2b/p1p1q3/1n2pnp1/3P4/4P3/2P5/P1PBKPPP/R6R b q - 0 6,f6e4,100,1,623,632,518,5,661,LOWER,true,true,true,true,static,661,ordinary-nonchecking-capture,1
benchmark:kiwipete:3,kiwipete,29701,6,9,r3k1nN/p1p1q1b1/1n2p1p1/3P4/4P3/2p5/PPPBKPPP/R6R b q - 0 5,c3d2,330,1,590,637,255,5,688,LOWER,true,true,true,true,static,688,ordinary-nonchecking-capture,1
benchmark:kiwipete:3,kiwipete,32340,12,15,r6r/p1p1qkb1/5N2/6p1/4P3/8/PPPK1PPP/R6R b - - 0 8,e7f6,320,1,679,686,354,5,718,LOWER,true,true,true,true,static,718,ordinary-nonchecking-capture,1
benchmark:kiwipete:3,kiwipete,35322,8,11,r3k2b/p3q3/1n2pnp1/2pP4/4P3/2P5/P1PBKPPP/R6R b q - 0 6,f6e4,100,1,617,641,512,5,656,LOWER,true,true,true,true,static,656,ordinary-nonchecking-capture,1
benchmark:kiwipete:3,kiwipete,41190,14,17,7r/p1pP4/Bn1k4/8/1p6/2b4p/PPP2PPP/R4K2 b - - 0 9,d6d7,100,1,-310,-273,-415,5,-217,LOWER,true,true,true,true,static,-217,same-target-q-recapture,5
benchmark:kiwipete:3,kiwipete,43213,13,16,r1k4b/p1pnq3/4p1p1/3P4/8/2P5/P1PK1PQP/R6R w - - 0 9,d5e6,100,1,273,290,168,5,332,LOWER,true,true,true,true,static,332,ordinary-nonchecking-capture,1
benchmark:kiwipete:3,kiwipete,43443,15,18,r3kn1Q/p1p1q3/4p1p1/3P4/8/4K3/PpP2PPP/R6R w - - 1 10,h8b2,100,1,273,289,168,5,338,LOWER,true,true,true,true,static,338,ordinary-nonchecking-capture,1
benchmark:kiwipete:3,kiwipete,61749,16,19,r1k4r/p1p3b1/1n6/8/1B2P3/8/P1P1KPQP/R7 b - - 0 10,g7a1,500,1,-102,-79,-607,5,-1,LOWER,true,true,true,true,static,-1,same-target-q-recapture,1
benchmark:evasion:3,evasion,16897,10,13,r3k2N/Pppp2pp/5nb1/nP6/3bP3/8/P2P2PP/5R1K b q - 1 7,a8a7,100,1,466,543,361,5,737,LOWER,true,true,true,true,static,737,ordinary-nonchecking-capture,1
benchmark:middlegame:3,middlegame,4634,9,12,r4N2/1pp1k1pp/p1np4/2b5/4P3/P1NP4/1PP2PPP/R4b1K w - - 0 16,f8h7,100,1,10,12,-95,5,35,LOWER,true,true,true,true,static,35,ordinary-nonchecking-capture,1
benchmark:middlegame:3,middlegame,6881,5,8,r4rk1/1pp2ppp/p1np4/4p1q1/2B1n3/P1NP1Q2/1PP3PP/3R1RK1 w - - 0 14,f3e4,320,1,10,11,-315,5,118,LOWER,true,true,true,true,static,118,ordinary-nonchecking-capture,1
benchmark:middlegame:3,middlegame,13392,6,9,r3r1k1/1pp3pp/p1np1q2/2b1N3/4P1Q1/P1NP4/1PP2PPP/4RRK1 b - - 0 14,f6e5,320,1,-17,-10,-342,5,37,LOWER,true,true,true,true,static,37,ordinary-nonchecking-capture,1
benchmark:middlegame:3,middlegame,15063,8,11,r4rk1/1pp3pp/p2p1B2/4p3/1n2P3/2NP4/1PP2PPP/4RRK1 b - - 0 15,f8f6,330,1,-17,-10,-352,5,-14,EXACT,true,false,true,true,static,-14,same-target-q-recapture,1
benchmark:middlegame:3,middlegame,21646,4,7,r4rk1/1ppB1ppp/p2p1n2/2b1p1B1/4P3/P2P4/1PP1NPPP/R4RK1 b - - 0 13,f6d7,330,1,-19,-10,-354,5,-14,EXACT,true,false,true,true,static,-14,ordinary-nonchecking-capture,1
benchmark:middlegame:3,middlegame,22168,4,7,r4rk1/2p1qppp/p1pp1B2/4p3/4P1b1/P1PP1N2/2P1QPPP/R4RK1 b - - 0 13,e7f6,330,1,-19,-10,-354,5,-13,EXACT,true,false,true,true,static,-13,same-target-q-recapture,2
benchmark:middlegame:3,middlegame,35962,14,17,B5k1/5ppp/p2p4/4p3/4P3/P2P4/1bP2PKP/R7 b - - 0 18,b2a1,500,1,-82,-10,-587,5,49,LOWER,true,true,true,true,static,49,ordinary-nonchecking-capture,1
corpus:tail-kiwipete-e1d1:full,tail-kiwipete-e1d1,14216,8,8,r2k3r/p1ppqPb1/1n3np1/4N3/4P3/7p/PPPKQPPP/R6R b - - 0 5,e7e5,320,1,282,291,-42,4,356,LOWER,true,true,true,true,static,356,ordinary-nonchecking-capture,1
corpus:tail-kiwipete-e1d1:full,tail-kiwipete-e1d1,16701,6,6,r3k2r/p1pp1pb1/1n2qnp1/4N3/4P3/2Q4p/PPPBKPPP/R6R b kq - 0 4,f6e4,100,1,282,291,178,4,309,LOWER,true,true,true,true,static,309,ordinary-nonchecking-capture,1
corpus:tail-kiwipete-e1d1:full,tail-kiwipete-e1d1,17847,13,13,r3k2b/p1ppq3/4p1p1/3n4/4Q3/8/PPP2PpP/R1K4R w q - 0 8,e4g2,100,1,-291,-221,-395,4,-55,LOWER,true,true,true,true,static,-55,same-target-q-recapture,1
corpus:tail-kiwipete-e1d1:lower,tail-kiwipete-e1d1,421,10,10,r4k1r/p1ppqPb1/1n3np1/4N3/4P3/8/PPPK1PQP/R6R b - - 0 6,e7e5,320,1,299,300,-25,4,362,LOWER,true,true,true,true,static,362,ordinary-nonchecking-capture,3
benchmark:kiwipete:2,kiwipete,2613,10,12,r3k2r/p1pN1p2/Bn4p1/8/1p6/2b2Q2/PPP1KP1P/R6q w kq - 0 7,a1h1,975,1,283,310,-696,4,314,LOWER,true,true,true,true,static,314,same-target-q-recapture,1
benchmark:kiwipete:2,kiwipete,11165,18,20,r6r/p1B2pB1/1n4p1/6k1/4P3/8/PPP1KP1P/R6q w - - 0 11,a1h1,975,1,66,81,-913,4,130,LOWER,true,true,true,true,static,130,same-target-q-recapture,2
benchmark:evasion:2,evasion,5702,17,19,r3k2N/Pppp2pp/5n2/1Q6/4bK2/5R2/6PP/8 b q - 0 10,e4f3,500,1,-21,-18,-525,4,138,LOWER,true,true,true,true,static,138,ordinary-nonchecking-capture,2
benchmark:middlegame:2,middlegame,5292,6,8,r4rk1/1pp2ppp/p1np4/4p1q1/4n3/PBNP1Q2/1PP3PP/R4RK1 w - - 0 14,f3e4,320,1,-1,3,-325,4,116,LOWER,true,true,true,true,static,116,ordinary-nonchecking-capture,1
benchmark:middlegame:2,middlegame,6594,5,7,r4rk1/1Bp1qppp/p2p1B2/4p3/4P1b1/P2P1N2/1bP1QPPP/R4RK1 b - - 0 13,e7f6,330,1,-19,-13,-353,4,11,LOWER,true,true,true,true,static,11,same-target-q-recapture,3
benchmark:middlegame:2,middlegame,7566,10,12,r4r1k/1pp1nBpp/p2p4/4p1n1/8/P2P1Q2/1PP1K1PP/R4R2 w - - 1 16,f3b7,100,1,579,664,475,4,652,EXACT,true,false,true,true,static,652,ordinary-nonchecking-capture,2
benchmark:kiwipete:3,kiwipete,3049,8,11,r3k2r/p1p1qN2/1n2P1p1/8/4n3/2p5/PPP1KPPP/R6R b kq - 0 6,e7e6,100,1,762,825,658,4,892,LOWER,true,true,true,true,static,892,ordinary-nonchecking-capture,1
benchmark:kiwipete:3,kiwipete,4351,8,11,r3k2r/p1p1qN2/1n2P1p1/8/4n3/2p5/PPP1KPPP/R6R b kq - 0 6,e7e6,100,1,762,771,658,4,892,LOWER,true,true,true,true,static,892,ordinary-nonchecking-capture,1
benchmark:kiwipete:3,kiwipete,10200,14,17,r3k2b/p1pn4/5n2/8/4P3/8/PPq2PPP/R3K2R b q - 1 9,c2b2,100,1,697,722,593,4,730,LOWER,true,true,true,true,static,730,ordinary-nonchecking-capture,1
benchmark:kiwipete:3,kiwipete,13266,9,12,2n1k2r/p1ppq1b1/4p1p1/3PN3/4n3/8/PPP2PPP/R2K3R w k - 0 7,e5g6,100,1,-673,-590,-777,4,-651,EXACT,true,false,true,true,static,-651,ordinary-nonchecking-capture,1
benchmark:kiwipete:3,kiwipete,16329,14,17,r3k3/p1p1N1b1/1n6/8/4n3/8/PPP2rPP/R2K3R b q - 1 9,e8e7,320,1,608,629,284,4,628,EXACT,true,false,true,true,static,628,ordinary-nonchecking-capture,1
benchmark:kiwipete:3,kiwipete,21656,8,11,r3k2r/p1ppqp2/b3Q1p1/3nN3/4n3/8/PPP1BPPP/R1K4R b kq - 1 6,e7e6,975,1,1064,32769,85,4,1215,EXACT,true,false,true,true,static,1215,ordinary-nonchecking-capture,1
benchmark:kiwipete:3,kiwipete,26275,11,14,r3k2N/p1p1q3/6p1/3p4/1p2n3/2P5/P1P1bPPP/R1K4R w q - 0 8,h8g6,100,1,-649,-590,-753,4,-581,LOWER,true,true,true,true,static,-581,ordinary-nonchecking-capture,1
benchmark:kiwipete:3,kiwipete,28105,8,11,r1n1k2b/p1p1q3/4pnp1/3P4/4P3/2P5/P1PBKPPP/R6R b q - 0 6,f6e4,100,1,597,608,493,4,636,LOWER,true,true,true,true,static,636,ordinary-nonchecking-capture,1
benchmark:kiwipete:3,kiwipete,32585,11,14,N3k3/p1p1q1b1/4pn2/3P2p1/4P3/8/P1PBKPPr/R7 w - - 0 8,d5e6,100,1,-686,-663,-790,4,-628,LOWER,true,true,true,true,static,-628,ordinary-nonchecking-capture,1
benchmark:kiwipete:3,kiwipete,32862,18,21,4k2r/p5b1/8/3n2N1/4q3/8/P1PB1PPP/R2K4 b - - 1 11,e4g2,100,1,663,686,559,4,667,EXACT,true,false,true,true,static,667,ordinary-nonchecking-capture,1
benchmark:kiwipete:3,kiwipete,33429,9,12,N3k2r/p1p1q1b1/5n2/3p2p1/4P3/8/PPPpKPPP/R6R w k - 0 7,e2d2,100,1,-686,-663,-790,4,-621,LOWER,true,true,true,true,static,-621,ordinary-nonchecking-capture,1
benchmark:kiwipete:3,kiwipete,33934,10,13,r3k3/p3Npb1/1n2p1p1/3P4/4n3/2P5/P1PB1PP1/R3KB1r b Qq - 1 7,e4d2,330,1,643,661,309,4,676,LOWER,true,true,true,true,static,676,ordinary-nonchecking-capture,1
benchmark:kiwipete:3,kiwipete,43145,15,18,r1k2n1Q/p1p1q3/4p1p1/3P4/8/8/PpP1KPPP/R6R w - - 1 10,h8b2,100,1,273,290,169,4,388,LOWER,true,true,true,true,static,388,ordinary-nonchecking-capture,1
benchmark:kiwipete:3,kiwipete,45582,0,3,r3k2r/p1ppqpb1/Bn2pnp1/3PN3/4P3/2Q4p/PPPB1PPP/R3K2R b KQkq - 0 2,f6e4,100,1,-61,590,-165,4,-17,EXACT,true,false,true,false,static,258,ordinary-nonchecking-capture,1
benchmark:kiwipete:3,kiwipete,47161,0,3,r3k2r/p1ppqNb1/Bn3np1/3p4/1p2P3/2N2Q1p/PPPB1PPP/R3K2R b KQkq - 0 2,e8f7,320,1,-61,-32,-385,4,-36,EXACT,true,false,true,false,static,-20,ordinary-nonchecking-capture,1
benchmark:kiwipete:3,kiwipete,53041,4,7,r3k3/p1pp1pB1/Bn2p1p1/3Pq3/1p2P3/2N4p/PPP2PPP/R3K2R b KQq - 0 4,e5g7,330,1,17,31,-317,4,28,EXACT,true,false,true,false,static,103,same-target-q-recapture,1
benchmark:kiwipete:3,kiwipete,53380,8,11,r3k3/p1ppqp2/Bn2p1p1/3PN3/3Kn3/7P/PPP2P1P/R6R b q - 1 6,e6d5,100,1,482,515,378,4,564,LOWER,true,true,true,true,static,564,ordinary-nonchecking-capture,1
benchmark:middlegame:3,middlegame,1458,17,20,6k1/1pp2ppp/3r4/4p3/8/P2P4/1PP4P/R2n2K1 w - - 0 20,a1d1,320,1,-374,-338,-698,4,-341,EXACT,true,false,true,true,static,-341,ordinary-nonchecking-capture,1
benchmark:middlegame:3,middlegame,6171,5,8,r4rk1/1pp2ppp/p1np4/4p1q1/2B1n3/P1NP1Q2/1PP3PP/2R2RK1 w - - 0 14,f3e4,320,1,10,12,-314,4,116,LOWER,true,true,true,true,static,116,ordinary-nonchecking-capture,1
benchmark:middlegame:3,middlegame,10414,6,9,1r3rk1/1pp3pp/p1np1q2/2b1N3/4P1Q1/P1NP4/1PP2PPP/4RRK1 b - - 0 14,f6e5,320,1,-22,-10,-346,4,74,LOWER,true,true,true,true,static,74,ordinary-nonchecking-capture,1
benchmark:middlegame:3,middlegame,21217,5,8,r4rk1/1pp2ppp/p1np4/3Bp1q1/4n3/P1NP1Q2/1PP3PP/R4RK1 w - - 0 14,f3e4,320,1,10,19,-314,4,120,LOWER,true,true,true,true,static,120,ordinary-nonchecking-capture,1
benchmark:middlegame:3,middlegame,30699,13,16,4r3/2p2pkp/p1np4/3Np3/4n3/P2P4/1PP3PP/R4K2 w - - 0 18,d3e4,320,1,10,17,-314,4,64,LOWER,true,true,true,true,static,64,ordinary-nonchecking-capture,1
benchmark:middlegame:3,middlegame,32223,13,16,B5k1/2p1rppp/3p4/4p3/4n3/P2P4/1PP3PP/R3Kb2 w - - 0 18,e1f1,330,1,36,57,-298,4,102,LOWER,true,true,true,true,static,102,ordinary-nonchecking-capture,2
benchmark:middlegame:3,middlegame,34214,9,12,5rk1/2p2ppp/r1np4/3Np1q1/4P1b1/P4N2/1PP3PP/R4RK1 w - - 0 16,f3g5,975,1,72,92,-907,4,125,LOWER,true,true,true,true,static,125,ordinary-nonchecking-capture,1
benchmark:middlegame:3,middlegame,34552,7,10,r4k2/1pp2ppp/p1n5/3Np3/2BbP3/P2P4/1PP2PPP/R4bK1 w - - 0 15,a1f1,330,1,92,111,-242,4,107,EXACT,true,false,true,true,static,107,ordinary-nonchecking-capture,1
benchmark:middlegame:3,middlegame,34935,9,12,5rk1/2p2ppp/r1np4/3Np1q1/4P1b1/P4N2/1PP3PP/R4RK1 w - - 0 16,f3g5,975,1,72,101,-907,4,125,LOWER,true,true,true,true,static,125,ordinary-nonchecking-capture,2
benchmark:middlegame:3,middlegame,36140,18,21,B5k1/2p2pBp/p7/8/8/P7/2P2PKP/b7 b - - 0 20,g8g7,330,1,-111,-10,-445,4,0,LOWER,true,true,true,true,static,0,ordinary-nonchecking-capture,2
benchmark:middlegame:3,middlegame,37400,9,12,r4k2/1pp2ppp/p7/3np3/2BbP3/P2P4/1PP2PPP/R4K2 w - - 0 16,c4d5,320,1,65,111,-259,4,111,LOWER,true,true,true,true,static,111,ordinary-nonchecking-capture,2
benchmark:middlegame:3,middlegame,38514,11,14,r4Bk1/n1p2ppp/p2p4/3Np3/4n3/P2P4/1PP3PP/R4K2 w - - 0 17,f8g7,100,-1,18,89,-86,4,107,LOWER,true,true,true,true,static,107,SEE-negative,1
corpus:tail-kiwipete-e1d1:full,tail-kiwipete-e1d1,12961,14,14,r6b/p1pkq3/1n4p1/8/4n3/7p/PPP1QPPP/R1K4R b - - 1 8,h3g2,100,1,263,282,160,3,433,LOWER,true,true,true,true,static,433,ordinary-nonchecking-capture,1
corpus:tail-kiwipete-e1d1:full,tail-kiwipete-e1d1,13417,6,6,r2k3r/p1pPqpb1/bn3np1/4N3/4P3/5Q1p/PPPKBPPP/R6R b - - 0 4,e7e5,320,1,282,291,-41,3,305,LOWER,true,true,true,true,static,305,ordinary-nonchecking-capture,1
corpus:tail-kiwipete-e1d1:full,tail-kiwipete-e1d1,14268,16,16,r4r2/p1pk2b1/1n4p1/8/4P3/7p/PPP1KPPP/R6R b - - 0 9,g7b2,100,1,282,289,179,3,346,LOWER,true,true,true,true,static,346,ordinary-nonchecking-capture,2
corpus:tail-kiwipete-e1d1:lower,tail-kiwipete-e1d1,35,12,12,r2k3r/p1ppq1b1/1n3BQ1/3p4/4P3/8/PPP1KP1P/R6R b - - 0 7,e7f6,330,1,299,300,-34,3,327,LOWER,true,true,true,true,static,327,same-target-q-recapture,4
corpus:tail-evasion-:full,tail-evasion-,1678,15,15,4k3/rppp2p1/5np1/nPq5/3NP3/8/P5PP/Q4RK1 b - - 1 8,f6e4,100,1,327,339,224,3,385,LOWER,true,true,true,true,static,385,ordinary-nonchecking-capture,3
corpus:tail-evasion-f1f2:full,tail-evasion-f1f2,225,18,18,4k3/rppp2Q1/6p1/nP6/2P5/3K1N2/q5PP/8 b - - 1 10,a2g2,100,1,640,651,537,3,666,LOWER,true,true,true,true,static,666,ordinary-nonchecking-capture,2
benchmark:kiwipete:2,kiwipete,8045,8,10,r6r/p1p1kp2/1n3bp1/8/1p2P3/2N4P/PPPBbP1P/R3K2R w KQ - 0 6,c3e2,330,1,109,143,-224,3,142,EXACT,true,false,true,true,static,142,ordinary-nonchecking-capture,2
benchmark:kiwipete:2,kiwipete,8183,8,10,r2k3r/p1ppq1b1/1n3nQ1/3p4/1p2P3/8/PPPBNP1P/R4RK1 w - - 1 6,d2b4,100,-1,61,82,-42,3,81,EXACT,true,false,true,true,static,81,SEE-negative,1
benchmark:evasion:2,evasion,1804,11,13,6kr/rpQ3pp/5nb1/1PP5/B1n1P3/5N2/Rp4PP/5RK1 b - - 0 7,g6e4,100,1,-680,-634,-783,3,-520,LOWER,true,true,true,true,static,-520,ordinary-nonchecking-capture,2
benchmark:middlegame:2,middlegame,4589,6,8,r4rk1/1pp2ppp/p1np4/4p1q1/2B1n3/P1NP1Q2/RPP3PP/5RK1 w - - 0 14,f3e4,320,1,-1,1,-324,3,105,LOWER,true,true,true,true,static,105,ordinary-nonchecking-capture,1
benchmark:middlegame:2,middlegame,7796,7,9,r4Bk1/1pp2ppp/p1np4/3Np3/2B1n3/P2P4/1PP1b1PP/R4RK1 b - - 0 14,a8f8,330,1,-85,-23,-418,3,-67,EXACT,true,false,true,true,static,-67,same-target-q-recapture,2
benchmark:kiwipete:3,kiwipete,1666,8,11,r3k2b/p1pp1p2/4qn2/3P4/8/2P5/P1PBbPPP/R3K2R b KQq - 0 6,f6d5,100,1,792,797,689,3,875,LOWER,true,true,true,true,static,875,same-target-q-recapture,1
benchmark:kiwipete:3,kiwipete,3242,8,11,r3k2b/p1p1q3/bn2P1p1/8/1p6/8/PPPKBPPP/R6R b q - 0 6,a6e2,330,1,746,747,413,3,767,LOWER,true,true,true,true,static,767,ordinary-nonchecking-capture,1
benchmark:kiwipete:3,kiwipete,6575,6,9,r3k2r/p1p1qp2/Bn4p1/3Pb3/1p6/8/PPPB1PPP/R3K2R b KQkq - 0 5,h8h2,100,1,854,855,751,3,863,LOWER,true,true,true,true,static,863,ordinary-nonchecking-capture,1
benchmark:kiwipete:3,kiwipete,10323,6,9,r3k2N/p1p2pb1/1n1qpn2/3P4/4P3/2p5/PPPBKPPP/R6R b q - 0 5,c3d2,330,1,590,632,257,3,715,LOWER,true,true,true,true,static,715,ordinary-nonchecking-capture,2
benchmark:kiwipete:3,kiwipete,17411,6,9,r3k2r/p1p1qpb1/4pnp1/3P4/2B1P3/2B5/PPP2PPP/R3K2R b KQkq - 0 5,e6d5,100,1,664,673,561,3,712,LOWER,true,true,true,true,static,712,ordinary-nonchecking-capture,1
benchmark:kiwipete:3,kiwipete,17766,20,23,r6r/p1p2k2/8/8/2n5/8/P1P2KPP/R7 b - - 0 12,h8h2,100,1,591,605,488,3,813,LOWER,true,true,true,true,static,813,ordinary-nonchecking-capture,3
benchmark:kiwipete:3,kiwipete,19234,8,11,r3k2r/pbp1Npb1/1n2p3/3P4/4n3/8/PPP1BPPP/R3K2R b kq - 1 6,e8e7,320,1,590,601,267,3,614,LOWER,true,true,true,true,static,614,ordinary-nonchecking-capture,1
benchmark:kiwipete:3,kiwipete,22693,10,13,r3k2r/p1p1q3/1n2Pnp1/8/4P3/2p5/PPP1KPPP/R6R b kq - 0 7,e7e6,100,1,836,919,733,3,1110,LOWER,true,true,true,true,static,1110,ordinary-nonchecking-capture,1
benchmark:kiwipete:3,kiwipete,26995,6,9,r3k2r/p1ppq1b1/4Pnp1/4N3/1p2P3/8/PPPKNPPP/R6R b kq - 0 5,e7e6,100,1,664,678,561,3,700,LOWER,true,true,true,true,static,700,ordinary-nonchecking-capture,1
benchmark:kiwipete:3,kiwipete,32838,18,21,7r/p5b1/6k1/3n2N1/4q3/8/P1PB1PPP/R2K4 b - - 1 11,e4g2,100,1,663,686,560,3,671,EXACT,true,false,true,true,static,671,ordinary-nonchecking-capture,1
benchmark:kiwipete:3,kiwipete,44604,10,13,r3k2r/p1ppPp2/Bn2p1p1/4b3/4Q3/8/PPPK1P1P/7R b kq - 0 7,e5b2,100,1,-292,-273,-395,3,-252,LOWER,true,true,true,true,static,-252,ordinary-nonchecking-capture,1
benchmark:kiwipete:3,kiwipete,45865,14,17,Q6r/4Npbk/Bn2p3/3P4/8/8/PPPK1P1P/R6q b - - 0 9,h1a1,500,1,-61,-45,-564,3,-34,LOWER,true,true,true,true,static,-34,ordinary-nonchecking-capture,1
benchmark:kiwipete:3,kiwipete,46035,12,15,r4k1r/p2P1p2/B5p1/8/8/7p/PbPK1PPP/R6R b - - 0 8,b2a1,500,1,-61,-31,-564,3,13,LOWER,true,true,true,true,static,13,ordinary-nonchecking-capture,2
benchmark:kiwipete:3,kiwipete,49998,8,11,r3k3/p1ppqNB1/Bn2p1p1/3P4/4n3/7P/PPP2P1P/R3K2R b KQ - 0 6,e7f7,320,1,188,207,-135,3,204,EXACT,true,false,true,true,static,204,ordinary-nonchecking-capture,1
benchmark:kiwipete:3,kiwipete,53712,8,11,r3k3/p1ppqp2/Bn2p1p1/3PN3/4n3/1K5P/PPP2P1P/R6R b q - 1 6,b6d5,100,1,492,590,389,3,531,EXACT,true,false,true,true,static,531,ordinary-nonchecking-capture,1
benchmark:kiwipete:3,kiwipete,61573,16,19,r1k4r/p1p3b1/1n6/8/1B2P3/8/P1P1KPQP/R7 b - - 0 10,g7a1,500,1,-104,-95,-607,3,-1,LOWER,true,true,true,true,static,-1,same-target-q-recapture,1
benchmark:kiwipete:3,kiwipete,62753,4,7,r2k3r/p1pp1pb1/Bn3Np1/4q3/1p2P3/5Q1p/PPPB1PPP/R3K2R b KQ - 0 4,g7f6,320,1,-51,-32,-374,3,-28,LOWER,true,true,true,true,static,-28,ordinary-nonchecking-capture,1
benchmark:kiwipete:3,kiwipete,62873,12,15,r2k3r/p1pn2b1/6Q1/8/1p2P3/7p/P1PBKPPP/R7 b - - 0 8,g7a1,500,1,-104,-32,-607,3,-23,LOWER,true,true,true,true,static,-23,same-target-q-recapture,1
benchmark:evasion:3,evasion,18938,10,13,r3k2N/Pppp2pp/5nb1/nPb5/4P3/8/P2P2PP/R6K b q - 0 7,a8a7,100,1,503,516,400,3,522,LOWER,true,true,true,true,static,522,ordinary-nonchecking-capture,4
benchmark:middlegame:3,middlegame,1671,4,7,5rk1/1pp2ppp/r2p1q2/2b1p3/3NP1b1/P1NP4/1PP2PPP/R3QRK1 b - - 0 13,c5d4,320,1,230,252,-93,3,306,LOWER,true,true,true,true,static,306,same-target-q-recapture,1
benchmark:middlegame:3,middlegame,4555,11,14,r4r1k/1pp1nppp/p2p4/2b1p3/2B5/P1N2Q2/1PP3PP/4R2K w - - 0 17,f3b7,100,1,10,12,-93,3,57,LOWER,true,true,true,true,static,57,ordinary-nonchecking-capture,1
benchmark:middlegame:3,middlegame,7911,11,14,r4r1k/1pp1nppp/p2p4/2b1p3/2B5/P1N2Q2/1PP3PP/4R2K w - - 0 17,f3b7,100,1,10,13,-93,3,57,LOWER,true,true,true,true,static,57,ordinary-nonchecking-capture,1
benchmark:middlegame:3,middlegame,9343,6,9,r4rk1/1pp3pp/p1np1q2/2b1N3/4P1Q1/P1NP4/1PP2PPP/4RRK1 b - - 0 14,f6e5,320,1,-22,-10,-345,3,78,LOWER,true,true,true,true,static,78,ordinary-nonchecking-capture,1
benchmark:middlegame:3,middlegame,11318,17,20,2r5/1pp3pp/p1np4/4p2k/6R1/P1NPK3/1PP3PP/8 w - - 1 20,g4g7,100,1,19,22,-84,3,96,LOWER,true,true,true,true,static,96,ordinary-nonchecking-capture,1
benchmark:middlegame:3,middlegame,12537,7,10,4rrk1/1pp2ppp/p1np4/3Bp1q1/4n3/P1NP1Q2/1PP3PP/4RRK1 w - - 0 15,f3e4,320,1,10,14,-313,3,107,LOWER,true,true,true,true,static,107,ordinary-nonchecking-capture,1
benchmark:middlegame:3,middlegame,13209,9,12,r2r2k1/1pp3pp/p1np4/6q1/4P1n1/P1NP2K1/1PP1Q1PP/4RR2 w - - 0 16,e2g4,320,1,10,17,-313,3,54,LOWER,true,true,true,true,static,54,ordinary-nonchecking-capture,1
benchmark:middlegame:3,middlegame,17558,10,13,r4r1k/1pp1Nppp/p1np4/4p3/2B3Q1/P2P4/1PP2KPP/R3n3 b - - 0 16,e1c2,100,1,-11,-10,-114,3,42,LOWER,true,true,true,true,static,42,ordinary-nonchecking-capture,1
benchmark:middlegame:3,middlegame,35820,9,12,r5k1/1pp2ppp/p2b4/3n4/2BpP3/P2P4/1PP2PPP/5RK1 w - - 0 16,c4d5,320,1,106,111,-217,3,147,LOWER,true,true,true,true,static,147,ordinary-nonchecking-capture,1
benchmark:middlegame:3,middlegame,37103,14,17,B5k1/2p2p1p/p2p4/4B3/4P3/P2b4/2P2PPP/b5K1 b - - 0 18,d3e4,100,-1,-104,-65,-207,3,-48,LOWER,true,true,true,true,static,-48,SEE-negative,2
benchmark:middlegame:3,middlegame,38000,11,14,B4rk1/2p2ppp/3p4/n2Np1n1/8/P2P4/1PP3PP/R4bK1 w - - 0 17,a1f1,330,1,74,76,-259,3,124,LOWER,true,true,true,true,static,124,ordinary-nonchecking-capture,1
benchmark:middlegame:3,middlegame,39249,11,14,B2n1rk1/2p2ppp/3p4/3Np1n1/8/P2P4/1PP3PP/R4bK1 w - - 0 17,a1f1,330,1,69,70,-264,3,124,LOWER,true,true,true,true,static,124,ordinary-nonchecking-capture,1
benchmark:middlegame:3,middlegame,42282,9,12,5rk1/2p2pp1/r1np4/3Np1qp/4P1b1/P4N2/1PP3PP/R4RK1 w - - 0 16,f3g5,975,1,79,111,-899,3,126,LOWER,true,true,true,true,static,126,ordinary-nonchecking-capture,1
corpus:tail-kiwipete-e1d1:full,tail-kiwipete-e1d1,1907,7,7,r2k3r/p1ppqPb1/1n3np1/4N3/4P3/5Q1p/PPPpKPPP/R6R w - - 1 5,e5g6,100,1,-263,-173,-365,2,-217,EXACT,true,false,true,true,static,-217,ordinary-nonchecking-capture,1
corpus:tail-kiwipete-e1d1:full,tail-kiwipete-e1d1,5619,9,9,r2k3r/p1ppqPb1/1n3np1/4N3/4P3/8/PPPpKPQP/R6R w - - 1 6,e5g6,100,1,-290,-263,-392,2,-259,LOWER,true,true,true,true,static,-259,ordinary-nonchecking-capture,1
corpus:tail-kiwipete-e1d1:full,tail-kiwipete-e1d1,6537,15,15,r2k4/p1p2p2/1n2P1p1/8/3bP3/7r/PPP2P1P/R2K3R w - - 0 9,e6f7,100,1,-263,-257,-365,2,63,LOWER,true,true,true,true,static,63,ordinary-nonchecking-capture,1
corpus:tail-kiwipete-e1d1:full,tail-kiwipete-e1d1,11515,10,10,r2k3r/p1pPqpb1/1n3np1/4N3/4P3/8/PPPK1PQP/R6R b - - 0 6,e7e5,320,1,282,291,-40,2,400,LOWER,true,true,true,true,static,400,ordinary-nonchecking-capture,1
corpus:tail-kiwipete-e1d1:full,tail-kiwipete-e1d1,11712,11,11,r2k3r/p1pp1Pb1/1n3nQ1/4q3/4P3/8/PPPpKP1P/R6R w - - 0 7,g6g7,330,1,-291,-282,-623,2,-290,EXACT,true,false,true,true,static,-290,ordinary-nonchecking-capture,1
corpus:tail-kiwipete-e1d1:full,tail-kiwipete-e1d1,11931,9,9,r2k3r/p1ppqPb1/1n3np1/4N3/4P3/8/PPPpKPQP/R6R w - - 1 6,e5g6,100,1,-290,-282,-392,2,-276,LOWER,true,true,true,true,static,-276,ordinary-nonchecking-capture,1
corpus:tail-kiwipete-e1d1:full,tail-kiwipete-e1d1,12428,20,20,3r4/p1p2kb1/1n4N1/8/8/7p/P1PBKPPP/R7 b - - 0 11,g7a1,500,1,282,283,-220,2,296,LOWER,true,true,true,true,static,296,same-target-q-recapture,1
corpus:tail-kiwipete-e1d1:lower,tail-kiwipete-e1d1,2177,10,10,r4k1r/p1ppqPb1/1n3np1/4N3/4P3/8/PPP1KPQP/R6R b - - 0 6,e7e5,320,1,299,300,-23,2,311,LOWER,true,true,true,true,static,311,ordinary-nonchecking-capture,1
benchmark:middlegame:2,middlegame,372,10,12,r4k2/1pp3pp/p1np4/6q1/4P1n1/P1NP2K1/1PP1Q1PP/R7 w - - 0 16,e2g4,320,1,-34,56,-356,2,0,EXACT,true,false,true,true,static,0,ordinary-nonchecking-capture,2
benchmark:middlegame:2,middlegame,2397,13,15,R7/1pp1q1pp/p1np2k1/4p1N1/8/P1NP4/1P4PP/1R4K1 b - - 0 17,g6g5,320,1,-4,-3,-326,2,7,LOWER,true,true,true,true,static,7,ordinary-nonchecking-capture,1
benchmark:kiwipete:3,kiwipete,1852,6,9,r6r/p1p1kpb1/4qNp1/3n4/1p2P3/2N5/PPPBKPPP/R6R b - - 0 5,d5f6,320,1,757,805,435,2,779,EXACT,true,false,true,true,static,779,ordinary-nonchecking-capture,1
benchmark:kiwipete:3,kiwipete,3076,14,17,r3k3/p1p3b1/1n6/8/8/2p1K3/PPq2PPP/R6R b q - 1 9,c2b2,100,1,825,842,723,2,1030,LOWER,true,true,true,true,static,1030,ordinary-nonchecking-capture,1
benchmark:kiwipete:3,kiwipete,6474,6,9,r3k2N/p1pp2b1/1n2q1p1/3n4/4P3/2p5/PPPBKPPP/R6R b q - 0 5,c3d2,330,1,830,854,498,2,859,LOWER,true,true,true,true,static,859,ordinary-nonchecking-capture,1
benchmark:kiwipete:3,kiwipete,6874,10,13,r6r/p1pk1pb1/6p1/8/1p2q3/8/PPPBBPPP/R3K2R b KQ - 1 7,g7b2,100,1,726,749,624,2,782,LOWER,true,true,true,true,static,782,ordinary-nonchecking-capture,1
benchmark:kiwipete:3,kiwipete,7154,14,17,r3k2b/p1pn4/6p1/3P4/8/8/P1P1KPPP/R7 b q - 0 9,h8a1,500,1,742,814,240,2,849,LOWER,true,true,true,true,static,849,same-target-q-recapture,1
benchmark:kiwipete:3,kiwipete,23910,8,11,r3kb1N/p1p2p2/1n2qn2/8/4P3/2p5/PPPBKPPP/R6R b q - 0 6,c3d2,330,1,590,649,258,2,861,LOWER,true,true,true,true,static,861,ordinary-nonchecking-capture,1
benchmark:kiwipete:3,kiwipete,24092,8,11,r3kb1N/p1p2p2/1n2qn2/8/4P3/2p5/PPPBKPPP/R6R b q - 0 6,c3d2,330,1,590,643,258,2,861,LOWER,true,true,true,true,static,861,ordinary-nonchecking-capture,2
benchmark:kiwipete:3,kiwipete,24336,6,9,r3kb1N/p1p1q3/1n2pnp1/3P4/4P3/2p5/PPPBKPPP/R6R b q - 0 5,c3d2,330,1,590,641,258,2,647,LOWER,true,true,true,true,static,647,ordinary-nonchecking-capture,1
benchmark:kiwipete:3,kiwipete,25143,10,13,r3k2r/p1p1Npb1/4p3/3P4/2b1n3/8/PPP2PPP/R3K2R b kq - 1 7,e8e7,320,1,590,623,268,2,623,LOWER,true,true,true,true,static,623,ordinary-nonchecking-capture,2
benchmark:kiwipete:3,kiwipete,25299,6,9,r3k2r/p1p1qpb1/4pnp1/3P4/2B1P3/2B5/PPP2PPP/R3K2R b KQkq - 0 5,e6d5,100,1,663,664,561,2,665,LOWER,true,true,true,true,static,665,ordinary-nonchecking-capture,1
benchmark:kiwipete:3,kiwipete,28902,18,21,2N1k3/p1pp2b1/4p3/3P4/8/2P2K2/r1P2PP1/8 b - - 0 11,a2c2,100,1,641,661,539,2,643,EXACT,true,false,true,true,static,643,ordinary-nonchecking-capture,2
benchmark:kiwipete:3,kiwipete,31917,4,7,r3k2r/p1ppq1b1/Bn2pn2/3PN1p1/4P3/2B5/PPP2PPP/R3K2R b KQkq - 0 4,f6e4,100,1,663,686,561,2,690,LOWER,true,true,true,true,static,690,ordinary-nonchecking-capture,1
benchmark:kiwipete:3,kiwipete,32392,8,11,r3k2r/p1pn2b1/4qn2/6B1/1p2P3/8/PPP1NPPP/R3K2R b KQkq - 0 6,e6e4,100,1,663,686,561,2,923,LOWER,true,true,true,true,static,923,ordinary-nonchecking-capture,2
benchmark:kiwipete:3,kiwipete,32699,18,21,7r/p5b1/4kn2/6B1/4P3/8/P1q2PPP/R4K2 b - - 1 11,c2e4,100,1,663,686,561,2,809,LOWER,true,true,true,true,static,809,ordinary-nonchecking-capture,5
benchmark:kiwipete:3,kiwipete,32986,18,21,7r/p5b1/4kn2/6B1/4P3/8/P1q2PPP/R4K2 b - - 1 11,c2e4,100,1,663,672,561,2,809,LOWER,true,true,true,true,static,809,ordinary-nonchecking-capture,1
benchmark:kiwipete:3,kiwipete,43118,15,18,r1kq3Q/p1pn4/4p1p1/3P4/8/8/PpP2PPP/R3K2R w - - 1 10,h8b2,100,1,273,290,171,2,468,LOWER,true,true,true,true,static,468,ordinary-nonchecking-capture,1
benchmark:kiwipete:3,kiwipete,43297,15,18,r3kn1Q/p1p1q3/4p1p1/3P4/8/8/PpP2PPP/R3K2R w - - 1 10,h8b2,100,1,273,290,171,2,334,LOWER,true,true,true,true,static,334,ordinary-nonchecking-capture,1
benchmark:kiwipete:3,kiwipete,44931,17,20,Q6r/p1pp1kb1/Bn2p1p1/8/8/8/PPP1K2P/3n3R w - - 1 11,a8a7,100,1,273,276,171,2,274,EXACT,true,false,true,true,static,274,ordinary-nonchecking-capture,3
benchmark:kiwipete:3,kiwipete,50591,6,9,r5k1/p1pnqpb1/Bn2P1p1/8/1p2P3/2N4P/PPPB1P1P/R3K2R b KQ - 0 5,e7e6,100,1,220,223,118,2,238,LOWER,true,true,true,true,static,238,same-target-q-recapture,1
benchmark:kiwipete:3,kiwipete,60450,13,16,n2k4/p2p1pb1/5np1/8/1p6/7r/PPPB1P1P/R2K3R w - - 0 9,d2b4,100,1,32,33,-70,2,69,LOWER,true,true,true,true,static,69,ordinary-nonchecking-capture,1
benchmark:evasion:3,evasion,16807,12,15,4k2N/rppp2pp/5nb1/nP6/B3P3/8/P5PP/R6K b - - 0 8,g6e4,100,1,466,472,364,2,558,LOWER,true,true,true,true,static,558,ordinary-nonchecking-capture,1
benchmark:middlegame:3,middlegame,487,14,17,6k1/2p2ppp/3p4/2b1p3/4P3/R1PP1q2/2P2P1P/5RK1 b - - 0 18,c5a3,500,1,723,751,221,2,850,LOWER,true,true,true,true,static,850,same-target-q-recapture,1
benchmark:middlegame:3,middlegame,498,14,17,6k1/2p2ppp/3p4/2b1p3/4P3/R1PP1q2/2P2P1P/5RK1 b - - 0 18,c5a3,500,1,723,760,221,2,850,LOWER,true,true,true,true,static,850,same-target-q-recapture,1
benchmark:middlegame:3,middlegame,13128,9,12,r1r3k1/1pp3pp/p1np4/6q1/4P1n1/P1NP2K1/1PP1Q1PP/4RR2 w - - 0 16,e2g4,320,1,10,17,-312,2,53,LOWER,true,true,true,true,static,53,ordinary-nonchecking-capture,1
benchmark:middlegame:3,middlegame,14145,6,9,r4rk1/1pp3pp/p1np4/2b1p1B1/4N3/P2P1Q1P/1PP2P1P/4RRK1 b - - 0 14,f8f3,975,1,-17,-10,-994,2,75,LOWER,true,true,true,true,static,75,same-target-q-recapture,1
benchmark:middlegame:3,middlegame,14183,16,19,r5k1/1pp2Rpp/p1np4/2b5/8/P1N5/1PP4P/4Q2K b - - 0 19,g8f7,500,1,-17,-10,-519,2,118,LOWER,true,true,true,true,static,118,same-target-q-recapture,1
benchmark:middlegame:3,middlegame,31564,11,14,r5k1/2p1Bppp/2np4/3Np3/4n3/P2P4/1PP3PP/R3Kb2 w - - 0 17,e1f1,330,1,40,74,-292,2,60,EXACT,true,false,true,true,static,60,ordinary-nonchecking-capture,1
benchmark:middlegame:3,middlegame,32764,13,16,8/1pp2pkp/r1np4/3Np3/4P3/P7/1PP3PP/R3Kb2 w - - 0 18,e1f1,330,1,10,13,-322,2,32,LOWER,true,true,true,true,static,32,ordinary-nonchecking-capture,4
benchmark:middlegame:3,middlegame,36449,16,19,B7/2p2pkp/p7/8/3b4/P7/1PP2PbP/R5K1 b - - 0 19,g2a8,330,1,-59,-10,-391,2,-12,EXACT,true,false,true,true,static,-12,same-target-q-recapture,1
corpus:tail-kiwipete-e1d1:full,tail-kiwipete-e1d1,6307,11,11,r2k3b/p1pp1q2/1n3n2/8/4P3/7p/PPPpQPPP/R2K3R w - - 0 7,g2h3,100,1,-263,-246,-364,1,-198,LOWER,true,true,true,true,static,-198,ordinary-nonchecking-capture,1
corpus:tail-kiwipete-e1d1:full,tail-kiwipete-e1d1,11710,9,9,r2k3r/p1ppqPb1/1n3np1/4N3/4P3/8/PPPpKPQP/R6R w - - 1 6,g2g6,100,1,-291,-282,-392,1,-290,EXACT,true,false,true,false,static,-276,ordinary-nonchecking-capture,1
corpus:tail-kiwipete-e1d1:full,tail-kiwipete-e1d1,15286,18,18,r2k3N/p1pp1Pb1/1n6/8/4n3/8/PPP2P1P/3bK2R b - - 1 10,d1c2,100,1,282,283,181,1,368,LOWER,true,true,true,true,static,368,ordinary-nonchecking-capture,1
corpus:tail-kiwipete-e1d1:full,tail-kiwipete-e1d1,17214,16,16,r3k2b/p1pp1p2/1n6/8/4n3/8/PPP1KP1P/R6R b q - 1 9,h8b2,100,1,282,291,181,1,355,LOWER,true,true,true,true,static,355,ordinary-nonchecking-capture,1
benchmark:kiwipete:2,kiwipete,3898,13,15,7r/p1ppk3/Bn2P1p1/8/4n3/2P4p/P1P2PPP/R4K1R b - - 0 8,e7e6,100,1,-310,-289,-411,1,-286,LOWER,true,true,true,true,static,-286,ordinary-nonchecking-capture,2
benchmark:kiwipete:2,kiwipete,5656,19,21,r4k2/p2P4/1n4p1/8/8/8/P1PK1P1P/R7 b - - 0 11,b6d7,100,1,-421,-369,-522,1,17,LOWER,true,true,true,true,static,17,ordinary-nonchecking-capture,4
benchmark:evasion:2,evasion,9527,12,14,4k2r/1ppp1ppp/5n1N/rP6/B2Q4/5P2/Rp5P/5R1K w k - 0 8,d4b2,100,1,658,693,557,1,826,LOWER,true,true,true,true,static,826,ordinary-nonchecking-capture,2
benchmark:middlegame:2,middlegame,6575,7,9,B4rk1/2p1qppp/p2p1B2/4p3/4P1b1/P2P1N2/2P1QPPP/b4RK1 b - - 0 14,e7f6,330,1,-19,-13,-350,1,11,LOWER,true,true,true,true,static,11,same-target-q-recapture,3
benchmark:kiwipete:3,kiwipete,1611,9,12,r7/p1pp1kb1/5n2/8/1p2q3/2P5/P1PBbPPP/R3K2R w KQ - 0 7,c3b4,100,1,-780,-776,-881,1,-755,LOWER,true,true,true,true,static,-755,ordinary-nonchecking-capture,1
benchmark:kiwipete:3,kiwipete,6144,12,15,r3k3/p1pp4/1n4q1/8/1p6/2b1K3/PPP2PPP/R6R b q - 0 8,g6c2,100,1,793,854,692,1,989,LOWER,true,true,true,true,static,989,ordinary-nonchecking-capture,1
benchmark:kiwipete:3,kiwipete,6658,7,10,r3k2r/p1p2pb1/5qp1/3p4/4P3/2p5/PPPBKPPP/R6R w kq - 0 6,d2c3,100,1,-839,-620,-940,1,-817,EXACT,true,false,true,true,static,-817,same-target-q-recapture,1
benchmark:kiwipete:3,kiwipete,8200,4,7,r2k3r/p1ppq1b1/Bn2pnp1/3PN3/4P3/2B5/PPP2PPP/R3K2R b KQ - 0 4,e6d5,100,1,633,657,532,1,653,EXACT,true,false,true,true,static,653,ordinary-nonchecking-capture,1
benchmark:kiwipete:3,kiwipete,14386,10,13,3rk2b/p1p1qp2/1n3B2/3p4/4P3/8/PPP1KPPP/R6R b - - 0 7,e7f6,330,1,590,598,259,1,639,LOWER,true,true,true,true,static,639,same-target-q-recapture,1
benchmark:kiwipete:3,kiwipete,18158,6,9,r3k2r/p1ppq1b1/4pnp1/3P4/2N1P3/2B5/PPP2PPP/R3K2R b KQkq - 0 5,f6e4,100,1,673,693,572,1,717,LOWER,true,true,true,true,static,717,ordinary-nonchecking-capture,1
benchmark:kiwipete:3,kiwipete,24241,8,11,r3kb1r/p1p1Np2/bn2p3/3P4/4n3/8/PPP1BPPP/R2K3R b kq - 1 6,e8e7,320,1,590,591,269,1,593,LOWER,true,true,true,true,static,593,ordinary-nonchecking-capture,1
benchmark:kiwipete:3,kiwipete,31778,6,9,r3k2r/p1p1qNb1/1n2Pn2/6B1/4P3/2p5/PPP1bPPP/R3K2R b KQkq - 0 5,e7e6,100,1,590,657,489,1,730,LOWER,true,true,true,true,static,730,ordinary-nonchecking-capture,1
benchmark:kiwipete:3,kiwipete,35139,6,9,r3k2N/p3q1b1/1n2pnp1/2pP4/4P3/2p5/PPPBKPPP/R6R b q - 0 5,c3d2,330,1,590,641,259,1,690,LOWER,true,true,true,true,static,690,ordinary-nonchecking-capture,1
benchmark:kiwipete:3,kiwipete,41342,14,17,7r/p1pP4/Bn1k4/8/1p6/2P4p/P1P2PPP/R4nK1 b - - 0 9,d6d7,100,1,-310,-273,-411,1,-250,LOWER,true,true,true,true,static,-250,ordinary-nonchecking-capture,2
benchmark:kiwipete:3,kiwipete,44025,12,15,2rk3N/p1pp4/1n2P3/8/1p6/2b4P/PPPn1P1P/R3K2R b KQ - 0 8,c3b2,100,1,-281,-273,-382,1,-237,LOWER,true,true,true,true,static,-237,ordinary-nonchecking-capture,1
benchmark:kiwipete:3,kiwipete,51992,16,19,8/p1pn1k2/1n2q1p1/8/4P3/2P4P/P1P2P1P/R2K3R b - - 0 10,e6e4,100,1,28,76,-73,1,359,LOWER,true,true,true,true,static,359,ordinary-nonchecking-capture,1
benchmark:kiwipete:3,kiwipete,54445,8,11,r3k3/p1ppqp2/B3P1p1/4b3/1p6/2P4P/P1PB1P1P/R3K2R b KQq - 0 6,e7e6,100,1,145,148,44,1,196,LOWER,true,true,true,true,static,196,same-target-q-recapture,1
benchmark:kiwipete:3,kiwipete,61266,14,17,r2k3r/p1pn4/6Q1/8/1p2P3/7P/P1PBKP1P/b7 b - - 0 9,h8h3,100,1,-50,-32,-151,1,44,LOWER,true,true,true,true,static,44,ordinary-nonchecking-capture,2
benchmark:middlegame:3,middlegame,8429,11,14,5r1k/1pp2ppp/p1np4/3Np3/2B1n3/P2P4/1PP3PP/4RK2 w - - 0 17,e1e4,320,1,20,22,-301,1,61,LOWER,true,true,true,true,static,61,ordinary-nonchecking-capture,1
benchmark:middlegame:3,middlegame,9569,14,17,3r1rk1/1pp3pp/p1np4/2b1N3/6Q1/P1N5/1PP3PP/4R2K b - - 0 18,c6e5,320,1,-22,-10,-343,1,50,LOWER,true,true,true,true,static,50,ordinary-nonchecking-capture,1
benchmark:middlegame:3,middlegame,14923,4,7,r3kr2/1ppbq1pp/p1Np1n2/2b3B1/4P3/P1NP4/1PP1QPPP/4RRK1 b - - 0 13,d7c6,320,1,-17,-10,-338,1,37,LOWER,true,true,true,true,static,37,same-target-q-recapture,1
benchmark:middlegame:3,middlegame,15470,6,9,r4rk1/1pp3pp/p1np1q2/4N3/3bP1Q1/P1NP4/1PP2PPP/4RRK1 b - - 0 14,f6e5,320,1,-17,-10,-338,1,87,LOWER,true,true,true,true,static,87,ordinary-nonchecking-capture,1
benchmark:middlegame:3,middlegame,24210,13,16,B4rk1/2p2ppp/p2p4/4p1N1/8/P1Pn4/2P3PP/R4K2 w - - 0 18,c2d3,320,1,10,13,-311,1,120,LOWER,true,true,true,true,static,120,same-target-q-recapture,1
benchmark:middlegame:3,middlegame,26609,12,15,5r1k/2p1Nppp/2Bp4/4p1B1/4n3/P7/1PP3PP/R4bK1 b - - 0 17,f1g2,100,-1,-47,-44,-148,1,84,LOWER,true,true,true,true,static,84,SEE-negative,1
benchmark:middlegame:3,middlegame,32142,14,17,r3r2k/6pp/p1Qp4/3Np3/8/P2P4/1PP3qP/R3KR2 b - - 0 18,g2h2,100,1,-92,-67,-193,1,-53,LOWER,true,true,true,true,static,-53,ordinary-nonchecking-capture,1
benchmark:middlegame:3,middlegame,36245,15,18,r5k1/1Bp2ppp/p7/8/4P3/P2P4/5PPP/b5K1 w - - 0 19,b7a8,500,1,10,105,-491,1,145,LOWER,true,true,true,true,static,145,ordinary-nonchecking-capture,1
benchmark:middlegame:3,middlegame,36422,16,19,r7/1Bp2pkp/p7/8/3b4/P7/1PP2PKP/R7 b - - 0 19,d4b2,100,1,-59,-10,-160,1,0,LOWER,true,true,true,true,static,0,ordinary-nonchecking-capture,1
benchmark:middlegame:3,middlegame,36453,16,19,r7/1Bp2pkp/p7/8/3b4/P7/1PP2PKP/R7 b - - 0 19,d4b2,100,1,-59,-12,-160,1,0,LOWER,true,true,true,true,static,0,ordinary-nonchecking-capture,1
benchmark:middlegame:3,middlegame,36825,12,15,r5k1/1pp2p1p/p2p4/3BB3/3bP3/P7/1PP2P1P/R5K1 b - - 0 17,d4e5,330,1,-104,-10,-435,1,-23,EXACT,true,false,true,false,static,0,ordinary-nonchecking-capture,1
