fixture,node_fen,qply,path_ply,move,gain,see_sign,en_passant,stand_pat,raw_delta_bound,move_exact_score,node_exact_best,relation_to_best,selected_line_cause,unique_mate,unique_draw,child_kind,primary_eligible,post_move_static,continuation_gain
"winning","4k3/8/8/3q4/4P3/8/8/4K3 w - - 0 1","0","0","e4d5","975","1","false","-731","244","413","413","uniquely-best","static","false","false","nonterminal","true","413","0"
"losing-defended","3rk3/8/8/3Q4/8/8/8/4K3 b - - 0 1","1","1","d8d5","975","1","false","-529","446","737","737","uniquely-best","static","false","false","nonterminal","true","737","0"
"losing-defended","3rk3/8/8/3p4/8/8/8/3QK3 w - - 0 1","0","0","d1d5","100","-1","false","6","106","-737","6","below","static","false","false","nonterminal","true","529","-1266"
"equal-defended","Rq2k3/8/8/8/8/8/8/4K3 b - - 0 1","1","1","b8a8","500","1","false","357","857","1024","1024","uniquely-best","static","false","false","nonterminal","true","1024","0"
"equal-defended","rq2k3/8/8/8/8/8/8/R3K3 w - - 0 1","0","0","a1a8","500","1","false","-989","-489","-1024","-989","below","static","false","false","nonterminal","true","-357","-667"
"bishop-xray","4k3/8/8/8/3b4/8/8/3RK3 w - - 0 2","2","2","d1d4","330","1","false","306","636","737","737","uniquely-best","static","false","false","nonterminal","true","737","0"
"bishop-xray","4k3/6b1/8/8/3Q4/8/8/3RK3 b - - 0 1","1","1","g7d4","975","1","false","-1409","-434","-737","-737","uniquely-best","static","false","false","nonterminal","true","-306","-431"
"bishop-xray","4k3/6b1/8/8/3p4/8/3Q4/3RK3 w - - 0 1","0","0","d2d4","100","-1","false","877","977","737","877","below","static","false","false","nonterminal","true","1409","-672"
"diagonal-xray","4k3/8/6b1/8/8/3Q4/8/1B2K3 b - - 0 1","1","1","g6d3","975","1","false","-1058","-83","0","0","uniquely-best","insufficient","false","true","insufficient","false","",""
"diagonal-xray","4k3/8/6b1/8/8/3r4/2Q5/1B2K3 w - - 0 1","0","0","c2d3","500","-1","false","284","784","0","284","below","insufficient","false","false","nonterminal","true","1058","-1058"
"successive-xrays","8/7k/3r4/8/8/8/8/K2R4 w - - 0 4","6","6","d1d6","500","1","false","-3","497","715","715","uniquely-best","static","false","false","nonterminal","true","715","0"
"successive-xrays","8/3r3k/3Q4/8/8/8/8/K2R4 b - - 0 3","5","5","d7d6","975","1","false","-1057","-82","-715","-715","uniquely-best","static","false","false","nonterminal","true","3","-718"
"successive-xrays","8/3r3k/3q4/8/3Q4/8/8/K2R4 w - - 1 3","4","4","d4d6","975","1","false","45","1020","715","715","uniquely-best","static","false","false","nonterminal","true","1057","-342"
"successive-xrays","6k1/8/3r4/8/8/8/8/K2R4 w - - 0 4","6","6","d1d6","500","1","false","-4","496","722","722","uniquely-best","static","false","false","nonterminal","true","722","0"
"successive-xrays","6k1/3r4/3Q4/8/8/8/8/K2R4 b - - 0 3","5","5","d7d6","975","1","false","-1103","-128","-722","-722","uniquely-best","static","false","false","nonterminal","true","4","-726"
"successive-xrays","6k1/3r4/3q4/8/3Q4/8/8/K2R4 w - - 1 3","4","4","d4d6","975","1","false","60","1035","722","722","uniquely-best","static","false","false","nonterminal","true","1103","-381"
"successive-xrays","7k/3r4/8/8/3q4/8/K7/3R4 b - - 1 3","5","5","d4d1","500","1","false","1113","1613","1773","1773","uniquely-best","static","false","false","nonterminal","true","1773","0"
"successive-xrays","7k/3r4/8/8/3R4/8/8/K7 b - - 0 3","5","5","d7d4","500","1","false","-2","498","709","709","uniquely-best","static","false","false","nonterminal","true","709","0"
"successive-xrays","6k1/3r4/8/4Q3/8/8/8/K2R4 w - - 1 4","6","6","d1d7","500","1","false","1091","1591","1854","1854","uniquely-best","static","false","false","nonterminal","true","1854","0"
"successive-xrays","6k1/3r4/5Q2/8/8/8/8/K2R4 w - - 1 4","6","6","d1d7","500","1","false","1190","1690","0","1190","below","stalemate","false","false","stalemate","false","",""
"successive-xrays","8/6k1/3q4/8/8/8/8/K2R4 w - - 0 4","6","6","d1d6","975","1","false","-376","599","721","721","uniquely-best","static","false","false","nonterminal","true","721","0"
"successive-xrays","7k/6r1/3q4/8/3Q4/8/8/K2R4 w - - 1 3","4","4","d4d6","975","1","false","25","1000","1067","1067","uniquely-best","static","false","false","nonterminal","true","1067","0"
"successive-xrays","7k/3r4/3q4/3r4/3R4/8/3Q4/K2R4 b - - 0 1","1","1","d5d4","500","1","false","6","506","682","682","uniquely-best","static","false","false","nonterminal","true","682","0"
"successive-xrays","7k/3r4/3q4/3r4/3p4/3R4/3Q4/K2R4 w - - 0 1","0","0","d3d4","100","-1","false","-306","-206","-682","-306","below","static","false","false","nonterminal","true","-6","-676"
"pinned-defender","8/3k4/8/4p3/5P2/8/8/4K3 w - - 0 2","2","2","f4e5","100","1","false","-16","84","386","386","uniquely-best","static","false","false","nonterminal","true","386","0"
"pinned-defender","8/3Bk3/8/4P3/8/8/8/4K3 b - - 0 2","3","3","e7d7","330","1","false","-777","-447","-386","-386","uniquely-best","static","false","false","nonterminal","true","-386","0"
"pinned-defender","8/3Bk3/8/4p3/5P2/8/8/4K3 w - - 1 2","2","2","f4e5","100","1","false","374","474","386","386","uniquely-best","static","false","false","nonterminal","true","777","-391"
"pinned-defender","8/3B1k2/8/4p3/5P2/8/8/4K3 w - - 1 2","2","2","f4e5","100","1","false","377","477","780","780","uniquely-best","static","false","false","nonterminal","true","780","0"
"pinned-defender","3k4/3B4/8/4P3/8/8/8/4K3 b - - 0 2","3","3","d8d7","330","1","false","-802","-472","-386","-386","uniquely-best","static","false","false","nonterminal","true","-386","0"
"pinned-defender","3k4/3B4/8/4p3/5P2/8/8/4K3 w - - 1 2","2","2","f4e5","100","1","false","379","479","386","386","uniquely-best","static","false","false","nonterminal","true","802","-416"
"pinned-defender","5k2/3B4/8/4p3/5P2/8/8/4K3 w - - 1 2","2","2","f4e5","100","1","false","381","481","804","804","uniquely-best","static","false","false","nonterminal","true","804","0"
"pinned-defender","4k3/3n4/8/1B2p3/5P2/8/8/4K3 w - - 0 1","0","0","f4e5","100","1","false","86","186","514","514","uniquely-best","static","false","false","nonterminal","true","514","0"
"unsafe-king-recapture","8/8/4k3/3r4/8/1B6/8/3RK3 w - - 0 1","0","0","d1d5","500","1","false","378","878","1131","1131","uniquely-best","static","false","false","nonterminal","true","1131","0"
"ep-winning","4k3/8/8/3pP3/8/8/8/4K3 w - d6 0 1","0","0","e5d6","100","1","true","29","129","434","434","uniquely-best","static","false","false","nonterminal","true","434","0"
"ep-defended","4k3/8/3P4/8/3r4/8/8/4K3 b - - 0 1","1","1","d4d6","100","1","false","285","385","734","734","uniquely-best","static","false","false","nonterminal","true","734","0"
"ep-defended","4k3/8/8/3pP3/3r4/8/8/4K3 w - d6 0 1","0","0","e5d6","100","1","true","-682","-582","-734","-682","below","static","false","false","nonterminal","true","-285","-449"
"ep-black","4k3/8/8/3R4/8/3p4/8/4K3 w - - 0 2","1","1","d5d3","100","1","false","285","385","734","734","uniquely-best","static","false","false","nonterminal","true","734","0"
"ep-black","4k3/8/8/3R4/3Pp3/8/8/4K3 b - d3 0 1","0","0","e4d3","100","1","true","-682","-582","-734","-682","below","static","false","false","nonterminal","true","-285","-449"
"defended-quiet-promotion","Q7/6k1/r7/8/8/8/8/7K w - - 1 2","2","2","a8a6","500","1","false","407","907","1081","1081","uniquely-best","static","false","false","nonterminal","true","1081","0"
"defended-quiet-promotion","Q7/7k/r7/8/8/8/8/7K w - - 1 2","2","2","a8a6","500","1","false","394","894","1066","1066","uniquely-best","static","false","false","nonterminal","true","1066","0"
"defended-quiet-promotion","R7/6k1/r7/8/8/8/8/7K w - - 1 2","2","2","a8a6","500","1","false","13","513","717","717","uniquely-best","static","false","false","nonterminal","true","717","0"
"defended-quiet-promotion","R7/7k/r7/8/8/8/8/7K w - - 1 2","2","2","a8a6","500","1","false","7","507","715","715","uniquely-best","static","false","false","nonterminal","true","715","0"
"defended-quiet-promotion","B6k/8/r7/8/8/8/8/7K b - - 0 1","1","1","a6a8","330","1","false","352","682","691","691","uniquely-best","static","false","false","nonterminal","true","691","0"
"defended-quiet-promotion","N6k/8/r7/8/8/8/8/7K b - - 0 1","1","1","a6a8","320","1","false","489","809","691","691","uniquely-best","static","false","false","nonterminal","true","691","0"
"promotion-stalemate-resource","1Q1r4/8/8/8/8/8/K1k5/8 b - - 0 2","3","3","d8b8","975","1","false","-435","540","755","755","uniquely-best","static","false","false","nonterminal","true","755","0"
"promotion-stalemate-resource","1Q1r4/8/8/8/8/8/p1k5/K7 w - - 1 2","2","2","a1a2","100","1","false","-198","-98","-755","462","below","static","false","false","nonterminal","true","435","-1190"
"promotion-stalemate-resource","1Q1r4/8/8/8/8/8/p1k5/K7 w - - 1 2","2","2","b8d8","500","1","false","-198","302","462","462","uniquely-best","static","false","false","nonterminal","true","462","0"
"promotion-stalemate-resource","1Q1r4/8/8/8/8/k7/p7/K7 w - - 1 2","2","2","b8d8","500","1","false","-234","266","349","349","uniquely-best","static","false","false","nonterminal","true","349","0"
"promotion-stalemate-resource","1Q1r4/8/8/8/8/2k5/K7/8 b - - 0 2","3","3","d8b8","975","1","false","-456","519","758","758","uniquely-best","static","false","false","nonterminal","true","758","0"
"promotion-stalemate-resource","1Q1r4/8/8/8/8/2k5/p7/K7 w - - 1 2","2","2","a1a2","100","1","false","-177","-77","-758","484","below","static","false","false","nonterminal","true","456","-1214"
"promotion-stalemate-resource","1Q1r4/8/8/8/8/2k5/p7/K7 w - - 1 2","2","2","b8d8","500","1","false","-177","323","484","484","uniquely-best","static","false","false","nonterminal","true","484","0"
"promotion-stalemate-resource","1Q1r4/8/8/8/k7/8/K7/8 b - - 0 2","3","3","d8b8","975","1","false","-467","508","756","756","uniquely-best","static","false","false","nonterminal","true","756","0"
"promotion-stalemate-resource","1Q1r4/8/8/8/k7/8/p7/K7 w - - 1 2","2","2","a1a2","100","1","false","-166","-66","-756","424","below","static","false","false","nonterminal","true","467","-1223"
"promotion-stalemate-resource","1Q1r4/8/8/8/k7/8/p7/K7 w - - 1 2","2","2","b8d8","500","1","false","-166","334","424","424","uniquely-best","static","false","false","nonterminal","true","424","0"
"promotion-stalemate-resource","1Q1r4/8/8/8/2k5/8/K7/8 b - - 0 2","3","3","d8b8","975","1","false","-446","529","762","762","uniquely-best","static","false","false","nonterminal","true","762","0"
"promotion-stalemate-resource","1Q1r4/8/8/8/2k5/8/p7/K7 w - - 1 2","2","2","a1a2","100","1","false","-187","-87","-762","477","below","static","false","false","nonterminal","true","446","-1208"
"promotion-stalemate-resource","1Q1r4/8/8/8/2k5/8/p7/K7 w - - 1 2","2","2","b8d8","500","1","false","-187","313","477","477","uniquely-best","static","false","false","nonterminal","true","477","0"
"promotion-stalemate-resource","1R1r4/8/8/8/8/8/K1k5/8 b - - 0 2","3","3","d8b8","500","1","false","-19","481","755","755","uniquely-best","static","false","false","nonterminal","true","755","0"
"promotion-stalemate-resource","1R1r4/8/8/8/8/8/p1k5/K7 w - - 1 2","2","2","a1a2","100","1","false","-612","-512","-755","108","below","static","false","false","nonterminal","true","19","-774"
"promotion-stalemate-resource","1R1r4/8/8/8/8/8/p1k5/K7 w - - 1 2","2","2","b8d8","500","1","false","-612","-112","108","108","uniquely-best","static","false","false","nonterminal","true","108","0"
"promotion-stalemate-resource","1R1r4/8/8/8/8/k7/p7/K7 w - - 1 2","2","2","b8d8","500","1","false","-673","-173","20","20","uniquely-best","static","false","false","nonterminal","true","20","0"
"promotion-stalemate-resource","1R1r4/8/8/8/8/2k5/K7/8 b - - 0 2","3","3","d8b8","500","1","false","-27","473","758","758","uniquely-best","static","false","false","nonterminal","true","758","0"
"promotion-stalemate-resource","1R1r4/8/8/8/8/2k5/p7/K7 w - - 1 2","2","2","a1a2","100","1","false","-604","-504","-758","115","below","static","false","false","nonterminal","true","27","-785"
"promotion-stalemate-resource","1R1r4/8/8/8/8/2k5/p7/K7 w - - 1 2","2","2","b8d8","500","1","false","-604","-104","115","115","uniquely-best","static","false","false","nonterminal","true","115","0"
"promotion-stalemate-resource","1R1r4/8/8/8/k7/8/K7/8 b - - 0 2","3","3","d8b8","500","1","false","-32","468","756","756","uniquely-best","static","false","false","nonterminal","true","756","0"
"promotion-stalemate-resource","1R1r4/8/8/8/k7/8/p7/K7 w - - 1 2","2","2","a1a2","100","1","false","-599","-499","-756","92","below","static","false","false","nonterminal","true","32","-788"
"promotion-stalemate-resource","1R1r4/8/8/8/k7/8/p7/K7 w - - 1 2","2","2","b8d8","500","1","false","-599","-99","92","92","uniquely-best","static","false","false","nonterminal","true","92","0"
"promotion-stalemate-resource","1R1r4/8/8/8/2k5/8/K7/8 b - - 0 2","3","3","d8b8","500","1","false","-24","476","762","762","uniquely-best","static","false","false","nonterminal","true","762","0"
"promotion-stalemate-resource","1R1r4/8/8/8/2k5/8/p7/K7 w - - 1 2","2","2","a1a2","100","1","false","-607","-507","-762","109","below","static","false","false","nonterminal","true","24","-786"
"promotion-stalemate-resource","1R1r4/8/8/8/2k5/8/p7/K7 w - - 1 2","2","2","b8d8","500","1","false","-607","-107","109","109","uniquely-best","static","false","false","nonterminal","true","109","0"
"promotion-stalemate-resource","1B1r4/8/8/8/8/1k6/p7/K7 b - - 0 1","1","1","d8b8","330","1","false","1079","1409","0","1079","below","stalemate","false","false","stalemate","false","",""
"promotion-stalemate-resource","1N1r4/8/8/8/8/1k6/p7/K7 b - - 0 1","1","1","d8b8","320","1","false","1205","1525","0","1205","below","stalemate","false","false","stalemate","false","",""
"promotion-positional-resource","1Q1r4/8/8/7q/8/8/K1k5/8 b - - 0 2","3","3","d8b8","975","1","false","617","1592","1715","1715","uniquely-best","static","false","false","nonterminal","true","1715","0"
"promotion-positional-resource","1Q1r4/8/8/7q/8/8/p1k5/K7 w - - 1 2","2","2","a1a2","100","1","false","-1014","-914","-1715","-346","below","static","false","false","nonterminal","true","-617","-1098"
"promotion-positional-resource","1Q1r4/8/8/7q/8/8/p1k5/K7 w - - 1 2","2","2","b8d8","500","1","false","-1014","-514","-346","-346","uniquely-best","static","false","false","nonterminal","true","-346","0"
"promotion-positional-resource","1Q1r4/8/8/7q/8/k7/p7/K7 w - - 1 2","2","2","b8d8","500","1","false","-983","-483","-389","-389","uniquely-best","static","false","false","nonterminal","true","-389","0"
"promotion-positional-resource","1Q1r4/8/8/7q/8/2k5/K7/8 b - - 0 2","3","3","d8b8","975","1","false","586","1561","1719","1719","uniquely-best","static","false","false","nonterminal","true","1719","0"
"promotion-positional-resource","1Q1r4/8/8/7q/8/2k5/p7/K7 w - - 1 2","2","2","a1a2","100","1","false","-983","-883","-1719","-318","below","static","false","false","nonterminal","true","-586","-1133"
"promotion-positional-resource","1Q1r4/8/8/7q/8/2k5/p7/K7 w - - 1 2","2","2","b8d8","500","1","false","-983","-483","-318","-318","uniquely-best","static","false","false","nonterminal","true","-318","0"
"promotion-positional-resource","1Q1r4/8/8/7q/k7/8/K7/8 b - - 0 2","3","3","d8b8","975","1","false","587","1562","1719","1719","uniquely-best","static","false","false","nonterminal","true","1719","0"
"promotion-positional-resource","1Q1r4/8/8/7q/k7/8/p7/K7 w - - 1 2","2","2","a1a2","100","1","false","-984","-884","-1719","-386","below","static","false","false","nonterminal","true","-587","-1132"
"promotion-positional-resource","1Q1r4/8/8/7q/k7/8/p7/K7 w - - 1 2","2","2","b8d8","500","1","false","-984","-484","-386","-386","uniquely-best","static","false","false","nonterminal","true","-386","0"
"promotion-positional-resource","1Q1r4/8/8/7q/2k5/8/K7/8 b - - 0 2","3","3","d8b8","975","1","false","589","1564","1725","1725","uniquely-best","static","false","false","nonterminal","true","1725","0"
"promotion-positional-resource","1Q1r4/8/8/7q/2k5/8/p7/K7 w - - 1 2","2","2","a1a2","100","1","false","-986","-886","-1725","-321","below","static","false","false","nonterminal","true","-589","-1136"
"promotion-positional-resource","1Q1r4/8/8/7q/2k5/8/p7/K7 w - - 1 2","2","2","b8d8","500","1","false","-986","-486","-321","-321","uniquely-best","static","false","false","nonterminal","true","-321","0"
"promotion-positional-resource","3r4/8/8/1Q6/8/8/p1k5/K7 w - - 1 3","4","4","a1a2","100","1","false","-140","-40","493","493","uniquely-best","static","false","false","nonterminal","true","493","0"
"promotion-positional-resource","3r4/8/8/1Q6/8/2k5/p7/K7 w - - 1 3","4","4","a1a2","100","1","false","-75","25","558","558","uniquely-best","static","false","false","nonterminal","true","558","0"
"promotion-positional-resource","1Q1r4/8/8/1q6/8/1k6/p7/K7 w - - 1 2","2","2","b8d8","500","1","false","-1078","-578","-405","-175","below","static","false","false","nonterminal","true","-405","0"
"promotion-positional-resource","1R1r4/8/8/7q/8/8/K1k5/8 b - - 0 2","3","3","d8b8","500","1","false","985","1485","1715","1715","uniquely-best","static","false","false","nonterminal","true","1715","0"
"promotion-positional-resource","1R1r4/8/8/7q/8/8/p1k5/K7 w - - 1 2","2","2","a1a2","100","1","false","-1384","-1284","-1715","-766","below","static","false","false","nonterminal","true","-985","-730"
"promotion-positional-resource","1R1r4/8/8/7q/8/8/p1k5/K7 w - - 1 2","2","2","b8d8","500","1","false","-1384","-884","-766","-766","uniquely-best","static","false","false","nonterminal","true","-766","0"
"promotion-positional-resource","1R1r4/8/8/7q/8/k7/p7/K7 w - - 1 2","2","2","b8d8","500","1","false","-1370","-870","-787","-787","uniquely-best","static","false","false","nonterminal","true","-787","0"
"promotion-positional-resource","1R1r4/8/8/7q/8/2k5/K7/8 b - - 0 2","3","3","d8b8","500","1","false","976","1476","1719","1719","uniquely-best","static","false","false","nonterminal","true","1719","0"
"promotion-positional-resource","1R1r4/8/8/7q/8/2k5/p7/K7 w - - 1 2","2","2","a1a2","100","1","false","-1375","-1275","-1719","-752","below","static","false","false","nonterminal","true","-976","-743"
"promotion-positional-resource","1R1r4/8/8/7q/8/2k5/p7/K7 w - - 1 2","2","2","b8d8","500","1","false","-1375","-875","-752","-752","uniquely-best","static","false","false","nonterminal","true","-752","0"
"promotion-positional-resource","1R1r4/8/8/7q/k7/8/K7/8 b - - 0 2","3","3","d8b8","500","1","false","975","1475","1719","1719","uniquely-best","static","false","false","nonterminal","true","1719","0"
"promotion-positional-resource","1R1r4/8/8/7q/k7/8/p7/K7 w - - 1 2","2","2","a1a2","100","1","false","-1374","-1274","-1719","-785","below","static","false","false","nonterminal","true","-975","-744"
"promotion-positional-resource","1R1r4/8/8/7q/k7/8/p7/K7 w - - 1 2","2","2","b8d8","500","1","false","-1374","-874","-785","-785","uniquely-best","static","false","false","nonterminal","true","-785","0"
"promotion-positional-resource","1R1r4/8/8/7q/2k5/8/K7/8 b - - 0 2","3","3","d8b8","500","1","false","980","1480","1725","1725","uniquely-best","static","false","false","nonterminal","true","1725","0"
"promotion-positional-resource","1R1r4/8/8/7q/2k5/8/p7/K7 w - - 1 2","2","2","a1a2","100","1","false","-1379","-1279","-1725","-750","below","static","false","false","nonterminal","true","-980","-745"
"promotion-positional-resource","1R1r4/8/8/7q/2k5/8/p7/K7 w - - 1 2","2","2","b8d8","500","1","false","-1379","-879","-750","-750","uniquely-best","static","false","false","nonterminal","true","-750","0"
"promotion-positional-resource","3r4/8/8/1R6/8/8/p1k5/K7 w - - 1 3","4","4","a1a2","100","1","false","-610","-510","21","21","uniquely-best","static","false","false","nonterminal","true","21","0"
"promotion-positional-resource","3r4/8/8/1R6/8/2k5/p7/K7 w - - 1 3","4","4","a1a2","100","1","false","-602","-502","29","29","uniquely-best","static","false","false","nonterminal","true","29","0"
"promotion-positional-resource","3r4/8/8/1R6/k7/8/K7/8 b - - 0 3","5","5","a4b5","500","1","false","-33","467","733","733","uniquely-best","static","false","false","nonterminal","true","733","0"
"promotion-positional-resource","3r4/8/8/1R6/k7/8/p7/K7 w - - 1 3","4","4","a1a2","100","1","false","-598","-498","-733","-598","below","static","false","false","nonterminal","true","33","-766"
"promotion-positional-resource","3r4/8/8/1R6/2k5/8/K7/8 b - - 0 3","5","5","c4b5","500","1","false","-38","462","733","733","uniquely-best","static","false","false","nonterminal","true","733","0"
"promotion-positional-resource","3r4/8/8/1R6/2k5/8/p7/K7 w - - 1 3","4","4","a1a2","100","1","false","-593","-493","-733","-593","below","static","false","false","nonterminal","true","38","-771"
"promotion-positional-resource","1R1r4/8/8/1q6/8/1k6/p7/K7 w - - 1 2","2","2","b8d8","500","1","false","-1415","-915","-801","-671","below","static","false","false","nonterminal","true","-801","0"
"promotion-positional-resource","1B1r4/8/8/7q/8/1k6/p7/K7 b - - 0 1","1","1","d8b8","330","1","false","1724","2054","0","1724","below","stalemate","false","false","stalemate","false","",""
"promotion-positional-resource","1N1r4/8/8/7q/8/1k6/p7/K7 b - - 0 1","1","1","d8b8","320","1","false","1839","2159","0","1839","below","stalemate","false","false","stalemate","false","",""
"capture-promotion","Qr5k/8/8/8/8/8/8/7K b - - 0 1","1","1","b8a8","975","1","false","-390","585","691","691","uniquely-best","static","false","false","nonterminal","true","691","0"
"capture-promotion","Rr5k/8/8/8/8/8/8/7K b - - 0 1","1","1","b8a8","500","1","false","-12","488","691","691","uniquely-best","static","false","false","nonterminal","true","691","0"
"capture-promotion","Br5k/8/8/8/8/8/8/7K b - - 0 1","1","1","b8a8","330","1","false","346","676","691","691","uniquely-best","static","false","false","nonterminal","true","691","0"
"capture-promotion","Nr5k/8/8/8/8/8/8/7K b - - 0 1","1","1","b8a8","320","1","false","483","803","691","691","uniquely-best","static","false","false","nonterminal","true","691","0"
"capture-promotion-black","4k3/8/8/8/8/8/3K4/6qR b - - 1 2","2","2","g1h1","500","1","false","504","1004","1116","1116","uniquely-best","static","false","false","nonterminal","true","1116","0"
"capture-promotion-black","4k3/8/8/8/8/8/4K3/6qR b - - 1 2","2","2","g1h1","500","1","false","558","1058","1154","1154","uniquely-best","static","false","false","nonterminal","true","1154","0"
"capture-promotion-black","4k3/8/8/8/8/8/3K4/6rR b - - 1 2","2","2","g1h1","500","1","false","54","554","732","732","uniquely-best","static","false","false","nonterminal","true","732","0"
"capture-promotion-black","4k3/8/8/8/8/8/4K3/6rR b - - 1 2","2","2","g1h1","500","1","false","57","557","737","737","uniquely-best","static","false","false","nonterminal","true","737","0"
"capture-promotion-black","4k3/8/8/8/8/8/5K2/6rR b - - 1 2","2","2","g1h1","500","1","false","87","587","746","746","uniquely-best","static","false","false","nonterminal","true","746","0"
"capture-promotion-black","4k3/8/8/8/8/8/8/4K1bR w - - 0 2","1","1","h1g1","330","1","false","325","655","695","695","uniquely-best","static","false","false","nonterminal","true","695","0"
"capture-promotion-black","4k3/8/8/8/8/8/8/4K1nR w - - 0 2","1","1","h1g1","320","1","false","453","773","695","695","uniquely-best","static","false","false","nonterminal","true","695","0"
"promotion-recapture","6Qr/4k3/8/8/8/8/8/4K3 b - - 0 2","3","3","h8g8","975","1","false","-561","414","714","714","uniquely-best","static","false","false","nonterminal","true","714","0"
"promotion-recapture","6Rr/4k3/8/8/8/8/8/4K3 b - - 0 2","3","3","h8g8","500","1","false","-57","443","714","714","uniquely-best","static","false","false","nonterminal","true","714","0"
"promotion-recapture","6Br/4k3/8/8/8/8/8/4K3 b - - 0 2","3","3","h8g8","330","1","false","334","664","714","714","uniquely-best","static","false","false","nonterminal","true","714","0"
"promotion-recapture","r6R/4k1P1/8/8/8/8/8/4K3 b - - 0 1","1","1","a8h8","500","-1","false","-496","4","-1156","-496","below","static","false","false","nonterminal","true","246","-1402"
"promotion-recapture","7r/4k3/8/8/8/8/8/4K2R w - - 0 2","2","2","h1h8","500","1","false","-14","486","738","738","uniquely-best","static","false","false","nonterminal","true","738","0"
"promotion-recapture","r6Q/4k3/8/8/8/8/8/4K2R b - - 0 1","1","1","a8h8","975","1","false","-1118","-143","-738","-738","uniquely-best","static","false","false","nonterminal","true","14","-752"
"promotion-recapture","7r/4k3/8/8/8/8/8/4K2R w - - 0 2","2","2","h1h8","500","1","false","-14","486","738","738","uniquely-best","static","false","false","nonterminal","true","738","0"
"promotion-recapture","r6R/4k3/8/8/8/8/8/4K2R b - - 0 1","1","1","a8h8","500","1","false","-722","-222","-738","-722","below","static","false","false","nonterminal","true","14","-752"
"promotion-recapture","7r/4k3/8/8/8/8/8/4K2R w - - 0 2","2","2","h1h8","500","1","false","-14","486","738","738","uniquely-best","static","false","false","nonterminal","true","738","0"
"promotion-recapture","r6B/4k3/8/8/8/8/8/4K2R b - - 0 1","1","1","a8h8","330","-1","false","-394","-64","-738","-394","below","static","false","false","nonterminal","true","14","-752"
"promotion-recapture","7r/4k3/8/8/8/8/8/4K2R w - - 0 2","2","2","h1h8","500","1","false","-14","486","738","738","uniquely-best","static","false","false","nonterminal","true","738","0"
"promotion-recapture","r6N/4k3/8/8/8/8/8/4K2R b - - 0 1","1","1","a8h8","320","-1","false","-260","60","-738","-260","below","static","false","false","nonterminal","true","14","-752"
"promotion-recapture","6rR/4k3/8/8/8/8/8/4K3 b - - 0 2","3","3","g8h8","500","1","false","-1","499","711","711","uniquely-best","static","false","false","nonterminal","true","711","0"
"promotion-recapture","6rb/4k3/8/8/8/8/8/4K2R w - - 0 2","2","2","h1h8","330","-1","false","-420","-90","-711","-420","below","static","false","false","nonterminal","true","1","-712"
"promotion-recapture","r5Qb/4k3/8/8/8/8/8/4K2R b - - 0 1","1","1","a8g8","975","1","false","-810","165","420","420","uniquely-best","static","false","false","nonterminal","true","420","0"
"promotion-recapture","6rR/4k3/8/8/8/8/8/4K3 b - - 0 2","3","3","g8h8","500","1","false","-1","499","711","711","uniquely-best","static","false","false","nonterminal","true","711","0"
"promotion-recapture","6rb/4k3/8/8/8/8/8/4K2R w - - 0 2","2","2","h1h8","330","-1","false","-420","-90","-711","-420","below","static","false","false","nonterminal","true","1","-712"
"promotion-recapture","r5Rb/4k3/8/8/8/8/8/4K2R b - - 0 1","1","1","a8g8","500","1","false","-372","128","420","420","uniquely-best","static","false","false","nonterminal","true","420","0"
"promotion-recapture","6rR/4k3/8/8/8/8/8/4K3 b - - 0 2","3","3","g8h8","500","1","false","-1","499","711","711","uniquely-best","static","false","false","nonterminal","true","711","0"
"promotion-recapture","6rb/4k3/8/8/8/8/8/4K2R w - - 0 2","2","2","h1h8","330","-1","false","-420","-90","-711","-420","below","static","false","false","nonterminal","true","1","-712"
"promotion-recapture","r5Bb/4k3/8/8/8/8/8/4K2R b - - 0 1","1","1","a8g8","330","1","false","8","338","420","420","uniquely-best","static","false","false","nonterminal","true","420","0"
"promotion-recapture","6rR/8/3k4/8/8/8/8/4K3 w - - 0 3","4","4","h8g8","500","1","false","-7","493","723","723","uniquely-best","static","false","false","nonterminal","true","723","0"
"promotion-recapture","r5NR/8/3k4/8/8/8/8/4K3 b - - 0 2","3","3","a8g8","320","-1","false","-276","44","-723","-276","below","static","false","false","nonterminal","true","7","-730"
"promotion-recapture","r5Nb/8/3k4/8/8/8/8/4K2R w - - 1 2","2","2","h1h8","330","1","false","-180","150","276","276","uniquely-best","static","false","false","nonterminal","true","276","0"
"promotion-recapture","6rR/8/4k3/8/8/8/8/4K3 w - - 0 3","4","4","h8g8","500","1","false","-4","496","728","728","uniquely-best","static","false","false","nonterminal","true","728","0"
"promotion-recapture","r5NR/8/4k3/8/8/8/8/4K3 b - - 0 2","3","3","a8g8","320","-1","false","-286","34","-728","-286","below","static","false","false","nonterminal","true","4","-732"
"promotion-recapture","r5Nb/8/4k3/8/8/8/8/4K2R w - - 1 2","2","2","h1h8","330","1","false","-182","148","286","286","uniquely-best","static","false","false","nonterminal","true","286","0"
"promotion-recapture","6rR/3k4/8/8/8/8/8/4K3 w - - 0 3","4","4","h8g8","500","1","false","-2","498","743","743","uniquely-best","static","false","false","nonterminal","true","743","0"
"promotion-recapture","r5NR/3k4/8/8/8/8/8/4K3 b - - 0 2","3","3","a8g8","320","-1","false","-278","42","-743","-278","below","static","false","false","nonterminal","true","2","-745"
"promotion-recapture","r5Nb/3k4/8/8/8/8/8/4K2R w - - 1 2","2","2","h1h8","330","1","false","-179","151","278","278","uniquely-best","static","false","false","nonterminal","true","278","0"
"promotion-recapture","6R1/5k2/8/8/8/8/8/4K3 b - - 0 3","5","5","f7g8","500","1","false","-779","-279","0","0","uniquely-best","insufficient","false","true","insufficient","false","",""
"promotion-recapture","6rR/5k2/8/8/8/8/8/4K3 w - - 0 3","4","4","h8g8","500","1","false","10","510","0","10","below","insufficient","false","false","nonterminal","true","779","-779"
"promotion-recapture","r5NR/5k2/8/8/8/8/8/4K3 b - - 0 2","3","3","a8g8","320","1","false","-295","25","-10","-10","uniquely-best","static","false","false","nonterminal","true","-10","0"
"promotion-recapture","r5Nb/5k2/8/8/8/8/8/4K2R w - - 1 2","2","2","h1h8","330","1","false","-169","161","10","10","uniquely-best","static","false","false","nonterminal","true","295","-285"
"promotion-recapture","r2k2Nb/8/8/8/8/8/8/4K2R w - - 1 2","2","2","h1h8","330","1","false","-145","185","310","310","uniquely-best","static","false","false","nonterminal","true","310","0"
"promotion-recapture","r3k1Nb/8/8/8/8/8/8/4K2R w - - 1 2","2","2","h1h8","330","1","false","-167","163","304","304","uniquely-best","static","false","false","nonterminal","true","304","0"
"promotion-recapture","r4kNb/8/8/8/8/8/8/4K2R w - - 1 2","2","2","h1h8","330","1","false","-158","172","309","309","uniquely-best","static","false","false","nonterminal","true","309","0"
"promotion-recapture","6rR/4k3/8/8/8/8/8/4K3 b - - 0 2","3","3","g8h8","500","1","false","-1","499","711","711","uniquely-best","static","false","false","nonterminal","true","711","0"
"promotion-recapture","6rb/4k3/8/8/8/8/8/4K2R w - - 0 2","2","2","h1h8","330","-1","false","-420","-90","-711","-420","below","static","false","false","nonterminal","true","1","-712"
"promotion-recapture","r6b/4k1P1/8/8/8/8/8/4K2R w - - 0 1","0","0","h1h8","330","1","false","62","392","496","738","below","static","false","false","nonterminal","true","496","0"
"checking-sacrifice","8/5r1k/7N/8/8/8/8/4K3 w - - 0 4","6","6","h6f7","500","1","false","-462","38","0","0","uniquely-best","insufficient","false","true","insufficient","false","",""
"checking-sacrifice","8/5rkN/7N/8/8/8/8/4K3 b - - 0 3","5","5","g7h6","320","1","false","156","476","487","487","uniquely-best","static","false","false","nonterminal","true","487","0"
"checking-sacrifice","8/5rkN/7N/8/8/8/8/4K3 b - - 0 3","5","5","g7h7","320","1","false","156","476","0","487","below","insufficient","false","false","nonterminal","true","462","-462"
"checking-sacrifice","8/5k1p/5N2/8/8/8/8/4K3 w - - 0 4","6","6","f6h7","100","1","false","76","176","0","76","below","insufficient","false","false","insufficient","false","",""
"checking-sacrifice","8/5Nkp/5N2/8/8/8/8/4K3 b - - 0 3","5","5","g7f6","320","1","false","-366","-46","-62","-62","uniquely-best","static","false","false","nonterminal","true","-62","0"
"checking-sacrifice","8/5Nkp/5N2/8/8/8/8/4K3 b - - 0 3","5","5","g7f7","320","1","false","-366","-46","-76","-62","below","static","false","false","nonterminal","true","-76","0"
"checking-sacrifice","8/5rkp/5N1N/8/8/8/8/4K3 w - - 0 3","4","4","f6h7","100","-1","false","-308","-208","-487","62","below","static","false","false","nonterminal","true","-156","-331"
"checking-sacrifice","8/5rkp/5N1N/8/8/8/8/4K3 w - - 0 3","4","4","h6f7","500","1","false","-308","192","62","62","uniquely-best","static","false","false","nonterminal","true","366","-304"
"checking-sacrifice","7k/6rN/7N/8/8/8/8/4K3 b - - 0 3","5","5","h8h7","320","1","false","136","456","437","437","uniquely-best","static","false","false","nonterminal","true","437","0"
"checking-sacrifice","7k/6rN/7N/8/8/8/8/4K3 b - - 0 3","5","5","g7h7","320","1","false","136","456","418","437","below","static","false","false","nonterminal","true","418","0"
"checking-sacrifice","7k/6rp/5N1N/8/8/8/8/4K3 w - - 0 3","4","4","f6h7","100","-1","false","-319","-219","-437","-319","below","static","false","false","nonterminal","true","-136","-301"
"checking-sacrifice","7k/5rNp/5N1N/8/8/8/8/4K3 b - - 0 2","3","3","h8g7","320","1","false","11","331","-62","369","below","static","false","false","nonterminal","true","308","-370"
"checking-sacrifice","7k/5rNp/5N1N/8/8/8/8/4K3 b - - 0 2","3","3","f7f6","320","1","false","11","331","369","369","uniquely-best","static","false","false","nonterminal","true","369","0"
"checking-sacrifice","7k/5rNp/5N1N/8/8/8/8/4K3 b - - 0 2","3","3","f7g7","320","1","false","11","331","319","369","below","static","false","false","nonterminal","true","319","0"
"checking-sacrifice","8/5rk1/7N/8/8/8/8/4K3 w - - 0 4","6","6","h6f7","500","1","false","-469","31","0","0","uniquely-best","insufficient","false","true","insufficient","false","",""
"checking-sacrifice","8/5rNk/7N/8/8/8/8/4K3 b - - 0 3","5","5","h7h6","320","1","false","143","463","470","470","uniquely-best","static","false","false","nonterminal","true","470","0"
"checking-sacrifice","8/5rNk/7N/8/8/8/8/4K3 b - - 0 3","5","5","h7g7","320","1","false","143","463","0","470","below","insufficient","false","false","nonterminal","true","469","-469"
"checking-sacrifice","8/5rNk/7N/8/8/8/8/4K3 b - - 0 3","5","5","f7g7","320","1","false","143","463","437","470","below","static","false","false","nonterminal","true","437","0"
"checking-sacrifice","8/5rbk/4N2N/8/8/8/8/4K3 w - - 0 3","4","4","e6g7","330","1","false","-544","-214","-470","218","below","static","false","false","nonterminal","true","-143","-327"
"checking-sacrifice","8/5rbk/4N2N/8/8/8/8/4K3 w - - 0 3","4","4","h6f7","500","1","false","-544","-44","218","218","uniquely-best","static","false","false","nonterminal","true","218","0"
"checking-sacrifice","7k/5rbN/4N2N/8/8/8/8/4K3 b - - 0 2","3","3","h8h7","320","1","false","255","575","-218","554","below","static","false","false","nonterminal","true","544","-762"
"checking-sacrifice","7k/5rbN/4N2N/8/8/8/8/4K3 b - - 0 2","3","3","g7h6","320","1","false","255","575","554","554","uniquely-best","static","false","false","nonterminal","true","554","0"
"checking-sacrifice","7k/5rbp/4NN1N/8/8/8/8/4K3 w - - 0 2","2","2","e6g7","330","1","false","-321","9","-369","32765","below","static","false","false","nonterminal","true","-11","-358"
"checking-sacrifice","7k/5rbp/4NN1N/8/8/8/8/4K3 w - - 0 2","2","2","f6h7","100","-1","false","-321","-221","-554","32765","below","static","false","false","nonterminal","true","-255","-299"
"checking-sacrifice","5r1k/5Q1p/4Nb1N/8/8/8/8/4K3 w - - 0 2","2","2","e6f8","500","1","false","468","968","1033","32765","below","static","false","false","nonterminal","true","1033","0"
"checking-sacrifice","5b1k/7N/4N3/8/8/8/8/4K3 b - - 0 3","5","5","h8h7","320","1","false","-198","122","0","0","uniquely-best","insufficient","false","true","nonterminal","true","87","-87"
"checking-sacrifice","5b1k/7p/4NN2/8/8/8/8/4K3 w - - 0 3","4","4","e6f8","330","1","false","9","339","338","338","uniquely-best","static","false","false","nonterminal","true","338","0"
"checking-sacrifice","5b1k/7p/4NN2/8/8/8/8/4K3 w - - 0 3","4","4","f6h7","100","-1","false","9","109","0","338","below","insufficient","false","false","nonterminal","true","198","-198"
"checking-sacrifice","5b1k/5Q1p/5N2/8/8/8/8/4K3 w - - 0 3","4","4","f6h7","100","1","false","803","903","969","32763","below","static","false","false","nonterminal","true","969","0"
"checking-sacrifice","5N1k/5Q1p/5N1b/8/8/8/8/4K3 b - - 0 2","3","3","h6f8","320","-1","false","-1076","-756","-32763","-1076","below","mate","false","false","nonterminal","true","-803","-31960"
"checking-sacrifice","5r1k/5Q1N/4N2b/8/8/8/8/4K3 b - - 0 2","3","3","f8f7","975","1","false","-592","383","554","554","uniquely-best","static","false","false","nonterminal","true","554","0"
"checking-sacrifice","5r1k/5Q1p/4NN1b/8/8/8/8/4K3 w - - 0 2","2","2","e6f8","500","1","false","514","1014","1076","32765","below","static","false","false","nonterminal","true","1076","0"
"checking-sacrifice","5r1k/5Q1p/4NN1b/8/8/8/8/4K3 w - - 0 2","2","2","f6h7","100","1","false","514","614","-554","32765","below","static","false","false","nonterminal","true","592","-1146"
"checking-sacrifice","5r1k/5Qbp/4NN1N/8/8/8/8/4K3 b - - 0 1","1","1","f8f7","975","1","false","-794","181","-32765","-794","below","mate","false","false","nonterminal","true","321","-33086"
"checking-sacrifice","5r1k/5Qbp/4NN1N/8/8/8/8/4K3 b - - 0 1","1","1","g7f6","320","1","false","-794","-474","-32765","-794","below","mate","false","false","nonterminal","true","-468","-32297"
"checking-sacrifice","5r1k/5Qbp/4NN1N/8/8/8/8/4K3 b - - 0 1","1","1","g7h6","320","1","false","-794","-474","-32765","-794","below","mate","false","false","nonterminal","true","-514","-32251"
"checking-sacrifice","5N2/5Nk1/8/8/8/8/8/4K3 b - - 0 4","7","7","g7f7","320","1","false","-555","-235","0","0","equal-best","insufficient","false","false","insufficient","false","",""
"checking-sacrifice","5N2/5Nk1/8/8/8/8/8/4K3 b - - 0 4","7","7","g7f8","320","1","false","-555","-235","0","0","equal-best","insufficient","false","false","insufficient","false","",""
"checking-sacrifice","5N2/5pk1/7N/8/8/8/8/4K3 w - - 1 4","6","6","h6f7","100","-1","false","310","410","0","310","below","insufficient","false","false","nonterminal","true","555","-555"
"checking-sacrifice","5b2/5p1k/4N2N/8/8/8/8/4K3 w - - 0 3","4","4","h6f7","100","1","false","3","103","233","233","uniquely-best","static","false","false","nonterminal","true","233","0"
"checking-sacrifice","5b1k/7N/4p2N/8/8/8/8/4K3 w - - 0 3","4","4","h7f8","330","1","false","-120","210","250","250","uniquely-best","static","false","false","nonterminal","true","250","0"
"checking-sacrifice","5b1k/5p1N/4N2N/8/8/8/8/4K3 b - - 0 2","3","3","h8h7","320","1","false","-288","32","-233","20","below","static","false","false","nonterminal","true","-3","-230"
"checking-sacrifice","5b1k/5p1N/4N2N/8/8/8/8/4K3 b - - 0 2","3","3","f8h6","320","1","false","-288","32","20","20","uniquely-best","static","false","false","nonterminal","true","20","0"
"checking-sacrifice","5b1k/5p1N/4N2N/8/8/8/8/4K3 b - - 0 2","3","3","f7e6","320","1","false","-288","32","-250","20","below","static","false","false","nonterminal","true","120","-370"
"checking-sacrifice","5b1k/5p1p/4NN1N/8/8/8/8/4K3 w - - 0 2","2","2","e6f8","330","1","false","99","429","424","32765","below","static","false","false","nonterminal","true","424","0"
"checking-sacrifice","5b1k/5p1p/4NN1N/8/8/8/8/4K3 w - - 0 2","2","2","f6h7","100","-1","false","99","199","-20","32765","below","static","false","false","nonterminal","true","288","-308"
"checking-sacrifice","5Q2/7N/6k1/8/8/8/8/4K3 b - - 0 4","7","7","g6h7","320","1","false","-1448","-1128","-1139","-1139","uniquely-best","static","false","false","nonterminal","true","-1139","0"
"checking-sacrifice","5Q2/7p/5Nk1/8/8/8/8/4K3 w - - 1 4","6","6","f6h7","100","-1","false","1137","1237","1139","1139","uniquely-best","static","false","false","nonterminal","true","1448","-309"
"checking-sacrifice","5r2/5Q1N/7k/8/8/8/8/4K3 b - - 0 3","5","5","f8f7","975","1","false","-663","312","487","487","uniquely-best","static","false","false","nonterminal","true","487","0"
"checking-sacrifice","5r2/5Q1p/5N1k/8/8/8/8/4K3 w - - 0 3","4","4","f6h7","100","1","false","507","607","-487","1139","below","static","false","false","nonterminal","true","663","-1150"
"checking-sacrifice","5r1k/5Q1N/7N/8/8/8/8/4K3 b - - 0 3","5","5","f8f7","975","1","false","-939","36","0","0","uniquely-best","insufficient","false","true","nonterminal","true","161","-161"
"checking-sacrifice","5r1k/5Q1p/5N1N/8/8/8/8/4K3 w - - 1 3","4","4","f6h7","100","1","false","775","875","0","32763","below","insufficient","false","false","nonterminal","true","939","-939"
"checking-sacrifice","8/5r1k/7N/8/8/8/8/4K3 w - - 0 4","6","6","h6f7","500","1","false","-462","38","0","0","uniquely-best","insufficient","false","true","insufficient","false","",""
"checking-sacrifice","8/5rkN/7N/8/8/8/8/4K3 b - - 0 3","5","5","g7h6","320","1","false","156","476","487","487","uniquely-best","static","false","false","nonterminal","true","487","0"
"checking-sacrifice","8/5rkN/7N/8/8/8/8/4K3 b - - 0 3","5","5","g7h7","320","1","false","156","476","0","487","below","insufficient","false","false","nonterminal","true","462","-462"
"checking-sacrifice","8/5k1p/5N2/8/8/8/8/4K3 w - - 0 4","6","6","f6h7","100","1","false","76","176","0","76","below","insufficient","false","false","insufficient","false","",""
"checking-sacrifice","8/5Nkp/5N2/8/8/8/8/4K3 b - - 0 3","5","5","g7f6","320","1","false","-366","-46","-62","-62","uniquely-best","static","false","false","nonterminal","true","-62","0"
"checking-sacrifice","8/5Nkp/5N2/8/8/8/8/4K3 b - - 0 3","5","5","g7f7","320","1","false","-366","-46","-76","-62","below","static","false","false","nonterminal","true","-76","0"
"checking-sacrifice","8/5rkp/5N1N/8/8/8/8/4K3 w - - 0 3","4","4","f6h7","100","-1","false","-308","-208","-487","62","below","static","false","false","nonterminal","true","-156","-331"
"checking-sacrifice","8/5rkp/5N1N/8/8/8/8/4K3 w - - 0 3","4","4","h6f7","500","1","false","-308","192","62","62","uniquely-best","static","false","false","nonterminal","true","366","-304"
"checking-sacrifice","8/5Q1p/7N/4k3/8/8/8/4K3 w - - 1 4","6","6","f7h7","100","1","false","1239","1339","1297","1297","uniquely-best","static","false","false","nonterminal","true","1297","0"
"checking-sacrifice","8/5Q1p/7N/6k1/8/8/8/4K3 w - - 1 4","6","6","f7h7","100","1","false","1258","1358","1298","1298","uniquely-best","static","false","false","nonterminal","true","1298","0"
"checking-sacrifice","5Q2/5p1p/5k1N/8/8/8/8/4K3 w - - 0 3","4","4","h6f7","100","1","false","895","995","1107","1297","below","static","false","false","nonterminal","true","1107","0"
"checking-sacrifice","8/4kN1N/8/8/8/8/8/4K3 b - - 0 4","7","7","e7f7","320","1","false","-534","-214","0","0","uniquely-best","insufficient","false","true","insufficient","false","",""
"checking-sacrifice","8/4kp1N/7N/8/8/8/8/4K3 w - - 1 4","6","6","h6f7","100","-1","false","284","384","0","284","below","insufficient","false","false","nonterminal","true","534","-534"
"checking-sacrifice","8/5NkN/8/8/8/8/8/4K3 b - - 0 4","7","7","g7f7","320","1","false","-549","-229","0","0","equal-best","insufficient","false","false","insufficient","false","",""
"checking-sacrifice","8/5NkN/8/8/8/8/8/4K3 b - - 0 4","7","7","g7h7","320","1","false","-549","-229","0","0","equal-best","insufficient","false","false","insufficient","false","",""
"checking-sacrifice","8/5pkN/7N/8/8/8/8/4K3 w - - 1 4","6","6","h6f7","100","-1","false","304","404","0","304","below","insufficient","false","false","nonterminal","true","549","-549"
"checking-sacrifice","4k3/5N1N/8/8/8/8/8/4K3 b - - 0 4","7","7","e8f7","320","1","false","-533","-213","0","0","uniquely-best","insufficient","false","true","insufficient","false","",""
"checking-sacrifice","4k3/5p1N/7N/8/8/8/8/4K3 w - - 1 4","6","6","h6f7","100","-1","false","285","385","0","285","below","insufficient","false","false","nonterminal","true","533","-533"
"checking-sacrifice","8/5k1p/5N2/8/8/8/8/4K3 w - - 0 4","6","6","f6h7","100","1","false","76","176","0","76","below","insufficient","false","false","insufficient","false","",""
"checking-sacrifice","5k2/5N1p/5N2/8/8/8/8/4K3 b - - 0 3","5","5","f8f7","320","1","false","-369","-49","-76","-76","uniquely-best","static","false","false","nonterminal","true","-76","0"
"checking-sacrifice","5k2/5p1p/5N1N/8/8/8/8/4K3 w - - 0 3","4","4","h6f7","100","-1","false","118","218","76","284","below","static","false","false","nonterminal","true","369","-293"
"checking-sacrifice","8/5Q1p/5N1k/8/8/8/8/4K3 w - - 0 4","6","6","f6h7","100","1","false","1176","1276","0","1489","below","stalemate","false","false","stalemate","false","",""
"checking-sacrifice","8/7Q/5N1N/6k1/8/8/8/4K3 b - - 0 4","7","7","g5f6","320","1","false","-1609","-1289","-1451","-1451","uniquely-best","static","false","false","nonterminal","true","-1451","0"
"checking-sacrifice","8/5Q1p/5N1N/6k1/8/8/8/4K3 w - - 1 4","6","6","f7h7","100","1","false","1406","1506","1451","1451","uniquely-best","static","false","false","nonterminal","true","1609","-158"
"checking-sacrifice","5Q2/5p1k/7N/8/8/8/8/4K3 w - - 0 4","6","6","h6f7","100","1","false","1113","1213","1379","1379","uniquely-best","static","false","false","nonterminal","true","1379","0"
"checking-sacrifice","5Q2/5p1N/6kN/8/8/8/8/4K3 b - - 0 3","5","5","g6h7","320","1","false","-1348","-1028","-1379","-1348","below","static","false","false","nonterminal","true","-1113","-266"
"checking-sacrifice","5Q2/5N1p/5Nk1/8/8/8/8/4K3 b - - 0 3","5","5","g6f6","320","1","false","-1409","-1089","-1107","-1107","uniquely-best","static","false","false","nonterminal","true","-1107","0"
"checking-sacrifice","5Q2/5p1p/5NkN/8/8/8/8/4K3 w - - 1 3","4","4","f6h7","100","-1","false","1176","1276","1348","1451","below","static","false","false","nonterminal","true","1348","0"
"checking-sacrifice","5Q2/5p1p/5NkN/8/8/8/8/4K3 w - - 1 3","4","4","h6f7","100","1","false","1176","1276","1107","1451","below","static","false","false","nonterminal","true","1409","-302"
"checking-sacrifice","5r2/5Q1N/7k/8/8/8/8/4K3 b - - 0 3","5","5","f8f7","975","1","false","-663","312","487","487","uniquely-best","static","false","false","nonterminal","true","487","0"
"checking-sacrifice","5r2/4Qp1N/7k/8/8/8/8/4K3 w - - 0 3","4","4","e7f7","100","-1","false","447","547","-487","1096","below","static","false","false","nonterminal","true","663","-1150"
"checking-sacrifice","5r2/4Qp1N/7k/8/8/8/8/4K3 w - - 0 3","4","4","h7f8","500","1","false","447","947","1096","1096","uniquely-best","static","false","false","nonterminal","true","1096","0"
"checking-sacrifice","8/5r1k/7N/8/8/8/8/4K3 w - - 0 4","6","6","h6f7","500","1","false","-462","38","0","0","uniquely-best","insufficient","false","true","insufficient","false","",""
"checking-sacrifice","5r2/4QN1k/8/8/8/8/8/4K3 b - - 0 3","5","5","f8f7","320","-1","false","-657","-337","-1146","-657","below","static","false","false","nonterminal","true","-394","-752"
"checking-sacrifice","5r2/4Qp1k/7N/8/8/8/8/4K3 w - - 0 3","4","4","e7f8","500","1","false","451","951","1113","1113","uniquely-best","static","false","false","nonterminal","true","1113","0"
"checking-sacrifice","5r2/4Qp1k/7N/8/8/8/8/4K3 w - - 0 3","4","4","h6f7","100","1","false","451","551","657","1113","below","static","false","false","nonterminal","true","657","0"
"checking-sacrifice","5r2/4QpkN/7N/8/8/8/8/4K3 b - - 0 2","3","3","g7h6","320","1","false","-804","-484","-1096","-804","below","static","false","false","nonterminal","true","-447","-649"
"checking-sacrifice","5r2/4QpkN/7N/8/8/8/8/4K3 b - - 0 2","3","3","g7h7","320","1","false","-804","-484","-1113","-804","below","static","false","false","nonterminal","true","-451","-662"
"checking-sacrifice","8/5k1p/5N2/8/8/8/8/4K3 w - - 0 4","6","6","f6h7","100","1","false","76","176","0","76","below","insufficient","false","false","insufficient","false","",""
"checking-sacrifice","8/5Q1p/5N1k/8/8/8/8/4K3 w - - 1 4","6","6","f6h7","100","1","false","1176","1276","0","1489","below","stalemate","false","false","stalemate","false","",""
"checking-sacrifice","7k/5Q1p/5N2/8/8/8/8/4K3 w - - 1 4","6","6","f6h7","100","1","false","1169","1269","0","32761","below","stalemate","false","false","stalemate","false","",""
"checking-sacrifice","8/4r1kN/8/8/8/8/8/3K4 b - - 1 4","7","7","g7h7","320","1","false","481","801","715","715","uniquely-best","static","false","false","nonterminal","true","715","0"
"checking-sacrifice","8/4r1kN/8/8/8/8/8/5K2 b - - 1 4","7","7","g7h7","320","1","false","490","810","726","726","uniquely-best","static","false","false","nonterminal","true","726","0"
"checking-sacrifice","8/4r1kN/8/8/8/8/3K4/8 b - - 1 4","7","7","g7h7","320","1","false","487","807","724","724","uniquely-best","static","false","false","nonterminal","true","724","0"
"checking-sacrifice","8/4r1kN/8/8/8/8/5K2/8 b - - 1 4","7","7","g7h7","320","1","false","497","817","735","735","uniquely-best","static","false","false","nonterminal","true","735","0"
"checking-sacrifice","8/4QrkN/8/8/8/8/8/4K3 b - - 0 3","5","5","g7h7","320","1","false","-684","-364","-1146","715","below","static","false","false","nonterminal","true","-394","-752"
"checking-sacrifice","8/4Qrkp/5N2/8/8/8/8/4K3 w - - 0 3","4","4","f6h7","100","-1","false","465","565","-715","465","below","static","false","false","nonterminal","true","684","-1399"
"checking-sacrifice","5r2/4QNkp/5N2/8/8/8/8/4K3 b - - 0 2","3","3","f8f7","320","1","false","-749","-429","-465","-465","uniquely-best","static","false","false","nonterminal","true","-465","0"
"checking-sacrifice","5r2/4Qpkp/5N1N/8/8/8/8/4K3 w - - 0 2","2","2","f6h7","100","-1","false","553","653","804","804","uniquely-best","static","false","false","nonterminal","true","804","0"
"checking-sacrifice","5r2/4Qpkp/5N1N/8/8/8/8/4K3 w - - 0 2","2","2","h6f7","100","-1","false","553","653","465","804","below","static","false","false","nonterminal","true","749","-284"
"checking-sacrifice","5r1k/4QpNp/5N1N/8/8/8/8/4K3 b - - 0 1","1","1","h8g7","320","1","false","-803","-483","-804","-803","below","static","false","false","nonterminal","true","-553","-251"
"checking-sacrifice","6k1/5N1N/5Q2/8/8/8/8/4K3 b - - 0 4","7","7","g8h7","320","1","false","-1668","-1348","-1450","-1450","uniquely-best","static","false","false","nonterminal","true","-1450","0"
"checking-sacrifice","5Nk1/5N1p/5Q2/8/8/8/8/4K3 w - - 1 4","6","6","f8h7","100","-1","false","1454","1554","1450","1454","below","static","false","false","nonterminal","true","1668","-218"
"checking-sacrifice","8/4QN1k/5b2/8/8/8/8/4K3 w - - 0 4","6","6","e7f6","330","1","false","923","1253","1450","1450","uniquely-best","static","false","false","nonterminal","true","1450","0"
"checking-sacrifice","8/4QNkN/5b2/8/8/8/8/4K3 b - - 0 3","5","5","g7h7","320","1","false","-1231","-911","-1450","-182","below","static","false","false","nonterminal","true","-923","-527"
"checking-sacrifice","8/4QNkN/5b2/8/8/8/8/4K3 b - - 0 3","5","5","f6e7","975","1","false","-1231","-256","-182","-182","uniquely-best","static","false","false","nonterminal","true","-182","0"
"checking-sacrifice","5N2/4QNkp/5b2/8/8/8/8/4K3 w - - 1 3","4","4","f8h7","100","-1","false","986","1086","182","986","below","static","false","false","nonterminal","true","1231","-1049"
"checking-sacrifice","5Nk1/5N1p/5Q2/8/8/8/8/4K3 b - - 0 3","5","5","g8f8","320","1","false","-1454","-1134","-1183","-1183","uniquely-best","static","false","false","nonterminal","true","-1183","0"
"checking-sacrifice","8/4QN1k/5b2/8/8/8/8/4K3 w - - 0 4","6","6","e7f6","330","1","false","923","1253","1450","1450","uniquely-best","static","false","false","nonterminal","true","1450","0"
"checking-sacrifice","6k1/4QN1N/5b2/8/8/8/8/4K3 b - - 0 3","5","5","g8h7","320","1","false","-1216","-896","-1450","-180","below","static","false","false","nonterminal","true","-923","-527"
"checking-sacrifice","6k1/4QN1N/5b2/8/8/8/8/4K3 b - - 0 3","5","5","f6e7","975","1","false","-1216","-241","-180","-180","uniquely-best","static","false","false","nonterminal","true","-180","0"
"checking-sacrifice","5Nk1/4QN1p/5b2/8/8/8/8/4K3 w - - 1 3","4","4","e7f6","330","1","false","973","1303","1183","1183","uniquely-best","static","false","false","nonterminal","true","1454","-271"
"checking-sacrifice","5Nk1/4QN1p/5b2/8/8/8/8/4K3 w - - 1 3","4","4","f8h7","100","-1","false","973","1073","180","1183","below","static","false","false","nonterminal","true","1216","-1036"
"checking-sacrifice","8/4QN1k/5b2/8/8/8/8/4K3 b - - 0 3","5","5","f6e7","975","1","false","-923","52","104","104","uniquely-best","static","false","false","nonterminal","true","104","0"
"checking-sacrifice","8/4Qp1k/5b1N/8/8/8/8/4K3 w - - 0 3","4","4","e7f6","330","1","false","700","1030","0","1005","below","stalemate","false","false","stalemate","false","",""
"checking-sacrifice","8/4Qp1k/5b1N/8/8/8/8/4K3 w - - 0 3","4","4","h6f7","100","1","false","700","800","-104","1005","below","static","false","false","nonterminal","true","923","-1027"
"checking-sacrifice","7k/4Qp1N/5b1N/8/8/8/8/4K3 b - - 0 2","3","3","h8h7","320","1","false","-955","-635","-1005","48","below","static","false","false","nonterminal","true","-700","-305"
"checking-sacrifice","7k/4Qp1N/5b1N/8/8/8/8/4K3 b - - 0 2","3","3","f6e7","975","1","false","-955","20","48","48","uniquely-best","static","false","false","nonterminal","true","48","0"
"checking-sacrifice","5N1k/4Qp1p/5b1N/8/8/8/8/4K3 w - - 0 2","2","2","e7f7","100","1","false","733","833","1033","32765","below","static","false","false","nonterminal","true","1033","0"
"checking-sacrifice","5N1k/4Qp1p/5b1N/8/8/8/8/4K3 w - - 0 2","2","2","f8h7","100","-1","false","733","833","-48","32765","below","static","false","false","nonterminal","true","955","-1003"
"checking-sacrifice","5b1k/5Q1p/5N2/8/8/8/8/4K3 w - - 0 3","4","4","f6h7","100","1","false","803","903","969","32763","below","static","false","false","nonterminal","true","969","0"
"checking-sacrifice","5N1k/5Q1p/5N1b/8/8/8/8/4K3 b - - 0 2","3","3","h6f8","320","-1","false","-1076","-756","-32763","-1076","below","mate","false","false","nonterminal","true","-803","-31960"
"checking-sacrifice","5b1k/4Qp1N/8/8/8/8/8/4K3 w - - 0 3","4","4","e7f7","100","1","false","711","811","969","1146","below","static","false","false","nonterminal","true","969","0"
"checking-sacrifice","5b1k/4Qp1N/8/8/8/8/8/4K3 w - - 0 3","4","4","h7f8","330","1","false","711","1041","1073","1146","below","static","false","false","nonterminal","true","1073","0"
"checking-sacrifice","5N1k/4Qp1N/7b/8/8/8/8/4K3 b - - 0 2","3","3","h6f8","320","-1","false","-964","-644","-1146","-964","below","static","false","false","nonterminal","true","-711","-435"
"checking-sacrifice","5N1k/4Qp1p/5N1b/8/8/8/8/4K3 w - - 0 2","2","2","e7f7","100","1","false","769","869","1076","1076","uniquely-best","static","false","false","nonterminal","true","1076","0"
"checking-sacrifice","5N1k/4Qp1p/5N1b/8/8/8/8/4K3 w - - 0 2","2","2","f6h7","100","1","false","769","869","964","1076","below","static","false","false","nonterminal","true","964","0"
"checking-sacrifice","5N1k/4Qp1p/5N1b/8/8/8/8/4K3 w - - 0 2","2","2","f8h7","100","1","false","769","869","989","1076","below","static","false","false","nonterminal","true","989","0"
"checking-sacrifice","7k/5Q1p/5N1b/8/8/8/8/4K3 w - - 0 3","4","4","f6h7","100","1","false","802","902","968","32763","below","static","false","false","nonterminal","true","968","0"
"checking-sacrifice","5b1k/5Q1p/5N1N/8/8/8/8/4K3 b - - 0 2","3","3","f8h6","320","1","false","-1082","-762","-32763","-1082","below","mate","false","false","nonterminal","true","-802","-31961"
"checking-sacrifice","5b2/4QN1k/8/8/8/8/8/4K3 b - - 0 3","5","5","f8e7","975","1","false","-968","7","104","104","uniquely-best","static","false","false","nonterminal","true","104","0"
"checking-sacrifice","5b2/4Qp1k/7N/8/8/8/8/4K3 w - - 0 3","4","4","e7f8","330","1","false","742","1072","1113","1113","uniquely-best","static","false","false","nonterminal","true","1113","0"
"checking-sacrifice","5b2/4Qp1k/7N/8/8/8/8/4K3 w - - 0 3","4","4","h6f7","100","1","false","742","842","-104","1113","below","static","false","false","nonterminal","true","968","-1072"
"checking-sacrifice","7k/4Qp1N/7b/8/8/8/8/4K3 w - - 0 3","4","4","e7f7","100","1","false","702","802","968","968","uniquely-best","static","false","false","nonterminal","true","968","0"
"checking-sacrifice","5b1k/4Qp1N/7N/8/8/8/8/4K3 b - - 0 2","3","3","h8h7","320","1","false","-986","-666","-1113","48","below","static","false","false","nonterminal","true","-742","-371"
"checking-sacrifice","5b1k/4Qp1N/7N/8/8/8/8/4K3 b - - 0 2","3","3","f8h6","320","1","false","-986","-666","-968","48","below","static","false","false","nonterminal","true","-702","-266"
"checking-sacrifice","5b1k/4Qp1N/7N/8/8/8/8/4K3 b - - 0 2","3","3","f8e7","975","1","false","-986","-11","48","48","uniquely-best","static","false","false","nonterminal","true","48","0"
"checking-sacrifice","5Q2/5N1N/6k1/8/8/8/8/4K3 b - - 0 4","7","7","g6h7","320","1","false","-1582","-1262","-1379","-1379","uniquely-best","static","false","false","nonterminal","true","-1379","0"
"checking-sacrifice","5Q2/5N1p/5Nk1/8/8/8/8/4K3 w - - 1 4","6","6","f6h7","100","-1","false","1409","1509","1379","1409","below","static","false","false","nonterminal","true","1582","-203"
"checking-sacrifice","5b2/4QN1k/8/8/8/8/8/4K3 w - - 0 4","6","6","e7f8","330","1","false","968","1298","1379","1379","uniquely-best","static","false","false","nonterminal","true","1379","0"
"checking-sacrifice","5b2/4QNkN/8/8/8/8/8/4K3 b - - 0 3","5","5","g7h7","320","1","false","-1297","-977","-1379","-182","below","static","false","false","nonterminal","true","-968","-411"
"checking-sacrifice","5b2/4QNkN/8/8/8/8/8/4K3 b - - 0 3","5","5","f8e7","975","1","false","-1297","-322","-182","-182","uniquely-best","static","false","false","nonterminal","true","-182","0"
"checking-sacrifice","5b2/4QNkp/5N2/8/8/8/8/4K3 w - - 1 3","4","4","f6h7","100","-1","false","1052","1152","182","1052","below","static","false","false","nonterminal","true","1297","-1115"
"checking-sacrifice","5b1k/4Qp1p/5N1N/8/8/8/8/4K3 w - - 0 2","2","2","e7f7","100","1","false","787","887","1082","32765","below","static","false","false","nonterminal","true","1082","0"
"checking-sacrifice","5b1k/4Qp1p/5N1N/8/8/8/8/4K3 w - - 0 2","2","2","f6h7","100","-1","false","787","887","-48","32765","below","static","false","false","nonterminal","true","986","-1034"
"checking-sacrifice","5N1k/4Qpbp/5N1N/8/8/8/8/4K3 b - - 0 1","1","1","g7f6","320","-1","false","-1078","-758","-32765","-1076","below","mate","false","false","nonterminal","true","-733","-32032"
"checking-sacrifice","5N1k/4Qpbp/5N1N/8/8/8/8/4K3 b - - 0 1","1","1","g7h6","320","1","false","-1078","-758","-1076","-1076","uniquely-best","static","false","false","nonterminal","true","-769","-307"
"checking-sacrifice","5N1k/4Qpbp/5N1N/8/8/8/8/4K3 b - - 0 1","1","1","g7f8","320","-1","false","-1078","-758","-32765","-1076","below","mate","false","false","nonterminal","true","-787","-31978"
"checking-sacrifice","5r2/6Q1/4N3/7k/8/8/8/4K3 w - - 1 4","6","6","g7f8","500","1","false","744","1244","1322","1397","below","static","false","false","nonterminal","true","1322","0"
"checking-sacrifice","5r2/6Q1/4N3/7k/8/8/8/4K3 w - - 1 4","6","6","e6f8","500","1","false","744","1244","1397","1397","uniquely-best","static","false","false","nonterminal","true","1397","0"
"checking-sacrifice","5b2/8/4N2k/8/8/8/8/4K3 w - - 0 4","6","6","e6f8","330","1","false","-87","243","0","0","uniquely-best","insufficient","false","true","insufficient","false","",""
"checking-sacrifice","5Q2/6b1/4N2k/8/8/8/8/4K3 b - - 0 3","5","5","g7f8","975","1","false","-954","21","0","0","uniquely-best","insufficient","false","true","nonterminal","true","87","-87"
"checking-sacrifice","5r2/5QN1/7k/8/8/8/8/4K3 b - - 0 3","5","5","f8f7","975","1","false","-652","323","470","470","uniquely-best","static","false","false","nonterminal","true","470","0"
"checking-sacrifice","5N2/5Qb1/7k/8/8/8/8/4K3 b - - 0 3","5","5","g7f8","320","-1","false","-965","-645","-1066","-965","below","static","false","false","nonterminal","true","-792","-274"
"checking-sacrifice","5r2/5Qb1/4N2k/8/8/8/8/4K3 w - - 0 3","4","4","f7f8","500","-1","false","329","829","0","1397","below","insufficient","false","false","nonterminal","true","954","-954"
"checking-sacrifice","5r2/5Qb1/4N2k/8/8/8/8/4K3 w - - 0 3","4","4","e6g7","330","1","false","329","659","-470","1397","below","static","false","false","nonterminal","true","652","-1122"
"checking-sacrifice","5r2/5Qb1/4N2k/8/8/8/8/4K3 w - - 0 3","4","4","e6f8","500","1","false","329","829","965","1397","below","static","false","false","nonterminal","true","965","0"
"checking-sacrifice","8/5rk1/7N/8/8/8/8/4K3 w - - 0 4","6","6","h6f7","500","1","false","-469","31","0","0","uniquely-best","insufficient","false","true","insufficient","false","",""
"checking-sacrifice","8/5rNk/7N/8/8/8/8/4K3 b - - 0 3","5","5","h7h6","320","1","false","143","463","470","470","uniquely-best","static","false","false","nonterminal","true","470","0"
"checking-sacrifice","8/5rNk/7N/8/8/8/8/4K3 b - - 0 3","5","5","h7g7","320","1","false","143","463","0","470","below","insufficient","false","false","nonterminal","true","469","-469"
"checking-sacrifice","8/5rNk/7N/8/8/8/8/4K3 b - - 0 3","5","5","f7g7","320","1","false","143","463","437","470","below","static","false","false","nonterminal","true","437","0"
"checking-sacrifice","8/5rbk/4N2N/8/8/8/8/4K3 w - - 0 3","4","4","e6g7","330","1","false","-544","-214","-470","218","below","static","false","false","nonterminal","true","-143","-327"
"checking-sacrifice","8/5rbk/4N2N/8/8/8/8/4K3 w - - 0 3","4","4","h6f7","500","1","false","-544","-44","218","218","uniquely-best","static","false","false","nonterminal","true","218","0"
"checking-sacrifice","5r2/5Qbk/4N2N/8/8/8/8/4K3 b - - 0 2","3","3","h7h6","320","1","false","-644","-324","-1397","-218","below","static","false","false","nonterminal","true","-329","-1068"
"checking-sacrifice","5r2/5Qbk/4N2N/8/8/8/8/4K3 b - - 0 2","3","3","f8f7","975","1","false","-644","331","-218","-218","uniquely-best","static","false","false","nonterminal","true","544","-762"
"checking-sacrifice","5Q2/5pb1/4N2k/8/8/8/8/4K3 w - - 0 3","4","4","f8f7","100","1","false","723","823","990","1313","below","static","false","false","nonterminal","true","990","0"
"checking-sacrifice","5Q2/5pb1/4N2k/8/8/8/8/4K3 w - - 0 3","4","4","e6g7","330","1","false","723","1053","1058","1313","below","static","false","false","nonterminal","true","1058","0"
"checking-sacrifice","8/5Qbk/4N3/8/8/8/8/4K3 w - - 1 4","6","6","e6g7","330","1","false","1021","1351","1352","32761","below","static","false","false","nonterminal","true","1352","0"
"checking-sacrifice","5N2/5Nk1/8/8/8/8/8/4K3 b - - 0 4","7","7","g7f7","320","1","false","-555","-235","0","0","equal-best","insufficient","false","false","insufficient","false","",""
"checking-sacrifice","5N2/5Nk1/8/8/8/8/8/4K3 b - - 0 4","7","7","g7f8","320","1","false","-555","-235","0","0","equal-best","insufficient","false","false","insufficient","false","",""
"checking-sacrifice","5N2/5pk1/7N/8/8/8/8/4K3 w - - 1 4","6","6","h6f7","100","-1","false","310","410","0","310","below","insufficient","false","false","nonterminal","true","555","-555"
"checking-sacrifice","5b2/5p1k/4N2N/8/8/8/8/4K3 w - - 0 3","4","4","h6f7","100","1","false","3","103","233","233","uniquely-best","static","false","false","nonterminal","true","233","0"
"checking-sacrifice","5Q2/5pbk/4N2N/8/8/8/8/4K3 b - - 0 2","3","3","h7h6","320","1","false","-1046","-726","-1313","-233","below","static","false","false","nonterminal","true","-723","-590"
"checking-sacrifice","5Q2/5pbk/4N2N/8/8/8/8/4K3 b - - 0 2","3","3","g7h6","320","1","false","-1046","-726","-1029","-233","below","static","false","false","nonterminal","true","-809","-220"
"checking-sacrifice","5Q2/5pbk/4N2N/8/8/8/8/4K3 b - - 0 2","3","3","g7f8","975","1","false","-1046","-71","-233","-233","uniquely-best","static","false","false","nonterminal","true","-3","-230"
"checking-sacrifice","5Q2/5pbk/4N2N/8/8/8/8/4K3 b - - 0 2","3","3","f7e6","320","1","false","-1046","-726","-676","-233","below","static","false","false","nonterminal","true","-676","0"
"checking-sacrifice","5r2/5QN1/7k/8/8/8/8/4K3 b - - 0 3","5","5","f8f7","975","1","false","-652","323","470","470","uniquely-best","static","false","false","nonterminal","true","470","0"
"checking-sacrifice","5r2/4QpN1/7k/8/8/8/8/4K3 w - - 0 3","4","4","e7f7","100","-1","false","462","562","-470","1058","below","static","false","false","nonterminal","true","652","-1122"
"checking-sacrifice","5r2/4QpN1/7k/8/8/8/8/4K3 w - - 0 3","4","4","e7f8","500","1","false","462","962","1058","1058","uniquely-best","static","false","false","nonterminal","true","1058","0"
"checking-sacrifice","8/5rk1/7N/8/8/8/8/4K3 w - - 0 4","6","6","h6f7","500","1","false","-469","31","0","0","uniquely-best","insufficient","false","true","insufficient","false","",""
"checking-sacrifice","5k2/5p2/7N/8/8/8/8/4K3 w - - 0 4","6","6","h6f7","100","-1","false","32","132","0","32","below","insufficient","false","false","insufficient","false","",""
"checking-sacrifice","5Q2/5p2/5k1N/8/8/8/8/4K3 w - - 1 4","6","6","h6f7","100","1","false","1105","1205","1317","1438","below","static","false","false","nonterminal","true","1317","0"
"checking-sacrifice","5Q2/5p2/6kN/8/8/8/8/4K3 w - - 1 4","6","6","h6f7","100","1","false","1080","1180","1314","1314","uniquely-best","static","false","false","nonterminal","true","1314","0"
"checking-sacrifice","5Q2/5p1k/7N/8/8/8/8/4K3 w - - 1 4","6","6","h6f7","100","1","false","1113","1213","1379","1379","uniquely-best","static","false","false","nonterminal","true","1379","0"
"checking-sacrifice","5r2/4QNk1/8/8/8/8/8/4K3 b - - 0 3","5","5","f8f7","320","1","false","-702","-382","-459","-459","uniquely-best","static","false","false","nonterminal","true","-459","0"
"checking-sacrifice","5r2/4Qpk1/7N/8/8/8/8/4K3 w - - 0 3","4","4","h6f7","100","-1","false","515","615","459","515","below","static","false","false","nonterminal","true","702","-243"
"checking-sacrifice","5r2/4QpNk/7N/8/8/8/8/4K3 b - - 0 2","3","3","h7h6","320","1","false","-739","-419","-1058","-515","below","static","false","false","nonterminal","true","-462","-596"
"checking-sacrifice","5r2/4QpNk/7N/8/8/8/8/4K3 b - - 0 2","3","3","h7g7","320","1","false","-739","-419","-515","-515","uniquely-best","static","false","false","nonterminal","true","-515","0"
"checking-sacrifice","5N2/5Qb1/7k/8/8/8/8/4K3 b - - 0 3","5","5","g7f8","320","-1","false","-965","-645","-1066","-965","below","static","false","false","nonterminal","true","-792","-274"
"checking-sacrifice","5N2/4Qpb1/7k/8/8/8/8/4K3 w - - 0 3","4","4","e7f7","100","1","false","720","820","965","965","uniquely-best","static","false","false","nonterminal","true","965","0"
"checking-sacrifice","5N1k/5Qb1/7N/8/8/8/8/4K3 b - - 0 3","5","5","g7h6","320","1","false","-1254","-934","-1017","-1017","uniquely-best","static","false","false","nonterminal","true","-1017","0"
"checking-sacrifice","5N1k/5Qb1/7N/8/8/8/8/4K3 b - - 0 3","5","5","g7f8","320","-1","false","-1254","-934","-1344","-1017","below","static","false","false","nonterminal","true","-1019","-325"
"checking-sacrifice","5N1k/4Qpb1/7N/8/8/8/8/4K3 w - - 1 3","4","4","e7f7","100","1","false","974","1074","1017","1214","below","static","false","false","nonterminal","true","1254","-237"
"checking-sacrifice","5b2/4QN1k/8/8/8/8/8/4K3 b - - 0 3","5","5","f8e7","975","1","false","-968","7","104","104","uniquely-best","static","false","false","nonterminal","true","104","0"
"checking-sacrifice","5b2/4Qp1k/7N/8/8/8/8/4K3 w - - 0 3","4","4","e7f8","330","1","false","742","1072","1113","1113","uniquely-best","static","false","false","nonterminal","true","1113","0"
"checking-sacrifice","5b2/4Qp1k/7N/8/8/8/8/4K3 w - - 0 3","4","4","h6f7","100","1","false","742","842","-104","1113","below","static","false","false","nonterminal","true","968","-1072"
"checking-sacrifice","8/4r1Nk/8/8/8/8/8/3K4 b - - 1 4","7","7","h7g7","320","1","false","459","779","721","721","uniquely-best","static","false","false","nonterminal","true","721","0"
"checking-sacrifice","8/4r1Nk/8/8/8/8/8/3K4 b - - 1 4","7","7","e7g7","320","1","false","459","779","687","721","below","static","false","false","nonterminal","true","687","0"
"checking-sacrifice","8/4r1Nk/8/8/8/8/8/5K2 b - - 1 4","7","7","h7g7","320","1","false","469","789","732","732","uniquely-best","static","false","false","nonterminal","true","732","0"
"checking-sacrifice","8/4r1Nk/8/8/8/8/8/5K2 b - - 1 4","7","7","e7g7","320","1","false","469","789","719","732","below","static","false","false","nonterminal","true","719","0"
"checking-sacrifice","8/4r1Nk/8/8/8/8/3K4/8 b - - 1 4","7","7","h7g7","320","1","false","467","787","730","730","uniquely-best","static","false","false","nonterminal","true","730","0"
"checking-sacrifice","8/4r1Nk/8/8/8/8/3K4/8 b - - 1 4","7","7","e7g7","320","1","false","467","787","685","730","below","static","false","false","nonterminal","true","685","0"
"checking-sacrifice","8/4r1Nk/8/8/8/8/5K2/8 b - - 1 4","7","7","h7g7","320","1","false","475","795","741","741","uniquely-best","static","false","false","nonterminal","true","741","0"
"checking-sacrifice","8/4r1Nk/8/8/8/8/5K2/8 b - - 1 4","7","7","e7g7","320","1","false","475","795","728","741","below","static","false","false","nonterminal","true","728","0"
"checking-sacrifice","8/4QrNk/8/8/8/8/8/4K3 b - - 0 3","5","5","h7g7","320","1","false","-620","-300","-459","717","below","static","false","false","nonterminal","true","-459","0"
"checking-sacrifice","8/4QrNk/8/8/8/8/8/4K3 b - - 0 3","5","5","f7g7","320","1","false","-620","-300","-435","717","below","static","false","false","nonterminal","true","-435","0"
"checking-sacrifice","8/4Qrbk/4N3/8/8/8/8/4K3 w - - 0 3","4","4","e7f7","500","1","false","262","762","1021","1021","uniquely-best","static","false","false","nonterminal","true","1021","0"
"checking-sacrifice","8/4Qrbk/4N3/8/8/8/8/4K3 w - - 0 3","4","4","e6g7","330","1","false","262","592","-717","1021","below","static","false","false","nonterminal","true","620","-1337"
"checking-sacrifice","5r2/4QNbk/4N3/8/8/8/8/4K3 b - - 0 2","3","3","f8f7","320","-1","false","-586","-266","-1021","-586","below","static","false","false","nonterminal","true","-262","-759"
"checking-sacrifice","5r2/4Qpbk/4N2N/8/8/8/8/4K3 w - - 0 2","2","2","e7f7","100","-1","false","452","552","218","965","below","static","false","false","nonterminal","true","644","-426"
"checking-sacrifice","5r2/4Qpbk/4N2N/8/8/8/8/4K3 w - - 0 2","2","2","e7f8","500","-1","false","452","952","233","965","below","static","false","false","nonterminal","true","1046","-813"
"checking-sacrifice","5r2/4Qpbk/4N2N/8/8/8/8/4K3 w - - 0 2","2","2","e6g7","330","1","false","452","782","515","965","below","static","false","false","nonterminal","true","739","-224"
"checking-sacrifice","5r2/4Qpbk/4N2N/8/8/8/8/4K3 w - - 0 2","2","2","h6f7","100","1","false","452","552","586","965","below","static","false","false","nonterminal","true","586","0"
"checking-sacrifice","5r1k/5Q1N/4N2b/8/8/8/8/4K3 b - - 0 2","3","3","f8f7","975","1","false","-592","383","554","554","uniquely-best","static","false","false","nonterminal","true","554","0"
"checking-sacrifice","8/5Qbk/4N3/8/8/8/8/4K3 w - - 1 4","6","6","e6g7","330","1","false","1021","1351","1352","32761","below","static","false","false","nonterminal","true","1352","0"
"checking-sacrifice","5N1k/8/4p3/8/8/8/8/4K3 w - - 0 4","6","6","f8e6","100","1","false","-23","77","0","0","uniquely-best","insufficient","false","true","insufficient","false","",""
"checking-sacrifice","5N1k/5p2/4N3/8/8/8/8/4K3 b - - 0 3","5","5","f7e6","320","1","false","-347","-27","0","0","uniquely-best","insufficient","false","true","nonterminal","true","23","-23"
"checking-sacrifice","5b1k/5p1N/4N3/8/8/8/8/4K3 w - - 0 3","4","4","e6f8","330","1","false","-19","311","305","305","uniquely-best","static","false","false","nonterminal","true","305","0"
"checking-sacrifice","5b1k/5p1N/4N3/8/8/8/8/4K3 w - - 0 3","4","4","h7f8","330","1","false","-19","311","0","305","below","insufficient","false","false","nonterminal","true","347","-347"
"checking-sacrifice","5b1k/4Qp1N/8/8/8/8/8/4K3 w - - 0 3","4","4","e7f7","100","1","false","711","811","969","1146","below","static","false","false","nonterminal","true","969","0"
"checking-sacrifice","5b1k/4Qp1N/8/8/8/8/8/4K3 w - - 0 3","4","4","h7f8","330","1","false","711","1041","1073","1146","below","static","false","false","nonterminal","true","1073","0"
"checking-sacrifice","5N1k/4Qp1N/7b/8/8/8/8/4K3 b - - 0 2","3","3","h6f8","320","-1","false","-964","-644","-1146","-964","below","static","false","false","nonterminal","true","-711","-435"
"checking-sacrifice","5b1k/4Qp2/4N3/8/8/8/8/4K3 w - - 0 3","4","4","e7f7","100","1","false","732","832","1030","1396","below","static","false","false","nonterminal","true","1030","0"
"checking-sacrifice","5b1k/4Qp2/4N3/8/8/8/8/4K3 w - - 0 3","4","4","e6f8","330","1","false","732","1062","1073","1396","below","static","false","false","nonterminal","true","1073","0"
"checking-sacrifice","5N1k/8/4Q2b/8/8/8/8/4K3 b - - 0 3","5","5","h6f8","320","1","false","-982","-662","-754","-754","uniquely-best","static","false","false","nonterminal","true","-754","0"
"checking-sacrifice","5N1k/4Q3/4p2b/8/8/8/8/4K3 w - - 0 3","4","4","e7e6","100","1","false","649","749","754","968","below","static","false","false","nonterminal","true","982","-228"
"checking-sacrifice","5N1k/4Q3/4p2b/8/8/8/8/4K3 w - - 0 3","4","4","f8e6","100","1","false","649","749","968","968","uniquely-best","static","false","false","nonterminal","true","968","0"
"checking-sacrifice","5N1k/4Qp2/4N2b/8/8/8/8/4K3 b - - 0 2","3","3","h6f8","320","-1","false","-988","-668","-1396","-968","below","static","false","false","nonterminal","true","-732","-664"
"checking-sacrifice","5N1k/4Qp2/4N2b/8/8/8/8/4K3 b - - 0 2","3","3","f7e6","320","1","false","-988","-668","-968","-968","uniquely-best","static","false","false","nonterminal","true","-649","-319"
"checking-sacrifice","5r1k/4Qp1N/4N2b/8/8/8/8/4K3 w - - 0 2","2","2","e7f7","100","-1","false","420","520","-554","968","below","static","false","false","nonterminal","true","592","-1146"
"checking-sacrifice","5r1k/4Qp1N/4N2b/8/8/8/8/4K3 w - - 0 2","2","2","e6f8","500","1","false","420","920","964","968","below","static","false","false","nonterminal","true","964","0"
"checking-sacrifice","5r1k/4Qp1N/4N2b/8/8/8/8/4K3 w - - 0 2","2","2","h7f8","500","1","false","420","920","968","968","uniquely-best","static","false","false","nonterminal","true","988","-20"
"checking-sacrifice","5N1k/8/4Q2b/8/8/8/8/4K3 b - - 0 3","5","5","h6f8","320","1","false","-982","-662","-754","-754","uniquely-best","static","false","false","nonterminal","true","-754","0"
"checking-sacrifice","5r1k/7N/4Q2b/8/8/8/8/4K3 w - - 0 3","4","4","e6h6","330","1","false","268","598","601","754","below","static","false","false","nonterminal","true","601","0"
"checking-sacrifice","5r1k/7N/4Q2b/8/8/8/8/4K3 w - - 0 3","4","4","h7f8","500","1","false","268","768","754","754","uniquely-best","static","false","false","nonterminal","true","982","-228"
"checking-sacrifice","5r1k/6bN/4Q2N/8/8/8/8/4K3 b - - 0 2","3","3","h8h7","320","1","false","-526","-206","-265","-265","uniquely-best","static","false","false","nonterminal","true","-265","0"
"checking-sacrifice","5r1k/6bN/4Q2N/8/8/8/8/4K3 b - - 0 2","3","3","g7h6","320","-1","false","-526","-206","-754","-265","below","static","false","false","nonterminal","true","-268","-486"
"checking-sacrifice","5N2/8/4p2k/8/8/8/8/4K3 w - - 0 4","6","6","f8e6","100","1","false","-36","64","0","0","uniquely-best","insufficient","false","true","insufficient","false","",""
"checking-sacrifice","5N2/6k1/4p2N/8/8/8/8/4K3 b - - 0 3","5","5","g7h6","320","1","false","-221","99","0","52","below","insufficient","false","false","nonterminal","true","36","-36"
"checking-sacrifice","5N2/6k1/4p2N/8/8/8/8/4K3 b - - 0 3","5","5","g7f8","320","1","false","-221","99","52","52","uniquely-best","static","false","false","nonterminal","true","52","0"
"checking-sacrifice","5r2/6kN/4p2N/8/8/8/8/4K3 w - - 0 3","4","4","h7f8","500","1","false","-468","32","-52","-52","uniquely-best","static","false","false","nonterminal","true","221","-273"
"checking-sacrifice","5b1k/7N/4p2N/8/8/8/8/4K3 w - - 0 3","4","4","h7f8","330","1","false","-120","210","250","250","uniquely-best","static","false","false","nonterminal","true","250","0"
"checking-sacrifice","5N1k/8/4Q2b/8/8/8/8/4K3 b - - 0 3","5","5","h6f8","320","1","false","-982","-662","-754","-754","uniquely-best","static","false","false","nonterminal","true","-754","0"
"checking-sacrifice","5N1k/4Q3/4p2b/8/8/8/8/4K3 w - - 0 3","4","4","e7e6","100","1","false","649","749","754","968","below","static","false","false","nonterminal","true","982","-228"
"checking-sacrifice","5N1k/4Q3/4p2b/8/8/8/8/4K3 w - - 0 3","4","4","f8e6","100","1","false","649","749","968","968","uniquely-best","static","false","false","nonterminal","true","968","0"
"checking-sacrifice","5b1k/8/4Q2N/8/8/8/8/4K3 b - - 0 3","5","5","f8h6","320","-1","false","-960","-640","-1210","-960","below","static","false","false","nonterminal","true","-753","-457"
"checking-sacrifice","5b1k/4Q3/4p2N/8/8/8/8/4K3 w - - 0 3","4","4","e7e6","100","1","false","665","765","960","1054","below","static","false","false","nonterminal","true","960","0"
"checking-sacrifice","5N1k/4Q1b1/4p2N/8/8/8/8/4K3 b - - 0 2","3","3","g7h6","320","1","false","-901","-581","-968","-901","below","static","false","false","nonterminal","true","-649","-319"
"checking-sacrifice","5N1k/4Q1b1/4p2N/8/8/8/8/4K3 b - - 0 2","3","3","g7f8","320","-1","false","-901","-581","-1054","-901","below","static","false","false","nonterminal","true","-665","-389"
"checking-sacrifice","5r1k/4Q1bN/4p2N/8/8/8/8/4K3 w - - 0 2","2","2","e7e6","100","1","false","308","408","265","901","below","static","false","false","nonterminal","true","526","-261"
"checking-sacrifice","5r1k/4Q1bN/4p2N/8/8/8/8/4K3 w - - 0 2","2","2","h7f8","500","1","false","308","808","901","901","uniquely-best","static","false","false","nonterminal","true","901","0"
"checking-sacrifice","5r1k/4QpbN/4N2N/8/8/8/8/4K3 b - - 0 1","1","1","h8h7","320","1","false","-721","-401","-965","-721","below","static","false","false","nonterminal","true","-452","-513"
"checking-sacrifice","5r1k/4QpbN/4N2N/8/8/8/8/4K3 b - - 0 1","1","1","g7h6","320","1","false","-721","-401","-968","-721","below","static","false","false","nonterminal","true","-420","-548"
"checking-sacrifice","5r1k/4QpbN/4N2N/8/8/8/8/4K3 b - - 0 1","1","1","f7e6","320","1","false","-721","-401","-901","-721","below","static","false","false","nonterminal","true","-308","-593"
"checking-sacrifice","7k/5Qbp/4NN2/8/8/8/8/4K3 b - - 0 2","3","3","g7f6","320","-1","false","-1056","-736","-1266","-1056","below","static","false","false","nonterminal","true","-767","-499"
"checking-sacrifice","8/5k1p/5N2/8/8/8/8/4K3 w - - 0 4","6","6","f6h7","100","1","false","76","176","0","76","below","insufficient","false","false","insufficient","false","",""
"checking-sacrifice","8/5Q1p/5N1k/8/8/8/8/4K3 w - - 1 4","6","6","f6h7","100","1","false","1176","1276","0","1489","below","stalemate","false","false","stalemate","false","",""
"checking-sacrifice","7k/5Q1p/5N2/8/8/8/8/4K3 w - - 1 4","6","6","f6h7","100","1","false","1169","1269","0","32761","below","stalemate","false","false","stalemate","false","",""
"checking-sacrifice","8/4r1kN/8/8/8/8/8/3K4 b - - 1 4","7","7","g7h7","320","1","false","481","801","715","715","uniquely-best","static","false","false","nonterminal","true","715","0"
"checking-sacrifice","8/4r1kN/8/8/8/8/8/5K2 b - - 1 4","7","7","g7h7","320","1","false","490","810","726","726","uniquely-best","static","false","false","nonterminal","true","726","0"
"checking-sacrifice","8/4r1kN/8/8/8/8/3K4/8 b - - 1 4","7","7","g7h7","320","1","false","487","807","724","724","uniquely-best","static","false","false","nonterminal","true","724","0"
"checking-sacrifice","8/4r1kN/8/8/8/8/5K2/8 b - - 1 4","7","7","g7h7","320","1","false","497","817","735","735","uniquely-best","static","false","false","nonterminal","true","735","0"
"checking-sacrifice","8/4QrkN/8/8/8/8/8/4K3 b - - 0 3","5","5","g7h7","320","1","false","-684","-364","-1146","715","below","static","false","false","nonterminal","true","-394","-752"
"checking-sacrifice","8/4Qrkp/5N2/8/8/8/8/4K3 w - - 0 3","4","4","f6h7","100","-1","false","465","565","-715","465","below","static","false","false","nonterminal","true","684","-1399"
"checking-sacrifice","7k/4Q1Np/5r2/8/8/8/8/4K3 w - - 0 3","4","4","e7f6","500","1","false","370","870","1100","1100","uniquely-best","static","false","false","nonterminal","true","1100","0"
"checking-sacrifice","8/4r1kN/8/8/8/8/8/3K4 b - - 0 4","7","7","g7h7","320","1","false","481","801","715","715","uniquely-best","static","false","false","nonterminal","true","715","0"
"checking-sacrifice","8/4r1kp/5N2/8/8/8/8/3K4 w - - 0 4","6","6","f6h7","100","-1","false","-662","-562","-715","-662","below","static","false","false","nonterminal","true","-481","-234"
"checking-sacrifice","7k/6rN/8/8/8/8/8/3K4 b - - 0 4","7","7","h8h7","320","1","false","444","764","687","687","uniquely-best","static","false","false","nonterminal","true","687","0"
"checking-sacrifice","7k/6rN/8/8/8/8/8/3K4 b - - 0 4","7","7","g7h7","320","1","false","444","764","676","687","below","static","false","false","nonterminal","true","676","0"
"checking-sacrifice","7k/6rp/5N2/8/8/8/8/3K4 w - - 0 4","6","6","f6h7","100","-1","false","-629","-529","-687","-629","below","static","false","false","nonterminal","true","-444","-243"
"checking-sacrifice","7k/4r1Np/5N2/8/8/8/8/3K4 b - - 1 3","5","5","h8g7","320","1","false","351","671","662","662","uniquely-best","static","false","false","nonterminal","true","662","0"
"checking-sacrifice","7k/4r1Np/5N2/8/8/8/8/3K4 b - - 1 3","5","5","e7g7","320","1","false","351","671","629","662","below","static","false","false","nonterminal","true","629","0"
"checking-sacrifice","8/4r1kN/8/8/8/8/8/5K2 b - - 0 4","7","7","g7h7","320","1","false","490","810","726","726","uniquely-best","static","false","false","nonterminal","true","726","0"
"checking-sacrifice","8/4r1kp/5N2/8/8/8/8/5K2 w - - 0 4","6","6","f6h7","100","-1","false","-670","-570","-726","-670","below","static","false","false","nonterminal","true","-490","-236"
"checking-sacrifice","7k/6rN/8/8/8/8/8/5K2 b - - 0 4","7","7","h8h7","320","1","false","474","794","719","719","uniquely-best","static","false","false","nonterminal","true","719","0"
"checking-sacrifice","7k/6rN/8/8/8/8/8/5K2 b - - 0 4","7","7","g7h7","320","1","false","474","794","693","719","below","static","false","false","nonterminal","true","693","0"
"checking-sacrifice","7k/6rp/5N2/8/8/8/8/5K2 w - - 0 4","6","6","f6h7","100","-1","false","-658","-558","-719","-658","below","static","false","false","nonterminal","true","-474","-245"
"checking-sacrifice","7k/4r1Np/5N2/8/8/8/8/5K2 b - - 1 3","5","5","h8g7","320","1","false","342","662","670","670","uniquely-best","static","false","false","nonterminal","true","670","0"
"checking-sacrifice","7k/4r1Np/5N2/8/8/8/8/5K2 b - - 1 3","5","5","e7g7","320","1","false","342","662","658","670","below","static","false","false","nonterminal","true","658","0"
"checking-sacrifice","8/4r1kN/8/8/8/8/3K4/8 b - - 0 4","7","7","g7h7","320","1","false","487","807","724","724","uniquely-best","static","false","false","nonterminal","true","724","0"
"checking-sacrifice","8/4r1kp/5N2/8/8/8/3K4/8 w - - 0 4","6","6","f6h7","100","-1","false","-657","-557","-724","-657","below","static","false","false","nonterminal","true","-487","-237"
"checking-sacrifice","7k/6rN/8/8/8/8/3K4/8 b - - 0 4","7","7","h8h7","320","1","false","440","760","685","685","uniquely-best","static","false","false","nonterminal","true","685","0"
"checking-sacrifice","7k/6rN/8/8/8/8/3K4/8 b - - 0 4","7","7","g7h7","320","1","false","440","760","674","685","below","static","false","false","nonterminal","true","674","0"
"checking-sacrifice","7k/6rp/5N2/8/8/8/3K4/8 w - - 0 4","6","6","f6h7","100","-1","false","-614","-514","-685","-614","below","static","false","false","nonterminal","true","-440","-245"
"checking-sacrifice","7k/4r1Np/5N2/8/8/8/3K4/8 b - - 1 3","5","5","h8g7","320","1","false","343","663","657","657","uniquely-best","static","false","false","nonterminal","true","657","0"
"checking-sacrifice","7k/4r1Np/5N2/8/8/8/3K4/8 b - - 1 3","5","5","e7g7","320","1","false","343","663","614","657","below","static","false","false","nonterminal","true","614","0"
"checking-sacrifice","8/4r1kN/8/8/8/8/5K2/8 b - - 0 4","7","7","g7h7","320","1","false","497","817","735","735","uniquely-best","static","false","false","nonterminal","true","735","0"
"checking-sacrifice","8/4r1kp/5N2/8/8/8/5K2/8 w - - 0 4","6","6","f6h7","100","-1","false","-666","-566","-735","-666","below","static","false","false","nonterminal","true","-497","-238"
"checking-sacrifice","7k/6rN/8/8/8/8/5K2/8 b - - 0 4","7","7","h8h7","320","1","false","481","801","728","728","uniquely-best","static","false","false","nonterminal","true","728","0"
"checking-sacrifice","7k/6rN/8/8/8/8/5K2/8 b - - 0 4","7","7","g7h7","320","1","false","481","801","691","728","below","static","false","false","nonterminal","true","691","0"
"checking-sacrifice","7k/6rp/5N2/8/8/8/5K2/8 w - - 0 4","6","6","f6h7","100","-1","false","-654","-554","-728","-654","below","static","false","false","nonterminal","true","-481","-247"
"checking-sacrifice","7k/4r1Np/5N2/8/8/8/5K2/8 b - - 1 3","5","5","h8g7","320","1","false","333","653","666","666","uniquely-best","static","false","false","nonterminal","true","666","0"
"checking-sacrifice","7k/4r1Np/5N2/8/8/8/5K2/8 b - - 1 3","5","5","e7g7","320","1","false","333","653","654","666","below","static","false","false","nonterminal","true","654","0"
"checking-sacrifice","7k/6Np/8/8/4r3/8/8/3K4 b - - 1 4","7","7","h8g7","320","1","false","689","1009","954","954","uniquely-best","static","false","false","nonterminal","true","954","0"
"checking-sacrifice","7k/6Np/8/8/4r3/8/8/5K2 b - - 1 4","7","7","h8g7","320","1","false","698","1018","965","965","uniquely-best","static","false","false","nonterminal","true","965","0"
"checking-sacrifice","7k/6Np/8/8/4r3/8/3K4/8 b - - 1 4","7","7","h8g7","320","1","false","699","1019","965","965","uniquely-best","static","false","false","nonterminal","true","965","0"
"checking-sacrifice","7k/6Np/8/8/4r3/8/5K2/8 b - - 1 4","7","7","h8g7","320","1","false","708","1028","976","976","uniquely-best","static","false","false","nonterminal","true","976","0"
"checking-sacrifice","7k/4r1Np/8/8/4N3/8/8/4K3 b - - 1 3","5","5","h8g7","320","1","false","311","631","627","954","below","static","false","false","nonterminal","true","627","0"
"checking-sacrifice","7k/4r1Np/8/8/4N3/8/8/4K3 b - - 1 3","5","5","e7g7","320","1","false","311","631","618","954","below","static","false","false","nonterminal","true","618","0"
"checking-sacrifice","7k/7p/4rN2/8/8/8/8/3K4 b - - 1 4","7","7","e6f6","320","1","false","653","973","917","917","uniquely-best","static","false","false","nonterminal","true","917","0"
"checking-sacrifice","7k/7p/4rN2/8/8/8/3K4/8 b - - 1 4","7","7","e6f6","320","1","false","649","969","904","904","uniquely-best","static","false","false","nonterminal","true","904","0"
"checking-sacrifice","8/6kp/5N2/8/8/8/8/4K3 w - - 0 4","6","6","f6h7","100","-1","false","68","168","0","68","below","insufficient","false","false","insufficient","false","",""
"checking-sacrifice","7k/4r2N/8/8/8/8/8/3K4 b - - 1 4","7","7","h8h7","320","1","false","472","792","715","715","uniquely-best","static","false","false","nonterminal","true","715","0"
"checking-sacrifice","7k/4r2N/8/8/8/8/8/3K4 b - - 1 4","7","7","e7h7","320","1","false","472","792","676","715","below","static","false","false","nonterminal","true","676","0"
"checking-sacrifice","7k/4r2N/8/8/8/8/8/5K2 b - - 1 4","7","7","h8h7","320","1","false","481","801","726","726","uniquely-best","static","false","false","nonterminal","true","726","0"
"checking-sacrifice","7k/4r2N/8/8/8/8/8/5K2 b - - 1 4","7","7","e7h7","320","1","false","481","801","693","726","below","static","false","false","nonterminal","true","693","0"
"checking-sacrifice","7k/4r2N/8/8/8/8/3K4/8 b - - 1 4","7","7","h8h7","320","1","false","478","798","724","724","uniquely-best","static","false","false","nonterminal","true","724","0"
"checking-sacrifice","7k/4r2N/8/8/8/8/3K4/8 b - - 1 4","7","7","e7h7","320","1","false","478","798","674","724","below","static","false","false","nonterminal","true","674","0"
"checking-sacrifice","7k/4r2N/8/8/8/8/5K2/8 b - - 1 4","7","7","h8h7","320","1","false","488","808","735","735","uniquely-best","static","false","false","nonterminal","true","735","0"
"checking-sacrifice","7k/4r2N/8/8/8/8/5K2/8 b - - 1 4","7","7","e7h7","320","1","false","488","808","691","735","below","static","false","false","nonterminal","true","691","0"
"checking-sacrifice","7k/4Q1rN/8/8/8/8/8/4K3 b - - 0 3","5","5","h8h7","320","1","false","-626","-306","-435","715","below","static","false","false","nonterminal","true","-435","0"
"checking-sacrifice","7k/4Q1rN/8/8/8/8/8/4K3 b - - 0 3","5","5","g7h7","320","1","false","-626","-306","-439","715","below","static","false","false","nonterminal","true","-439","0"
"checking-sacrifice","7k/4Q1rp/5N2/8/8/8/8/4K3 w - - 0 3","4","4","f6h7","100","-1","false","434","534","-715","434","below","static","false","false","nonterminal","true","626","-1341"
"checking-sacrifice","7k/4QrNp/5N2/8/8/8/8/4K3 b - - 0 2","3","3","h8g7","320","1","false","-710","-390","-465","657","below","static","false","false","nonterminal","true","-465","0"
"checking-sacrifice","7k/4QrNp/5N2/8/8/8/8/4K3 b - - 0 2","3","3","f7f6","320","-1","false","-710","-390","-1100","657","below","static","false","false","nonterminal","true","-370","-730"
"checking-sacrifice","7k/4QrNp/5N2/8/8/8/8/4K3 b - - 0 2","3","3","f7g7","320","1","false","-710","-390","-434","657","below","static","false","false","nonterminal","true","-434","0"
"checking-sacrifice","8/4r1Nk/8/8/8/8/8/3K4 b - - 1 4","7","7","h7g7","320","1","false","459","779","721","721","uniquely-best","static","false","false","nonterminal","true","721","0"
"checking-sacrifice","8/4r1Nk/8/8/8/8/8/3K4 b - - 1 4","7","7","e7g7","320","1","false","459","779","687","721","below","static","false","false","nonterminal","true","687","0"
"checking-sacrifice","8/4r1Nk/8/8/8/8/8/5K2 b - - 1 4","7","7","h7g7","320","1","false","469","789","732","732","uniquely-best","static","false","false","nonterminal","true","732","0"
"checking-sacrifice","8/4r1Nk/8/8/8/8/8/5K2 b - - 1 4","7","7","e7g7","320","1","false","469","789","719","732","below","static","false","false","nonterminal","true","719","0"
"checking-sacrifice","8/4r1Nk/8/8/8/8/3K4/8 b - - 1 4","7","7","h7g7","320","1","false","467","787","730","730","uniquely-best","static","false","false","nonterminal","true","730","0"
"checking-sacrifice","8/4r1Nk/8/8/8/8/3K4/8 b - - 1 4","7","7","e7g7","320","1","false","467","787","685","730","below","static","false","false","nonterminal","true","685","0"
"checking-sacrifice","8/4r1Nk/8/8/8/8/5K2/8 b - - 1 4","7","7","h7g7","320","1","false","475","795","741","741","uniquely-best","static","false","false","nonterminal","true","741","0"
"checking-sacrifice","8/4r1Nk/8/8/8/8/5K2/8 b - - 1 4","7","7","e7g7","320","1","false","475","795","728","741","below","static","false","false","nonterminal","true","728","0"
"checking-sacrifice","8/4QrNk/8/8/8/8/8/4K3 b - - 0 3","5","5","h7g7","320","1","false","-620","-300","-459","717","below","static","false","false","nonterminal","true","-459","0"
"checking-sacrifice","8/4QrNk/8/8/8/8/8/4K3 b - - 0 3","5","5","f7g7","320","1","false","-620","-300","-435","717","below","static","false","false","nonterminal","true","-435","0"
"checking-sacrifice","8/4Qrbk/4N3/8/8/8/8/4K3 w - - 0 3","4","4","e7f7","500","1","false","262","762","1021","1021","uniquely-best","static","false","false","nonterminal","true","1021","0"
"checking-sacrifice","8/4Qrbk/4N3/8/8/8/8/4K3 w - - 0 3","4","4","e6g7","330","1","false","262","592","-717","1021","below","static","false","false","nonterminal","true","620","-1337"
"checking-sacrifice","7k/4QrbN/4N3/8/8/8/8/4K3 b - - 0 2","3","3","h8h7","320","1","false","-522","-202","-1021","528","below","static","false","false","nonterminal","true","-262","-759"
"checking-sacrifice","7k/4QrbN/4N3/8/8/8/8/4K3 b - - 0 2","3","3","f7e7","975","1","false","-522","453","528","528","uniquely-best","static","false","false","nonterminal","true","528","0"
"checking-sacrifice","7k/4Qrbp/4NN2/8/8/8/8/4K3 w - - 0 2","2","2","e7f7","500","1","false","448","948","1056","1056","uniquely-best","static","false","false","nonterminal","true","1056","0"
"checking-sacrifice","7k/4Qrbp/4NN2/8/8/8/8/4K3 w - - 0 2","2","2","e6g7","330","1","false","448","778","-657","1056","below","static","false","false","nonterminal","true","710","-1367"
"checking-sacrifice","7k/4Qrbp/4NN2/8/8/8/8/4K3 w - - 0 2","2","2","f6h7","100","-1","false","448","548","-528","1056","below","static","false","false","nonterminal","true","522","-1050"
"checking-sacrifice","5r1k/4Qpbp/4NN1N/8/8/8/8/4K3 w - - 0 1","0","0","e7f7","100","-1","false","619","719","794","32765","below","static","false","false","nonterminal","true","794","0"
"checking-sacrifice","5r1k/4Qpbp/4NN1N/8/8/8/8/4K3 w - - 0 1","0","0","e6g7","330","1","false","619","949","803","32765","below","static","false","false","nonterminal","true","803","0"
"checking-sacrifice","5r1k/4Qpbp/4NN1N/8/8/8/8/4K3 w - - 0 1","0","0","e6f8","500","1","false","619","1119","1076","32765","below","static","false","false","nonterminal","true","1078","-2"
"checking-sacrifice","5r1k/4Qpbp/4NN1N/8/8/8/8/4K3 w - - 0 1","0","0","f6h7","100","-1","false","619","719","721","32765","below","static","false","false","nonterminal","true","721","0"
"negative-capture-evasion","8/6b1/2k5/8/3Q4/8/8/6K1 w - - 1 3","4","4","d4g7","330","1","false","904","1234","1111","1111","uniquely-best","static","false","false","nonterminal","true","1111","0"
"negative-capture-evasion","8/6b1/4k3/8/3Q4/8/8/6K1 w - - 1 3","4","4","d4g7","330","1","false","905","1235","1194","1194","uniquely-best","static","false","false","nonterminal","true","1194","0"
"negative-capture-evasion","2k5/6b1/8/8/3Q4/8/8/6K1 w - - 1 3","4","4","d4g7","330","1","false","763","1093","1087","1087","uniquely-best","static","false","false","nonterminal","true","1087","0"
"negative-capture-evasion","4k3/6b1/8/8/3Q4/8/8/6K1 w - - 1 3","4","4","d4g7","330","1","false","765","1095","1155","1155","uniquely-best","static","false","false","nonterminal","true","1155","0"
"negative-capture-evasion","8/5kb1/8/8/3b4/4Q3/8/6K1 w - - 2 2","2","2","e3d4","330","-1","false","363","693","0","363","below","insufficient","false","false","nonterminal","true","738","-738"
"negative-capture-evasion","2k5/6b1/8/8/3Q4/8/8/6K1 w - - 1 3","4","4","d4g7","330","1","false","763","1093","1087","1087","uniquely-best","static","false","false","nonterminal","true","1087","0"
"negative-capture-evasion","4k3/6b1/8/8/3Q4/8/8/6K1 w - - 1 3","4","4","d4g7","330","1","false","765","1095","1155","1155","uniquely-best","static","false","false","nonterminal","true","1155","0"
"negative-capture-evasion","5k2/6b1/8/8/3b4/4Q3/8/6K1 w - - 2 2","2","2","e3d4","330","-1","false","310","640","0","310","below","insufficient","false","false","nonterminal","true","722","-722"
"negative-capture-evasion","3k4/6b1/8/4Q3/8/8/8/6K1 w - - 1 3","4","4","e5g7","330","1","false","800","1130","1088","1088","uniquely-best","static","false","false","nonterminal","true","1088","0"
"negative-capture-evasion","4k3/8/8/4b3/3b4/4Q3/8/6K1 w - - 2 2","2","2","e3d4","330","-1","false","243","573","0","243","below","insufficient","false","false","nonterminal","true","717","-717"
"three-capture-xray","7k/8/8/p7/8/8/8/R6K w - - 0 2","2","2","a1a5","100","1","false","275","375","707","707","uniquely-best","static","false","false","nonterminal","true","707","0"
"three-capture-xray","7k/8/1p6/Q7/8/8/8/R6K b - - 0 1","1","1","b6a5","975","1","false","-1379","-404","-707","-707","uniquely-best","static","false","false","nonterminal","true","-275","-432"
"three-capture-xray","7k/8/1p6/q7/8/Q7/8/R6K w - - 0 1","0","0","a3a5","975","1","false","450","1425","707","707","uniquely-best","static","false","false","nonterminal","true","1379","-672"
"nonchecking-clearance","b1q4k/8/8/2N5/8/8/8/R3K3 b - - 0 1","1","1","c8c5","320","1","false","410","730","393","410","below","static","false","false","nonterminal","true","760","-367"
"nonchecking-clearance","b1q4k/8/8/2p5/N7/8/8/R3K3 w - - 0 1","0","0","a4c5","100","-1","false","-691","-591","-410","-410","uniquely-best","static","false","false","nonterminal","true","-410","0"
"tactical","4k3/8/8/3p4/4P3/8/8/4K3 w - - 0 3","4","4","e4d5","100","1","false","0","100","413","413","uniquely-best","static","false","false","nonterminal","true","413","0"
"tactical","4k3/8/4p3/3P4/4P3/8/8/4K3 b - - 0 2","3","3","e6d5","100","1","false","-174","-74","-413","-174","below","static","false","false","nonterminal","true","0","-413"
"tactical","4k3/8/8/3p4/2P5/8/8/4K3 w - - 0 3","4","4","c4d5","100","1","false","-9","91","413","413","uniquely-best","static","false","false","nonterminal","true","413","0"
"tactical","4k3/8/4p3/3P4/2P5/8/8/4K3 b - - 0 2","3","3","e6d5","100","1","false","-438","-338","-413","-413","uniquely-best","static","false","false","nonterminal","true","9","-422"
"tactical","4k3/8/4p3/3p4/2P1P3/8/8/4K3 w - - 0 2","2","2","c4d5","100","1","false","-34","66","174","413","below","static","false","false","nonterminal","true","174","0"
"tactical","4k3/8/4p3/3p4/2P1P3/8/8/4K3 w - - 0 2","2","2","e4d5","100","1","false","-34","66","413","413","uniquely-best","static","false","false","nonterminal","true","438","-25"
"tactical","4k3/8/8/3p4/4P3/8/8/4K3 w - - 0 3","4","4","e4d5","100","1","false","0","100","413","413","uniquely-best","static","false","false","nonterminal","true","413","0"
"tactical","4k3/8/2p5/3P4/4P3/8/8/4K3 b - - 0 2","3","3","c6d5","100","1","false","-447","-347","-413","-413","uniquely-best","static","false","false","nonterminal","true","0","-413"
"tactical","4k3/8/8/3p4/2P5/8/8/4K3 w - - 0 3","4","4","c4d5","100","1","false","-9","91","413","413","uniquely-best","static","false","false","nonterminal","true","413","0"
"tactical","4k3/8/2p5/3P4/2P5/8/8/4K3 b - - 0 2","3","3","c6d5","100","1","false","-165","-65","-413","-165","below","static","false","false","nonterminal","true","9","-422"
"tactical","4k3/8/2p5/3p4/2P1P3/8/8/4K3 w - - 0 2","2","2","c4d5","100","1","false","-34","66","413","413","uniquely-best","static","false","false","nonterminal","true","447","-34"
"tactical","4k3/8/2p5/3p4/2P1P3/8/8/4K3 w - - 0 2","2","2","e4d5","100","1","false","-34","66","165","413","below","static","false","false","nonterminal","true","165","0"
"tactical","4k3/8/2p1p3/3Q4/2P1P3/8/8/4K3 b - - 0 1","1","1","c6d5","975","1","false","-1142","-167","-413","-413","equal-best","static","false","false","nonterminal","true","34","-447"
"tactical","4k3/8/2p1p3/3Q4/2P1P3/8/8/4K3 b - - 0 1","1","1","e6d5","975","1","false","-1142","-167","-413","-413","equal-best","static","false","false","nonterminal","true","34","-447"
"tactical","4k3/8/8/3p4/4P3/8/8/4K3 w - - 0 3","4","4","e4d5","100","1","false","0","100","413","413","uniquely-best","static","false","false","nonterminal","true","413","0"
"tactical","4k3/8/4p3/3Q4/4P3/8/8/4K3 b - - 0 2","3","3","e6d5","975","1","false","-1154","-179","-413","-413","uniquely-best","static","false","false","nonterminal","true","0","-413"
"tactical","4k3/8/8/3p4/8/3Q4/8/4K3 w - - 0 3","4","4","d3d5","100","1","false","675","775","1187","1187","uniquely-best","static","false","false","nonterminal","true","1187","0"
"tactical","4k3/8/4p3/3P4/8/3Q4/8/4K3 b - - 0 2","3","3","e6d5","100","1","false","-1072","-972","-1187","-1072","below","static","false","false","nonterminal","true","-675","-512"
"tactical","4k3/8/4p3/3p4/4P3/3Q4/8/4K3 w - - 0 2","2","2","d3d5","100","-1","false","912","1012","413","1072","below","static","false","false","nonterminal","true","1154","-741"
"tactical","4k3/8/4p3/3p4/4P3/3Q4/8/4K3 w - - 0 2","2","2","e4d5","100","1","false","912","1012","1072","1072","uniquely-best","static","false","false","nonterminal","true","1072","0"
"tactical","4k3/8/8/3p4/4P3/8/8/4K3 w - - 0 3","4","4","e4d5","100","1","false","0","100","413","413","uniquely-best","static","false","false","nonterminal","true","413","0"
"tactical","4k3/8/2p5/3Q4/4P3/8/8/4K3 b - - 0 2","3","3","c6d5","975","1","false","-1111","-136","-413","-413","uniquely-best","static","false","false","nonterminal","true","0","-413"
"tactical","4k3/8/8/3p4/8/3Q4/8/4K3 w - - 0 3","4","4","d3d5","100","1","false","675","775","1187","1187","uniquely-best","static","false","false","nonterminal","true","1187","0"
"tactical","4k3/8/2p5/3P4/8/3Q4/8/4K3 b - - 0 2","3","3","c6d5","100","1","false","-1072","-972","-1187","-1072","below","static","false","false","nonterminal","true","-675","-512"
"tactical","4k3/8/2p5/3p4/4P3/3Q4/8/4K3 w - - 0 2","2","2","d3d5","100","-1","false","690","790","413","1072","below","static","false","false","nonterminal","true","1111","-698"
"tactical","4k3/8/2p5/3p4/4P3/3Q4/8/4K3 w - - 0 2","2","2","e4d5","100","1","false","690","790","1072","1072","uniquely-best","static","false","false","nonterminal","true","1072","0"
"tactical","4k3/8/2p1p3/3P4/4P3/3Q4/8/4K3 b - - 0 1","1","1","c6d5","100","1","false","-1115","-1015","-1072","-1072","equal-best","static","false","false","nonterminal","true","-912","-160"
"tactical","4k3/8/2p1p3/3P4/4P3/3Q4/8/4K3 b - - 0 1","1","1","e6d5","100","1","false","-1115","-1015","-1072","-1072","equal-best","static","false","false","nonterminal","true","-690","-382"
"tactical","4k3/8/8/3p4/2P5/8/8/4K3 w - - 0 3","4","4","c4d5","100","1","false","-9","91","413","413","uniquely-best","static","false","false","nonterminal","true","413","0"
"tactical","4k3/8/4p3/3Q4/2P5/8/8/4K3 b - - 0 2","3","3","e6d5","975","1","false","-1074","-99","-413","-413","uniquely-best","static","false","false","nonterminal","true","9","-422"
"tactical","4k3/8/8/3p4/8/3Q4/8/4K3 w - - 0 3","4","4","d3d5","100","1","false","675","775","1187","1187","uniquely-best","static","false","false","nonterminal","true","1187","0"
"tactical","4k3/8/4p3/3P4/8/3Q4/8/4K3 b - - 0 2","3","3","e6d5","100","1","false","-1072","-972","-1187","-1072","below","static","false","false","nonterminal","true","-675","-512"
"tactical","4k3/8/4p3/3p4/2P5/3Q4/8/4K3 w - - 0 2","2","2","d3d5","100","-1","false","682","782","413","1072","below","static","false","false","nonterminal","true","1074","-661"
"tactical","4k3/8/4p3/3p4/2P5/3Q4/8/4K3 w - - 0 2","2","2","c4d5","100","1","false","682","782","1072","1072","uniquely-best","static","false","false","nonterminal","true","1072","0"
"tactical","4k3/8/8/3p4/2P5/8/8/4K3 w - - 0 3","4","4","c4d5","100","1","false","-9","91","413","413","uniquely-best","static","false","false","nonterminal","true","413","0"
"tactical","4k3/8/2p5/3Q4/2P5/8/8/4K3 b - - 0 2","3","3","c6d5","975","1","false","-1175","-200","-413","-413","uniquely-best","static","false","false","nonterminal","true","9","-422"
"tactical","4k3/8/8/3p4/8/3Q4/8/4K3 w - - 0 3","4","4","d3d5","100","1","false","675","775","1187","1187","uniquely-best","static","false","false","nonterminal","true","1187","0"
"tactical","4k3/8/2p5/3P4/8/3Q4/8/4K3 b - - 0 2","3","3","c6d5","100","1","false","-1072","-972","-1187","-1072","below","static","false","false","nonterminal","true","-675","-512"
"tactical","4k3/8/2p5/3p4/2P5/3Q4/8/4K3 w - - 0 2","2","2","d3d5","100","-1","false","904","1004","413","1072","below","static","false","false","nonterminal","true","1175","-762"
"tactical","4k3/8/2p5/3p4/2P5/3Q4/8/4K3 w - - 0 2","2","2","c4d5","100","1","false","904","1004","1072","1072","uniquely-best","static","false","false","nonterminal","true","1072","0"
"tactical","4k3/8/2p1p3/3P4/2P5/3Q4/8/4K3 b - - 0 1","1","1","c6d5","100","1","false","-1108","-1008","-1072","-1072","equal-best","static","false","false","nonterminal","true","-682","-390"
"tactical","4k3/8/2p1p3/3P4/2P5/3Q4/8/4K3 b - - 0 1","1","1","e6d5","100","1","false","-1108","-1008","-1072","-1072","equal-best","static","false","false","nonterminal","true","-904","-168"
"tactical","4k3/8/2p1p3/3q4/2P1P3/3Q4/8/4K3 w - - 0 1","0","0","d3d5","975","1","false","14","989","413","1072","below","static","false","false","nonterminal","true","1142","-729"
"tactical","4k3/8/2p1p3/3q4/2P1P3/3Q4/8/4K3 w - - 0 1","0","0","c4d5","975","1","false","14","989","1072","1072","equal-best","static","false","false","nonterminal","true","1115","-43"
"tactical","4k3/8/2p1p3/3q4/2P1P3/3Q4/8/4K3 w - - 0 1","0","0","e4d5","975","1","false","14","989","1072","1072","equal-best","static","false","false","nonterminal","true","1108","-36"
"mate-five","8/5krR/5B2/8/8/8/8/4K2R w - - 0 3","4","4","f6g7","500","1","false","1106","1606","1765","1765","uniquely-best","static","false","false","nonterminal","true","1765","0"
"mate-five","6k1/5R2/5B2/8/8/8/8/4K2R b - - 0 3","5","5","g8f7","500","1","false","-1871","-1371","-1098","-1098","uniquely-best","static","false","false","nonterminal","true","-1098","0"
"mate-five","6k1/5r1R/5B2/8/8/8/8/4K2R w - - 0 3","4","4","h7f7","500","1","false","1141","1641","1098","1141","below","static","false","false","nonterminal","true","1871","-773"
"mate-five","6k1/5pBR/4Q3/8/8/8/8/4K2R b - - 0 2","3","3","f7e6","975","1","false","-2724","-1749","-1489","-1489","uniquely-best","static","false","false","nonterminal","true","-1489","0"
"mate-five","6k1/5prR/4QB2/8/8/8/8/4K2R w - - 1 2","2","2","f6g7","500","1","false","1934","2434","1489","32763","below","static","false","false","nonterminal","true","2724","-1235"
"mate-five","6k1/5p1R/4Q3/8/8/8/8/4K2R w - - 1 3","4","4","h7f7","100","1","false","2383","2483","0","32763","below","stalemate","false","false","stalemate","false","",""
"mate-five","8/5kBp/8/8/8/7R/8/4K2R w - - 0 3","4","4","h3h7","100","1","false","1502","1602","1765","1765","uniquely-best","static","false","false","nonterminal","true","1765","0"
"mate-five","6k1/5pBR/4Q3/8/8/8/8/4K2R b - - 0 2","3","3","f7e6","975","1","false","-2724","-1749","-1489","-1489","uniquely-best","static","false","false","nonterminal","true","-1489","0"
"mate-five","6k1/5pBp/4Q3/8/8/7R/8/4K2R w - - 1 2","2","2","h3h7","100","1","false","2401","2501","1489","2401","below","static","false","false","nonterminal","true","2724","-1235"
"mate-five","7k/5prp/4QB2/8/8/7R/8/4K2R w - - 0 1","0","0","e6f7","100","1","false","1627","1727","1908","32763","below","static","false","false","nonterminal","true","1908","0"
"draw-five","7k/2b4n/1p6/8/2K5/q7/8/R7 w - - 0 2","2","2","a1a3","975","1","false","-1344","-369","-152","-152","uniquely-best","static","false","false","nonterminal","true","-152","0"
"draw-five","7k/2b4n/1p6/q7/2K5/Q7/8/R7 b - - 1 1","1","1","a5a3","975","1","false","312","1287","152","312","below","static","false","false","nonterminal","true","1344","-1192"
"draw-five","7k/2K4n/1p6/8/8/8/8/q7 w - - 0 3","4","4","c7b6","100","1","false","-1805","-1705","-1336","-1336","uniquely-best","static","false","false","nonterminal","true","-1336","0"
"draw-five","7k/2K4n/1p6/8/8/q7/8/R7 b - - 0 2","3","3","a3a1","500","1","false","833","1333","1336","1336","uniquely-best","static","false","false","nonterminal","true","1805","-469"
"draw-five","7k/2b4n/1pK5/8/8/q7/8/R7 w - - 0 2","2","2","c6c7","330","1","false","-1228","-898","-1336","-171","below","static","false","false","nonterminal","true","-833","-503"
"draw-five","7k/2b4n/1pK5/8/8/q7/8/R7 w - - 0 2","2","2","a1a3","975","1","false","-1228","-253","-171","-171","uniquely-best","static","false","false","nonterminal","true","-171","0"
"draw-five","7k/2b4n/1pK5/q7/8/Q7/8/R7 b - - 1 1","1","1","a5a3","975","1","false","277","1252","171","277","below","static","false","false","nonterminal","true","1228","-1057"
"draw-five","7k/7n/8/bK6/8/8/8/8 w - - 0 3","4","4","b5a5","330","1","false","-605","-275","0","0","uniquely-best","insufficient","false","true","insufficient","false","",""
"draw-five","7k/2b4n/8/RK6/8/8/8/8 b - - 0 2","3","3","c7a5","500","1","false","-34","466","0","0","uniquely-best","insufficient","false","true","nonterminal","true","605","-605"
"draw-five","7k/2b4n/8/pK6/8/8/8/R7 w - - 0 2","2","2","a1a5","100","-1","false","-232","-132","0","0","uniquely-best","insufficient","false","true","nonterminal","true","34","-34"
"draw-five","7k/2b4n/1p6/QK6/8/8/8/R7 b - - 0 1","1","1","b6a5","975","1","false","-805","170","0","0","uniquely-best","insufficient","false","true","nonterminal","true","232","-232"
"first-after-capture-mate","6Nk/6pp/8/8/8/8/8/4K3 b - - 0 2","2","2","h8g8","320","1","false","294","614","546","546","uniquely-best","static","false","false","nonterminal","true","546","0"
"first-after-capture-mate","6rk/6pp/7N/8/8/8/8/4K3 w - - 0 2","1","1","h6g8","500","1","false","-952","-452","-546","-546","uniquely-best","static","false","false","nonterminal","true","-294","-252"
"capture-allows-queen-fork","4k3/8/8/8/5n2/1r6/P4Q2/4K3 w - - 0 1","0","0","f2f4","320","1","false","200","520","593","944","below","static","false","false","nonterminal","true","593","0"
"capture-allows-queen-fork","4k3/8/8/8/5n2/1r6/P4Q2/4K3 w - - 0 1","0","0","a2b3","500","1","false","200","700","944","944","uniquely-best","static","false","false","nonterminal","true","944","0"
"deeper-two-reply-fork","4k3/8/8/8/5Q2/1rp5/P7/4K1b1 w - - 0 2","2","2","a2b3","500","1","false","-194","306","548","548","uniquely-best","static","false","false","nonterminal","true","548","0"
"deeper-two-reply-fork","4k3/8/8/8/5Q2/1rp5/P7/4K1n1 w - - 0 2","2","2","a2b3","500","1","false","-46","454","660","660","uniquely-best","static","false","false","nonterminal","true","660","0"
"deeper-two-reply-fork","4k3/8/8/8/5n2/1Pp5/5Q2/4K1b1 w - - 0 2","2","2","f2g1","330","1","false","167","497","495","548","below","static","false","false","nonterminal","true","495","0"
"deeper-two-reply-fork","4k3/8/8/8/5n2/1Pp5/5Q2/4K1b1 w - - 0 2","2","2","f2f4","320","1","false","167","487","548","548","uniquely-best","static","false","false","nonterminal","true","548","0"
"deeper-two-reply-fork","4k3/8/8/8/5n2/1Pp5/5Q2/4K1n1 w - - 0 2","2","2","f2g1","320","1","false","255","575","495","660","below","static","false","false","nonterminal","true","495","0"
"deeper-two-reply-fork","4k3/8/8/8/5n2/1Pp5/5Q2/4K1n1 w - - 0 2","2","2","f2f4","320","1","false","255","575","660","660","uniquely-best","static","false","false","nonterminal","true","660","0"
"deeper-two-reply-fork","4k3/8/8/8/5n2/1rp5/P4Qp1/4K3 w - - 0 1","0","0","f2g2","100","-1","false","-665","-565","-1195","41","below","static","false","false","nonterminal","true","-182","-1013"
"deeper-two-reply-fork","4k3/8/8/8/5n2/1rp5/P4Qp1/4K3 w - - 0 1","0","0","f2f4","320","1","false","-665","-345","-944","41","below","static","false","false","nonterminal","true","-261","-683"
"deeper-two-reply-fork","4k3/8/8/8/5n2/1rp5/P4Qp1/4K3 w - - 0 1","0","0","a2b3","500","1","false","-665","-165","41","41","uniquely-best","static","false","false","nonterminal","true","41","0"
"deeper-one-reply-fork","4k3/8/8/8/5n2/1rp5/P5p1/4K3 w - - 0 2","2","2","a2b3","500","1","false","-2056","-1556","-32764","-2056","below","mate","false","false","nonterminal","true","-1612","-31152"
"deeper-one-reply-fork","4k3/8/8/8/5n2/1rp2p2/P5Q1/4K3 b - - 0 1","1","1","f3g2","975","1","false","631","1606","2056","2056","uniquely-best","static","false","false","nonterminal","true","2056","0"
"deeper-one-reply-fork","4k3/8/8/8/5n2/1rQ5/P7/4K1b1 b - - 0 2","3","3","b3c3","975","1","false","155","1130","1195","1195","uniquely-best","static","false","false","nonterminal","true","1195","0"
"deeper-one-reply-fork","4k3/8/8/8/5n2/1rp2Q2/P7/4K1b1 w - - 0 2","2","2","f3c3","100","-1","false","-529","-429","-1195","164","below","static","false","false","nonterminal","true","-155","-1040"
"deeper-one-reply-fork","4k3/8/8/8/5n2/1rp2Q2/P7/4K1b1 w - - 0 2","2","2","f3f4","320","1","false","-529","-209","-194","164","below","static","false","false","nonterminal","true","-194","0"
"deeper-one-reply-fork","4k3/8/8/8/5n2/1rp2Q2/P7/4K1b1 w - - 0 2","2","2","a2b3","500","1","false","-529","-29","164","164","uniquely-best","static","false","false","nonterminal","true","164","0"
"deeper-one-reply-fork","4k3/8/8/8/5n2/1rQ5/P7/4K1n1 b - - 0 2","3","3","b3c3","975","1","false","54","1029","1080","1080","uniquely-best","static","false","false","nonterminal","true","1080","0"
"deeper-one-reply-fork","4k3/8/8/8/5n2/1rp2Q2/P7/4K1n1 w - - 0 2","2","2","f3c3","100","-1","false","-437","-337","-1080","-46","below","static","false","false","nonterminal","true","-54","-1026"
"deeper-one-reply-fork","4k3/8/8/8/5n2/1rp2Q2/P7/4K1n1 w - - 0 2","2","2","f3f4","320","1","false","-437","-117","-46","-46","uniquely-best","static","false","false","nonterminal","true","-46","0"
"deeper-one-reply-fork","4k3/8/8/8/5n2/1rp2Q2/P7/4K1n1 w - - 0 2","2","2","a2b3","500","1","false","-437","63","-722","-46","below","static","false","false","nonterminal","true","263","-985"
"deeper-one-reply-fork","4k3/8/8/8/5n2/1Pp2p2/5Q2/4K1b1 w - - 0 2","2","2","f2g1","330","1","false","-270","60","61","164","below","static","false","false","nonterminal","true","61","0"
"deeper-one-reply-fork","4k3/8/8/8/5n2/1Pp2p2/5Q2/4K1b1 w - - 0 2","2","2","f2f3","100","1","false","-270","-170","164","164","uniquely-best","static","false","false","nonterminal","true","164","0"
"deeper-one-reply-fork","4k3/8/8/8/5n2/1Pp2p2/5Q2/4K1n1 w - - 0 2","2","2","f2g1","320","1","false","-187","133","61","61","uniquely-best","static","false","false","nonterminal","true","61","0"
"deeper-one-reply-fork","4k3/8/8/8/5n2/1Pp2p2/5Q2/4K1n1 w - - 0 2","2","2","f2f3","100","-1","false","-187","-87","-722","61","below","static","false","false","nonterminal","true","263","-985"
"deeper-one-reply-fork","4k3/8/8/8/5n2/1rp2p2/P4Qp1/4K3 w - - 0 1","0","0","f2g2","100","-1","false","-1138","-1038","-2056","-436","below","static","false","false","nonterminal","true","-631","-1425"
"deeper-one-reply-fork","4k3/8/8/8/5n2/1rp2p2/P4Qp1/4K3 w - - 0 1","0","0","f2f3","100","1","false","-1138","-1038","-1623","-436","below","static","false","false","nonterminal","true","-652","-971"
"deeper-one-reply-fork","4k3/8/8/8/5n2/1rp2p2/P4Qp1/4K3 w - - 0 1","0","0","a2b3","500","1","false","-1138","-638","-436","-436","uniquely-best","static","false","false","nonterminal","true","-436","0"
"nonchecking-capture-dead-draw","4k3/8/8/8/8/8/3r4/4K3 w - - 0 1","0","0","e1d2","500","1","false","-781","-281","0","0","uniquely-best","insufficient","false","true","insufficient","false","",""
"capture-to-stalemate","k7/8/1p2Q3/4K3/8/8/8/8 w - - 0 1","0","0","e6b6","100","1","false","789","889","0","789","below","stalemate","false","false","stalemate","false","",""
